board_rank,class_year,player_id,name,position,committed_team,commitment_type,is_signed_or_enrolled,is_power_team_guess,live_commitment_strength_score,commitment_strength_score,live_strength_tier,model_decommit_flip_probability,model_stick_probability,estimated_decommit_flip_probability,estimated_stick_probability,historical_bucket_decommit_flip_rate,star_bucket,national_rank,committed_date,high_school,home_state,home_city,home_lat,home_lon,college_state,college_lat,college_lon,home_to_school_miles,distance_bucket,geography_precision,post_commit_other_school_official_visits,post_commit_other_school_visits,post_commit_other_school_offers,post_commit_committed_school_visits,why_flagged,profile_url
1,2024,46113642,Kam Davis,RB,Florida State,Enrolled,yes,yes,29,29,Weak / Attack,97.6%,2.4%,55.0%,45.0%,55.0%,4-star,98,2/25/2021,"Dougherty (Albany, GA)",GA,Albany,31.578117,-84.176224,FL,30.453529,-84.252272,78,nearby,city,0,0,0,0,very early commit; first commitment; only commit at position; 4-star,https://247sports.com/player/kam-davis-46113642/high-school-261936/
2,2024,46125466,Dallin Johnson,DL,BYU,Enrolled,yes,yes,34.2,35,Weak / Attack,93.4%,6.6%,55.0%,45.0%,55.0%,3-star,NA,6/12/2021,"Springville (Springville, UT)",UT,Springville,40.164273,-111.619525,UT,40.245312,-111.645057,6,nearby,city,0,0,1,0,very early commit; first commitment; only commit at position; other-school offers after commit,https://247sports.com/player/dallin-johnson-46125466/high-school-271138/
3,2026,46141067,Tony Cumberland,DL,Oregon,Enrolled,yes,yes,34,34,Weak / Attack,91.5%,8.5%,55.0%,45.0%,55.0%,4-star,60,9/23/2023,"Willamette (Eugene, OR)",OR,Eugene,44.056848,-123.119019,OR,44.056848,-123.119019,0,in_state,city,0,0,0,0,very early commit; first commitment; only commit at position; 4-star,https://247sports.com/player/tony-cumberland-46141067/high-school-315597/
4,2023,46103492,Datrell Jones,RB,Boston College,Enrolled,yes,yes,34.2,35,Weak / Attack,90.3%,9.7%,55.0%,45.0%,55.0%,3-star,611,8/5/2020,"Catholic Memorial (West Roxbury, MA)",MA,West Roxbury,,,MA,42.2,-71.8,0,in_state,state,0,0,1,0,very early commit; first commitment; only commit at position; other-school offers after commit,https://247sports.com/player/datrell-jones-46103492/high-school-254471/
5,2027,46156736,Tyler Reid,RB,Pittsburgh,Hard Commit,no,yes,29.8,30,Weak / Attack,89.8%,10.2%,55.0%,45.0%,55.0%,3-star,754,3/6/2025,"St. Thomas Aquinas (Miramar, FL)",FL,Miramar,25.972529,-80.338582,PA,40.439936,-79.975676,1000,far,city,0,0,3,1,very early commit; first commitment; only commit at position; far; other-school offers after commit,https://247sports.com/player/tyler-reid-46156736/high-school-332394/
6,2027,46156635,Jacob Thomas,WR,Pittsburgh,Hard Commit,no,yes,13,33,Weak / Attack,89.3%,10.7%,55.0%,45.0%,55.0%,3-star,859,3/1/2025,"Flanagan (Hollywood, FL)",FL,Hollywood,26.030967,-80.164609,PA,40.439936,-79.975676,996,far,city,3,3,21,1,very early commit; first commitment; thin position group; far; other-school OV after commit,https://247sports.com/player/jacob-thomas-46156635/high-school-332006/
7,2027,46144117,Tank White,ATH,Syracuse,Hard Commit,no,yes,31.0,34,Weak / Attack,89.1%,10.9%,55.0%,45.0%,55.0%,3-star,NA,6/7/2024,"Melbourne Central Catholic (Melbourne, FL)",FL,Melbourne,28.110438,-80.662717,NY,43.040998,-76.143554,1062,far,city,0,0,4,0,very early commit; first commitment; thin position group; far; other-school offers after commit,https://247sports.com/player/tank-white-46144117/high-school-302311/
8,2022,46085471,Jaiven Plummer,WR,California,Enrolled,yes,yes,5,25,Weak / Attack,88.3%,11.7%,55.0%,45.0%,55.0%,3-star,759,7/21/2020,"Episcopal (Alexandria, VA)",VA,Alexandria,38.819251,-77.08367,CA,37.865673,-122.298725,2426,cross_country,city,4,4,17,0,very early commit; first commitment; only commit at position; cross country; other-school OV after commit,https://247sports.com/player/jaiven-plummer-46085471/high-school-254726/
9,2023,46103170,Pearce Spurlin III,TE,Georgia,Enrolled,yes,yes,32,32,Weak / Attack,87.8%,12.2%,55.0%,45.0%,55.0%,4-star,77,9/30/2020,"South Walton (Santa Rosa Beach, FL)",FL,Santa Rosa Beach,,,GA,32.7,-83.3,288,regional,state,0,0,0,0,very early commit; first commitment; thin position group; 4-star,https://247sports.com/player/pearce-spurlin-iii-46103170/high-school-253921/
10,2025,46136240,Karle Lacey Jr.,QB,Texas,Enrolled,yes,yes,27,27,Weak / Attack,85.9%,14.1%,55.0%,45.0%,55.0%,4-star,156,6/3/2023,"Saraland (Saraland, AL)",AL,Saraland,30.854573,-88.109844,TX,30.298622,-97.754134,575,regional,city,0,0,0,0,very early commit; first commitment; only commit at position; 4-star,https://247sports.com/player/karle-lacey-jr-46136240/high-school-286152/
11,2026,46141498,Tre Bell III,S,Florida State,Enrolled,yes,yes,32,32,Weak / Attack,85.5%,14.5%,55.0%,45.0%,55.0%,4-star,389,10/10/2023,"Barbara Goleman (Hialeah, FL)",FL,Hialeah,25.869941,-80.302865,FL,30.453529,-84.252272,398,regional,city,0,0,0,0,very early commit; first commitment; thin position group; 4-star,https://247sports.com/player/tre-bell-iii-46141498/high-school-296398/
12,2026,46137912,EJ White,ATH,Florida State,Enrolled,yes,yes,32,32,Weak / Attack,84.6%,15.4%,55.0%,45.0%,55.0%,4-star,269,12/12/2023,"Vero Beach (Vero Beach, FL)",FL,Vero Beach,27.64722,-80.393136,FL,30.453529,-84.252272,303,regional,city,0,0,0,0,very early commit; first commitment; thin position group; 4-star,https://247sports.com/player/ej-white-46137912/high-school-289715/
13,2027,46157065,Travis Miles,S,Syracuse,Hard Commit,no,yes,40,40,Weak / Attack,84.1%,15.9%,55.0%,45.0%,55.0%,3-star,732,3/26/2025,"Hillside (Hillside, NJ)",NJ,Hillside,,,NY,43.040998,-76.143554,220,nearby,state,0,0,0,0,very early commit; first commitment; thin position group,https://247sports.com/player/travis-miles-46157065/high-school-334203/
14,2023,46083896,Lamont Green Jr.,Edge,Florida State,Enrolled,yes,yes,25.2,30,Weak / Attack,83.0%,17.0%,55.0%,45.0%,55.0%,4-star,297,2/19/2021,"Gulliver Prep (Miami, FL)",FL,Miami,25.775163,-80.208615,FL,30.453529,-84.252272,406,regional,city,0,4,1,4,very early commit; first commitment; only commit at position; 4-star; other-school visit after commit,https://247sports.com/player/lamont-green-jr-46083896/high-school-249886/
15,2023,46086674,Mega Barnwell,ATH,Penn State,Enrolled,yes,yes,29,29,Weak / Attack,82.7%,17.3%,55.0%,45.0%,55.0%,4-star,418,9/25/2021,"Riverbend (Fredericksburg, VA)",VA,Fredericksburg,38.299272,-77.486658,PA,40.791039,-77.856813,173,nearby,city,0,0,0,0,very early commit; first commitment; only commit at position; 4-star,https://247sports.com/player/mega-barnwell-46086674/high-school-255307/
16,2025,46131143,Jack Van Dorselaer,ATH,Tennessee,Enrolled,yes,yes,43.0,44,Weak / Attack,82.5%,17.5%,55.0%,45.0%,55.0%,4-star,374,1/7/2024,"Southlake Carroll (Southlake, TX)",TX,Southlake,32.954493,-97.148867,TN,35.97068,-83.94927,780,far,city,0,1,0,1,early commit; first commitment; only commit at position; far; 4-star,https://247sports.com/player/jack-van-dorselaer-46131143/high-school-277150/
17,2024,46117038,Cody Fox,IOL,Iowa,Enrolled,yes,yes,36,36,Weak / Attack,81.6%,18.4%,55.0%,45.0%,55.0%,4-star,409,6/19/2021,"East Buchanan (Winthrop, IA)",IA,Winthrop,42.470766,-91.737378,IA,41.655661,-91.530859,57,nearby,city,0,0,0,1,very early commit; first commitment; thin position group; 4-star,https://247sports.com/player/cody-fox-46117038/high-school-267058/
18,2023,46103493,Jaedn Skeete,WR,Boston College,Enrolled,yes,yes,40,40,Weak / Attack,81.2%,18.8%,55.0%,45.0%,55.0%,3-star,593,8/5/2020,"Catholic Memorial (West Roxbury, MA)",MA,West Roxbury,,,MA,42.2,-71.8,0,in_state,state,0,0,0,0,very early commit; first commitment; thin position group,https://247sports.com/player/jaedn-skeete-46103493/high-school-254472/
19,2024,46111524,Camdon Frier,WR,Florida State,Enrolled,yes,yes,31.0,34,Weak / Attack,80.6%,19.4%,55.0%,45.0%,55.0%,4-star,481,1/29/2022,"Columbia (Lake City, FL)",FL,Lake City,30.188638,-82.642246,FL,30.453529,-84.252272,98,nearby,city,0,4,4,6,very early commit; first commitment; thin position group; 4-star; other-school visit after commit,https://247sports.com/player/camdon-frier-46111524/high-school-259556/
20,2024,46122966,Eric Brantley Jr.,DL,Colorado,Enrolled,yes,yes,53,53,Vulnerable,80.1%,19.9%,33.4%,66.6%,33.4%,3-star,616,12/28/2022,"Valdosta (Valdosta, GA)",GA,Valdosta,30.850126,-83.278833,CO,40.024431,-105.251251,1385,far,city,0,0,0,0,early commit; first commitment; thin position group; far,https://247sports.com/player/eric-brantley-jr-46122966/high-school-270632/
21,2025,46132544,Caden VerMaas,S,Nebraska,Enrolled,yes,yes,29.0,35,Weak / Attack,79.7%,20.3%,55.0%,45.0%,55.0%,3-star,769,4/20/2023,"Millard North (Omaha, NE)",NE,Omaha,41.262705,-96.053475,NE,40.810284,-96.674856,45,nearby,city,1,1,0,0,very early commit; first commitment; only commit at position; other-school OV after commit,https://247sports.com/player/caden-vermaas-46132544/high-school-278961/
22,2024,46134924,Jayden Moore,WR,Duke,Enrolled,yes,yes,31,31,Weak / Attack,79.7%,20.3%,55.0%,45.0%,55.0%,3-star,NA,6/18/2022,"Loyola Blakefield (Towson, MD)",MD,Towson,39.39421,-76.617751,NC,35.977928,-78.898109,267,regional,city,0,0,0,2,very early commit; first commitment; only commit at position,https://247sports.com/player/jayden-moore-46134924/high-school-283100/
23,2026,46145279,Trey Brown,CB,Kansas,Enrolled,yes,yes,28,28,Weak / Attack,79.4%,20.6%,55.0%,45.0%,55.0%,3-star,NA,11/28/2024,"Sierra Canyon (Chatsworth, CA)",CA,Chatsworth,,,KS,38.959551,-95.265468,1321,far,state,0,0,0,0,very early commit; first commitment; only commit at position; far,https://247sports.com/player/trey-brown-46145279/high-school-323292/
24,2026,46131875,Dia Bell,QB,Texas,Enrolled,yes,yes,17.2,22,Weak / Attack,79.3%,20.7%,55.0%,45.0%,55.0%,5-star,18,6/17/2024,"American Heritage (Fort Lauderdale, FL)",FL,Fort Lauderdale,26.141227,-80.146731,TX,30.298622,-97.754134,1108,far,city,0,1,5,1,very early commit; first commitment; only commit at position; far; 5-star,https://247sports.com/player/dia-bell-46131875/high-school-278062/
25,2023,46098710,KJ Sampson,DL,Florida State,Enrolled,yes,yes,47,47,Weak / Attack,79.2%,20.8%,55.0%,45.0%,55.0%,4-star,244,3/5/2022,"New Bern (New Bern, NC)",NC,New Bern,35.096688,-77.072641,FL,30.453529,-84.252272,526,regional,city,0,0,0,0,early commit; first commitment; only commit at position; 4-star,https://247sports.com/player/kj-sampson-46098710/high-school-247221/
26,2026,46135465,Tron Baker,WR,USC,Enrolled,yes,yes,46,46,Weak / Attack,78.6%,21.4%,55.0%,45.0%,55.0%,3-star,663,9/2/2023,"Sierra Canyon (Chatsworth, CA)",CA,Chatsworth,,,CA,34.019394,-118.410825,200,nearby,state,0,0,0,0,very early commit; first commitment,https://247sports.com/player/tron-baker-46135465/high-school-327308/
27,2027,46144180,Jamier Brown,WR,Ohio State,Hard Commit,no,yes,32,32,Weak / Attack,78.2%,21.8%,55.0%,45.0%,55.0%,5-star,23,11/23/2024,"Big Walnut (Sunbury, OH)",OH,Sunbury,40.249405,-82.880199,OH,39.983938,-82.984882,19,nearby,city,0,0,1,1,very early commit; first commitment; only commit at position; 5-star; other-school offers after commit,https://247sports.com/player/jamier-brown-46144180/high-school-302393/
28,2026,46148390,Dylan Faison,WR,Notre Dame,Enrolled,yes,yes,42.2,43,Weak / Attack,77.5%,22.5%,55.0%,45.0%,55.0%,3-star,918,3/18/2024,"Saint Andrew's (Boca Raton, FL)",FL,Boca Raton,26.37269,-80.103711,IN,41.700283,-86.238679,1115,far,city,0,0,1,0,very early commit; first commitment; far; other-school offers after commit,https://247sports.com/player/dylan-faison-46148390/high-school-311847/
29,2027,46140325,Brady Edmunds,QB,Ohio State,Hard Commit,no,yes,21.8,22,Weak / Attack,77.1%,22.9%,55.0%,45.0%,55.0%,4-star,219,12/2/2024,"Huntington Beach (Huntington Beach, CA)",CA,Huntington Beach,33.698007,-118.003834,OH,39.983938,-82.984882,1971,cross_country,city,0,0,3,1,very early commit; first commitment; only commit at position; cross country; 4-star,https://247sports.com/player/brady-edmunds-46140325/high-school-293940/
30,2023,46102587,Aaron Gates,ATH,Florida,Enrolled,yes,yes,22.5,30,Weak / Attack,77.0%,23.0%,55.0%,45.0%,55.0%,4-star,337,8/26/2021,"Trinity Christian School (Sharpsburg, GA)",GA,Sharpsburg,33.337111,-84.650911,FL,29.679537,-82.346793,287,regional,city,1,3,2,3,very early commit; first commitment; only commit at position; 4-star; other-school OV after commit,https://247sports.com/player/aaron-gates-46102587/high-school-252770/
31,2024,46103719,Jadon Porter,WR,Baylor,Enrolled,yes,yes,35,35,Weak / Attack,77.0%,23.0%,55.0%,45.0%,55.0%,3-star,666,4/23/2022,"Lorena (Lorena, TX)",TX,Lorena,31.383111,-97.210204,TX,31.557994,-97.18975,12,nearby,city,0,0,0,1,very early commit; first commitment; only commit at position,https://247sports.com/player/jadon-porter-46103719/high-school-254902/
32,2024,46134252,Nitro Tuggle,WR,Georgia,Enrolled,yes,yes,47,47,Weak / Attack,76.5%,23.5%,55.0%,45.0%,55.0%,4-star,102,4/11/2023,"Northwood (Elkhart, IN)",IN,Elkhart,41.691543,-85.962248,GA,32.7,-83.3,638,regional,city,0,0,0,0,early commit; first commitment; only commit at position; 4-star,https://247sports.com/player/nitro-tuggle-46134252/high-school-294975/
33,2026,46151284,Danny Odem III,CB,Nebraska,Enrolled,yes,yes,49,49,Weak / Attack,76.5%,23.5%,55.0%,45.0%,55.0%,4-star,50,6/23/2025,"The First Academy (Orlando, FL)",FL,Orlando,28.40865,-81.254805,NE,40.810284,-96.674856,1222,far,city,0,0,0,0,first commitment; only commit at position; far; 4-star,https://247sports.com/player/danny-odem-iii-46151284/high-school-317388/
34,2025,46136517,Juju Preston,WR,Clemson,Enrolled,yes,yes,31,31,Weak / Attack,76.4%,23.6%,55.0%,45.0%,55.0%,3-star,557,12/2/2023,"Freedom (Woodbridge, VA)",VA,Woodbridge,38.640556,-77.255093,SC,34.683564,-82.810575,412,regional,city,0,0,0,0,very early commit; first commitment; only commit at position,https://247sports.com/player/juju-preston-46136517/high-school-286741/
35,2027,46146328,Angelo Smith,S,Ohio State,Hard Commit,no,yes,25.0,35,Weak / Attack,75.9%,24.1%,55.0%,45.0%,55.0%,3-star,871,9/21/2025,"Chaminade-Madonna (Hollywood, FL)",FL,Hollywood,26.030967,-80.164609,OH,39.983938,-82.984882,978,far,city,1,1,8,1,very early commit; first commitment; thin position group; far; other-school OV after commit,https://247sports.com/player/angelo-smith-46146328/high-school-307284/
36,2025,46118049,Davion Dixon,DL,Notre Dame,Enrolled,yes,yes,34.2,42,Weak / Attack,75.8%,24.2%,55.0%,45.0%,55.0%,3-star,819,4/21/2023,"Miami Palmetto (Miami, FL)",FL,Miami,25.775163,-80.208615,IN,41.700283,-86.238679,1153,far,city,0,1,9,1,very early commit; first commitment; far; other-school visit after commit; other-school offers after commit,https://247sports.com/player/davion-dixon-46118049/high-school-298638/
37,2024,46102534,Bryan Jackson II,ATH,USC,Enrolled,yes,yes,48,48,Weak / Attack,75.8%,24.2%,55.0%,45.0%,55.0%,3-star,646,4/21/2023,"McKinney (McKinney, TX)",TX,McKinney,33.201125,-96.664161,CA,34.019394,-118.410825,1250,far,city,0,0,0,0,early commit; first commitment; only commit at position; far,https://247sports.com/player/bryan-jackson-ii-46102534/high-school-252654/
38,2022,46084999,Jerry Cross,TE,Penn State,Enrolled,yes,yes,29,29,Weak / Attack,75.7%,24.3%,55.0%,45.0%,55.0%,4-star,252,7/28/2020,"King (Milwaukee, WI)",WI,Milwaukee,43.063348,-87.966695,PA,40.791039,-77.856813,543,regional,city,0,0,1,2,very early commit; first commitment; only commit at position; 4-star; other-school offers after commit,https://247sports.com/player/jerry-cross-46084999/high-school-236373/
39,2025,46138546,Trevor Sommers,DL,Pittsburgh,Enrolled,yes,yes,46,46,Weak / Attack,75.2%,24.8%,55.0%,45.0%,55.0%,3-star,NA,2/5/2024,"St. Thomas Aquinas (Fort Lauderdale, FL)",FL,Fort Lauderdale,26.141227,-80.146731,PA,40.439936,-79.975676,988,far,city,0,0,0,0,early commit; first commitment; only commit at position; far,https://247sports.com/player/trevor-sommers-46138546/high-school-291125/
40,2026,46147862,Ayden Cain,DL,Duke,Enrolled,yes,yes,37.2,39,Weak / Attack,74.8%,25.2%,55.0%,45.0%,55.0%,3-star,918,8/2/2024,"Gainesville (Gainesville, GA)",GA,Gainesville,34.2901,-83.829106,NC,35.977928,-78.898109,302,regional,city,0,0,5,1,very early commit; first commitment; thin position group; other-school offers after commit,https://247sports.com/player/ayden-cain-46147862/high-school-328008/
41,2026,46133093,Chaz Smith,CB,Notre Dame,Enrolled,yes,yes,32,32,Weak / Attack,74.5%,25.5%,55.0%,45.0%,55.0%,4-star,249,12/1/2024,"Knoxville Catholic (Chattanooga, TN)",TN,Chattanooga,35.065958,-85.248386,IN,41.700283,-86.238679,462,regional,city,0,0,0,0,very early commit; first commitment; thin position group; 4-star,https://247sports.com/player/chaz-smith-46133093/high-school-321212/
42,2024,46116580,Luke Kromenhoek,QB,Florida State,Enrolled,yes,yes,26.0,34,Weak / Attack,74.4%,25.6%,55.0%,45.0%,55.0%,4-star,59,3/26/2022,"Benedictine Military School (Savannah, GA)",GA,Savannah,32.018043,-81.196492,FL,30.453529,-84.252272,210,nearby,city,0,5,4,5,very early commit; first commitment; thin position group; 4-star; other-school visit after commit,https://247sports.com/player/luke-kromenhoek-46116580/high-school-266217/
43,2026,46129516,Keisean Henderson,QB,Houston,Enrolled,yes,yes,27,27,Weak / Attack,73.9%,26.1%,55.0%,45.0%,55.0%,5-star,1,5/27/2024,"Legacy the School of Sport Sciences (Spring, TX)",TX,Spring,30.062169,-95.383966,TX,29.785743,-95.388806,19,nearby,city,0,0,9,6,very early commit; first commitment; only commit at position; 5-star; other-school offers after commit,https://247sports.com/player/keisean-henderson-46129516/high-school-275294/
44,2024,46103482,CJ Carr,QB,Notre Dame,Enrolled,yes,yes,30,30,Weak / Attack,73.7%,26.3%,55.0%,45.0%,55.0%,4-star,68,6/9/2022,"Saline (Saline, MI)",MI,Saline,42.173829,-83.776924,IN,41.700283,-86.238679,131,nearby,city,0,1,0,11,very early commit; first commitment; only commit at position; 4-star; other-school visit after commit,https://247sports.com/player/cj-carr-46103482/high-school-254460/
45,2024,46135030,Manuel Beigel,DL,Michigan,Enrolled,yes,yes,45.8,46,Weak / Attack,73.3%,26.7%,55.0%,45.0%,55.0%,3-star,928,7/16/2022,"Choate Rosemary Hall (Wallingford, CT)",CT,Wallingford,,,MI,42.276147,-83.73086,568,regional,state,0,0,3,1,very early commit; first commitment; other-school offers after commit,https://247sports.com/player/manuel-beigel-46135030/high-school-283256/
46,2026,46133004,Chris Henry Jr.,WR,Ohio State,Enrolled,yes,yes,17.8,31,Weak / Attack,73.2%,26.8%,55.0%,45.0%,55.0%,5-star,14,7/28/2023,"Mater Dei (Santa Ana, CA)",CA,Santa Ana,33.736332,-117.8829,OH,39.983938,-82.984882,1964,cross_country,city,0,3,11,2,very early commit; first commitment; cross country; 5-star; other-school visit after commit,https://247sports.com/player/chris-henry-jr-46133004/high-school-309820/
47,2023,46113823,Joshua Bates,IOL,Oklahoma,Enrolled,yes,yes,28,28,Weak / Attack,73.2%,26.8%,55.0%,45.0%,55.0%,4-star,381,8/13/2021,"Durango (Durango, CO)",CO,Durango,37.264534,-107.874124,OK,35.240569,-97.345299,603,regional,city,0,0,1,1,very early commit; first commitment; only commit at position; 4-star; other-school offers after commit,https://247sports.com/player/joshua-bates-46113823/high-school-262217/
48,2025,46128705,Brett Bordelon,OT,LSU,Enrolled,yes,yes,40,40,Weak / Attack,73.1%,26.9%,55.0%,45.0%,55.0%,3-star,563,12/20/2022,"Isidore Newman (New Orleans, LA)",LA,New Orleans,30.05342,-89.934502,LA,30.440443,-91.133166,76,nearby,city,0,0,0,1,very early commit; first commitment; thin position group,https://247sports.com/player/brett-bordelon-46128705/high-school-273970/
49,2023,46103569,Suntarine Perkins,LB,Ole Miss,Enrolled,yes,yes,34,34,Weak / Attack,72.6%,27.4%,55.0%,45.0%,55.0%,5-star,14,11/28/2020,"Raleigh (Raleigh, MS)",MS,Raleigh,32.034662,-89.525703,MS,34.351262,-89.536981,160,nearby,city,0,1,6,4,very early commit; first commitment; thin position group; 5-star; other-school visit after commit,https://247sports.com/player/suntarine-perkins-46103569/high-school-254640/
50,2025,46127535,Kaden Cook,S,California,Enrolled,yes,yes,40,40,Weak / Attack,72.4%,27.6%,55.0%,45.0%,55.0%,3-star,NA,9/28/2023,"Stony Point (Round Rock, TX)",TX,Round Rock,30.526146,-97.663532,CA,37.865673,-122.298725,1491,far,city,0,0,0,0,very early commit; first commitment; far,https://247sports.com/player/kaden-cook-46127535/high-school-272210/
51,2025,46129643,Will Wilson,QB,NC State,Enrolled,yes,yes,31,31,Weak / Attack,71.9%,28.1%,55.0%,45.0%,55.0%,3-star,619,6/24/2023,"Richland Northeast (Columbia, SC)",SC,Columbia,34.040519,-80.906099,NC,35.831868,-78.641042,178,nearby,city,0,0,0,3,very early commit; first commitment; only commit at position,https://247sports.com/player/will-wilson-46129643/high-school-275500/
52,2023,46117708,AJ Green,Edge,Louisville,Enrolled,yes,yes,52,52,Vulnerable,71.6%,28.4%,33.4%,66.6%,33.4%,4-star,195,12/24/2021,"Cedar Grove (Ellenwood, GA)",GA,Ellenwood,,,KY,38.224728,-85.740614,406,regional,state,0,0,0,0,early commit; first commitment; thin position group; 4-star,https://247sports.com/player/aj-green-46117708/high-school-268047/
53,2022,46084298,Rashod Dubinion,ATH,Arkansas,Enrolled,yes,yes,50,50,Vulnerable,71.2%,28.8%,33.4%,66.6%,33.4%,4-star,399,2/13/2021,"Cedar Grove (Ellenwood, GA)",GA,Ellenwood,,,AR,36.071455,-94.166564,661,regional,state,0,0,0,1,early commit; first commitment; only commit at position; 4-star,https://247sports.com/player/rashod-dubinion-46084298/high-school-235307/
54,2027,46154726,Jemari Foreman,S,Florida State,Hard Commit,no,yes,18,38,Weak / Attack,70.9%,29.1%,55.0%,45.0%,55.0%,3-star,629,9/6/2025,"Cypress Bay (Fort Lauderdale, FL)",FL,Fort Lauderdale,26.141227,-80.146731,FL,30.453529,-84.252272,389,regional,city,2,4,13,2,very early commit; first commitment; thin position group; other-school OV after commit; other-school offers after commit,https://247sports.com/player/jemari-foreman-46154726/high-school-327859/
55,2027,46160979,Levi Babin,ATH,Maryland,Hard Commit,no,yes,31,31,Weak / Attack,70.8%,29.2%,55.0%,45.0%,55.0%,3-star,NA,10/22/2025,"Episcopal (Alexandria, VA)",VA,Alexandria,38.819251,-77.08367,MD,38.996276,-76.935594,15,nearby,city,0,0,1,1,very early commit; first commitment; only commit at position; other-school offers after commit,https://247sports.com/player/levi-babin-46160979/high-school-343580/
56,2026,46141483,R.J. Mosley,WR,Arizona,Enrolled,yes,yes,47,47,Weak / Attack,70.8%,29.2%,55.0%,45.0%,55.0%,4-star,143,6/15/2025,"Pittsburg (Pittsburg, CA)",CA,Pittsburg,38.016771,-121.896948,AZ,32.153036,-110.870773,743,regional,city,0,0,0,0,early commit; first commitment; only commit at position; 4-star,https://247sports.com/player/rj-mosley-46141483/high-school-296379/
57,2025,46133923,Matthew Johnson,DL,Oregon,Enrolled,yes,yes,50,50,Vulnerable,70.8%,29.2%,33.4%,66.6%,33.4%,4-star,298,2/9/2024,"De La Salle (Concord, CA)",CA,Concord,37.972184,-122.001587,OR,44.056848,-123.119019,424,regional,city,0,0,0,1,early commit; first commitment; only commit at position; 4-star,https://247sports.com/player/matthew-johnson-46133923/high-school-281375/
58,2023,46080759,Cedrick Hawkins Jr.,S,Ohio State,Enrolled,yes,yes,54,54,Vulnerable,70.8%,29.2%,33.4%,66.6%,33.4%,4-star,358,1/1/2022,"Cocoa (Cocoa, FL)",FL,Cocoa,28.376643,-80.763306,OH,39.983938,-82.984882,812,far,city,0,0,0,0,early commit; first commitment; far; 4-star,https://247sports.com/player/cedrick-hawkins-jr-46080759/high-school-230507/
59,2026,46146686,Vic Singleton,CB,Texas A&M,Enrolled,yes,yes,49,49,Weak / Attack,70.6%,29.4%,55.0%,45.0%,55.0%,4-star,145,4/19/2025,"Central Catholic (Toledo, OH)",OH,Toledo,41.664071,-83.581861,TX,30.58516,-96.29636,1041,far,city,0,0,0,0,early commit; first commitment; thin position group; far; 4-star,https://247sports.com/player/vic-singleton-46146686/high-school-307966/
60,2026,46135368,J'Zavien Currence,S,South Carolina,Enrolled,yes,yes,26.2,29,Weak / Attack,70.5%,29.5%,55.0%,45.0%,55.0%,4-star,67,10/17/2024,"South Pointe (Rock Hill, SC)",SC,Rock Hill,34.938216,-81.019177,SC,34.040519,-80.906099,62,nearby,city,1,1,9,5,very early commit; first commitment; only commit at position; 4-star; other-school OV after commit,https://247sports.com/player/jzavien-currence-46135368/high-school-283867/
61,2025,46133352,Houston Ka'aha'aina-Torres,IOL,Nebraska,Enrolled,yes,yes,50,50,Vulnerable,70.3%,29.7%,33.4%,66.6%,33.4%,3-star,636,6/30/2024,"St. Louis (Honolulu, HI)",HI,Honolulu,,,NE,40.810284,-96.674856,3721,cross_country,state,0,0,0,0,first commitment; only commit at position; cross country,https://247sports.com/player/houston-kaahaaina-torres-46133352/high-school-280224/
62,2027,46160328,Gene Jones,DL,Virginia,Hard Commit,no,yes,33,33,Weak / Attack,70.1%,29.9%,55.0%,45.0%,55.0%,3-star,NA,10/18/2025,"Hampton (Hampton, VA)",VA,Hampton,37.047961,-76.297293,VA,38.037658,-78.485381,138,nearby,city,0,0,0,0,very early commit; first commitment; only commit at position,https://247sports.com/player/gene-jones-46160328/high-school-340392/
63,2024,46114807,A'mon Lane-Ganus,CB,Auburn,Enrolled,yes,yes,34,34,Weak / Attack,70.0%,30.0%,55.0%,45.0%,55.0%,4-star,396,7/30/2022,"Moody (Moody, AL)",AL,Moody,33.603429,-86.493786,AL,32.607806,-85.494746,90,nearby,city,0,0,0,0,very early commit; first commitment; thin position group; 4-star,https://247sports.com/player/amon-lane-ganus-46114807/high-school-277572/
64,2023,46109297,Jack Luttrell,S,Tennessee,Enrolled,yes,yes,37,37,Weak / Attack,70.0%,30.0%,55.0%,45.0%,55.0%,3-star,972,7/31/2021,"Colquitt County (Moultrie, GA)",GA,Moultrie,31.17943,-83.790786,TN,35.97068,-83.94927,331,regional,city,0,0,2,1,very early commit; first commitment; thin position group; other-school offers after commit,https://247sports.com/player/jack-luttrell-46109297/high-school-257367/
65,2025,46133536,Sean Ashenfelder,QB,Rutgers,Enrolled,yes,yes,20.0,26,Weak / Attack,69.9%,30.1%,55.0%,45.0%,55.0%,3-star,NA,9/17/2023,"Creekside (St. Augustine, FL)",FL,St. Augustine,29.896152,-81.311128,NJ,40.1,-74.5,803,far,city,1,1,0,0,very early commit; first commitment; only commit at position; far; other-school OV after commit,https://247sports.com/player/sean-ashenfelder-46133536/high-school-280734/
66,2027,46154687,Richie Flanigan,DL,Notre Dame,Hard Commit,no,yes,37,37,Weak / Attack,69.9%,30.1%,55.0%,45.0%,55.0%,4-star,408,9/25/2025,"Notre Dame Academy (Green Bay, WI)",WI,Green Bay,44.521542,-87.986568,IN,41.700283,-86.238679,214,nearby,city,0,0,0,0,very early commit; first commitment; thin position group; 4-star,https://247sports.com/player/richie-flanigan-46154687/high-school-327687/
67,2027,46155383,Titus Osterman,ATH,Washington,Hard Commit,no,yes,53,53,Vulnerable,69.9%,30.1%,33.4%,66.6%,33.4%,3-star,NA,1/31/2026,"Kimberly (Kimberly, ID)",ID,Kimberly,42.534894,-114.370689,WA,47.619335,-122.351538,524,regional,city,0,0,0,1,early commit; first commitment; only commit at position,https://247sports.com/player/titus-osterman-46155383/high-school-329040/
68,2027,46154729,Demarcus Deroche,ATH,Miami,Hard Commit,no,yes,15.5,32,Weak / Attack,69.7%,30.3%,55.0%,45.0%,55.0%,4-star,334,8/19/2025,"Cardinal Gibbons (Fort Lauderdale, FL)",FL,Fort Lauderdale,26.141227,-80.146731,FL,25.683061,-80.261659,32,nearby,city,1,2,10,0,very early commit; first commitment; only commit at position; 4-star; other-school OV after commit,https://247sports.com/player/demarcus-deroche-46154729/high-school-327862/
69,2025,46133882,Chuck McDonald III,CB,Alabama,Enrolled,yes,yes,46,46,Weak / Attack,69.4%,30.6%,55.0%,45.0%,55.0%,4-star,51,6/8/2024,"Mater Dei (Santa Ana, CA)",CA,Santa Ana,33.736332,-117.8829,AL,33.234404,-87.5283,1743,cross_country,city,0,0,0,0,early commit; first commitment; thin position group; cross country; 4-star,https://247sports.com/player/chuck-mcdonald-iii-46133882/high-school-281321/
70,2026,46151635,Jon Adams,Edge,Louisville,Signed,yes,yes,33,33,Weak / Attack,69.3%,30.7%,55.0%,45.0%,55.0%,3-star,NA,11/27/2024,"Chiefland (Chiefland, FL)",FL,Chiefland,29.492246,-82.866334,KY,38.224728,-85.740614,625,regional,city,0,0,2,1,very early commit; first commitment; only commit at position; other-school offers after commit,https://247sports.com/player/jon-adams-46151635/high-school-318245/
71,2025,46148402,Will Walker,P,BYU,Signed,yes,yes,33,33,Weak / Attack,69.2%,30.8%,55.0%,45.0%,55.0%,3-star,NA,7/8/2022,"Riverton (Riverton, UT)",UT,Riverton,40.517634,-111.963515,UT,40.245312,-111.645057,25,nearby,city,0,0,0,0,very early commit; first commitment; only commit at position,https://247sports.com/player/will-walker-46148402/high-school-311876/
72,2026,46138505,Keenan Britt,LB,South Carolina,Enrolled,yes,yes,15.0,28,Weak / Attack,68.9%,31.1%,55.0%,45.0%,55.0%,4-star,485,8/10/2024,"Oxford (Oxford, AL)",AL,Oxford,33.59641,-85.868219,SC,34.040519,-80.906099,286,regional,city,1,1,12,1,very early commit; first commitment; only commit at position; 4-star; other-school OV after commit,https://247sports.com/player/keenan-britt-46138505/high-school-291038/
73,2027,46143706,Jaylyn Jones,S,Miami,Hard Commit,no,yes,24.0,34,Weak / Attack,68.4%,31.6%,55.0%,45.0%,55.0%,4-star,327,6/23/2025,"McArthur (Hollywood, FL)",FL,Hollywood,26.030967,-80.164609,FL,25.683061,-80.261659,25,nearby,city,0,0,16,1,very early commit; first commitment; thin position group; 4-star; other-school offers after commit,https://247sports.com/player/jaylyn-jones-46143706/high-school-338906/
74,2024,46118388,KD Daniels,RB,Florida,Enrolled,yes,yes,47,47,Weak / Attack,68.4%,31.6%,55.0%,45.0%,55.0%,4-star,203,4/10/2023,"West Point (West Point, MS)",MS,West Point,33.606236,-88.657568,FL,29.679537,-82.346793,460,regional,city,0,0,0,0,early commit; first commitment; only commit at position; 4-star,https://247sports.com/player/kd-daniels-46118388/high-school-269611/
75,2023,46131368,Za'Quan Bryan,CB,Minnesota,Enrolled,yes,yes,48,48,Weak / Attack,68.2%,31.8%,55.0%,45.0%,55.0%,3-star,769,4/15/2022,"Benedictine Military School (Savannah, GA)",GA,Savannah,32.018043,-81.196492,MN,44.963324,-93.26832,1105,far,city,0,0,0,0,early commit; first commitment; only commit at position; far,https://247sports.com/player/zaquan-bryan-46131368/high-school-277399/
76,2027,46164572,Tiki Teeples,DL,Utah,Hard Commit,no,yes,51,51,Vulnerable,68.0%,32.0%,33.4%,66.6%,33.4%,3-star,NA,4/22/2026,"Canyon View (Waddell, AZ)",AZ,Waddell,,,UT,40.776928,-111.930991,448,regional,state,0,0,0,0,early commit; first commitment; only commit at position,https://247sports.com/player/tiki-teeples-46164572/high-school-351483/
77,2024,46135507,Kam Mikell,ATH,Colorado,Enrolled,yes,yes,66,66,Stable / Monitor,68.0%,32.0%,17.5%,82.5%,17.5%,4-star,121,11/23/2023,"Statesboro (Statesboro, GA)",GA,Statesboro,32.437726,-81.775637,CO,40.024431,-105.251251,1404,far,city,0,0,0,0,first commitment; only commit at position; far; 4-star,https://247sports.com/player/kam-mikell-46135507/high-school-284048/
78,2026,46142155,Darryon Williams,ATH,Florida State,Enrolled,yes,yes,22.0,39,Weak / Attack,67.9%,32.1%,55.0%,45.0%,55.0%,3-star,729,4/16/2024,"Plant (Tampa, FL)",FL,Tampa,27.970086,-82.479673,FL,30.453529,-84.252272,202,nearby,city,1,5,4,2,very early commit; first commitment; thin position group; other-school OV after commit; other-school offers after commit,https://247sports.com/player/darryon-williams-46142155/high-school-303952/
79,2027,46154568,Chuck Alexander,WR,Louisville,Hard Commit,no,yes,25.5,34,Weak / Attack,67.9%,32.1%,55.0%,45.0%,55.0%,4-star,385,11/29/2025,"Withrow (Cincinnati, OH)",OH,Cincinnati,39.140183,-84.505829,KY,38.224728,-85.740614,92,nearby,city,1,1,6,1,very early commit; first commitment; thin position group; 4-star; other-school OV after commit,https://247sports.com/player/chuck-alexander-46154568/high-school-327414/
80,2026,46154846,Chris Tangelo,ATH,Vanderbilt,Signed,yes,yes,35.0,53,Weak / Attack,67.9%,32.1%,55.0%,45.0%,33.4%,4-star,418,6/8/2025,"Northwest (Germantown, MD)",MD,Germantown,39.174252,-77.263754,TN,35.8,-86.4,552,regional,city,3,3,0,0,early commit; first commitment; only commit at position; 4-star; other-school OV after commit,https://247sports.com/player/chris-tangelo-46154846/high-school-328130/
81,2026,46146807,Brian Bonner Jr.,RB,Washington,Enrolled,yes,yes,49,49,Weak / Attack,67.9%,32.1%,55.0%,45.0%,55.0%,4-star,93,7/8/2025,"Valencia (Valencia, CA)",CA,Valencia,,,WA,47.619335,-122.351538,763,far,state,0,0,0,0,first commitment; only commit at position; far; 4-star,https://247sports.com/player/brian-bonner-jr-46146807/high-school-308166/
82,2026,46155687,Crew Davis,RB,North Carolina,Enrolled,yes,yes,51,51,Vulnerable,67.7%,32.3%,33.4%,66.6%,33.4%,3-star,702,2/2/2025,"Iona Prep (New Rochelle, NY)",NY,New Rochelle,40.923243,-73.779344,NC,35.928328,-79.041375,447,regional,city,0,0,0,0,early commit; first commitment; only commit at position,https://247sports.com/player/crew-davis-46155687/high-school-329550/
83,2025,46135672,JD LaFleur,TE,LSU,Enrolled,yes,yes,29,29,Weak / Attack,67.4%,32.6%,55.0%,45.0%,55.0%,4-star,391,8/1/2023,"Sulphur (Sulphur, LA)",LA,Sulphur,30.229792,-93.356343,LA,30.440443,-91.133166,133,nearby,city,0,0,0,0,very early commit; first commitment; only commit at position; 4-star,https://247sports.com/player/jd-lafleur-46135672/high-school-284403/
84,2026,46140426,Marcell Gipson Jr.,CB,Clemson,Enrolled,yes,yes,48,48,Weak / Attack,67.3%,32.7%,55.0%,45.0%,55.0%,3-star,NA,3/10/2025,"South Oak Cliff (Dallas, TX)",TX,Dallas,32.793333,-96.766513,SC,34.683564,-82.810575,812,far,city,0,0,0,0,early commit; first commitment; only commit at position; far,https://247sports.com/player/marcell-gipson-jr-46140426/high-school-294107/
85,2027,46156088,Kadin Fife,DL,Tennessee,Hard Commit,no,yes,10,30,Weak / Attack,67.1%,32.9%,55.0%,45.0%,55.0%,4-star,355,11/21/2025,"Cherokee County (Centre, AL)",AL,Centre,34.153059,-85.671683,TN,35.97068,-83.94927,159,nearby,city,2,2,13,0,very early commit; first commitment; only commit at position; 4-star; other-school OV after commit,https://247sports.com/player/kadin-fife-46156088/high-school-330462/
86,2026,46142185,Howie Johnson,DL,Minnesota,Signed,yes,yes,21.0,36,Weak / Attack,67.1%,32.9%,55.0%,45.0%,55.0%,4-star,205,6/18/2024,"Forest Lake (Forest Lake, MN)",MN,Forest Lake,45.250831,-92.96692,MN,44.963324,-93.26832,25,nearby,city,1,4,0,0,very early commit; first commitment; thin position group; 4-star; other-school OV after commit,https://247sports.com/player/howie-johnson-46142185/high-school-297723/
87,2026,46147239,Jake Fette,QB,Arizona State,Enrolled,yes,yes,27.5,30,Weak / Attack,67.1%,32.9%,55.0%,45.0%,55.0%,4-star,118,9/22/2024,"El Paso Del Valle (El Paso, TX)",TX,El Paso,31.84778,-106.431106,AZ,33.388414,-111.931782,337,regional,city,0,0,6,1,very early commit; first commitment; only commit at position; 4-star; other-school offers after commit,https://247sports.com/player/jake-fette-46147239/high-school-308847/
88,2026,46137512,Wayne Henry,S,Auburn,Enrolled,yes,yes,37,37,Weak / Attack,67.1%,32.9%,55.0%,45.0%,55.0%,3-star,NA,8/5/2024,"St. Frances Academy (Baltimore, MD)",MD,Baltimore,39.300032,-76.610476,AL,32.607806,-85.494746,678,regional,city,0,0,2,1,very early commit; first commitment; thin position group; other-school offers after commit,https://247sports.com/player/wayne-henry-46137512/high-school-289068/
89,2022,46102888,JJ Hollingsworth,DL,Arkansas,Enrolled,yes,yes,40,40,Weak / Attack,67.0%,33.0%,55.0%,45.0%,55.0%,3-star,934,7/24/2020,"Greenland (Greenland, AR)",AR,Greenland,35.996194,-94.19089,AR,36.071455,-94.166564,5,nearby,city,0,0,1,1,very early commit; first commitment; thin position group; other-school offers after commit,https://247sports.com/player/jj-hollingsworth-46102888/high-school-253511/
90,2026,46135742,Kam Cody,DL,Clemson,Enrolled,yes,yes,53,53,Vulnerable,67.0%,33.0%,33.4%,66.6%,33.4%,3-star,702,3/29/2025,"Benedictine Military School (Savannah, GA)",GA,Savannah,32.018043,-81.196492,SC,34.683564,-82.810575,206,nearby,city,0,0,0,0,early commit; first commitment; only commit at position,https://247sports.com/player/kam-cody-46135742/high-school-284526/
91,2026,46143542,X'Zavier Barnett,ATH,SMU,Signed,yes,yes,53,53,Vulnerable,66.7%,33.3%,33.4%,66.6%,33.4%,3-star,606,1/10/2025,"Yoakum (Yoakum, TX)",TX,Yoakum,29.293204,-97.14701,TX,32.793333,-96.766513,243,nearby,city,0,0,0,0,early commit; first commitment; only commit at position,https://247sports.com/player/xzavier-barnett-46143542/high-school-300996/
92,2025,46129886,Mana Carvalho,ATH,Utah,Enrolled,yes,yes,59,59,Vulnerable,66.7%,33.3%,33.4%,66.6%,33.4%,3-star,NA,7/12/2024,"Kahuku (Kahuku, HI)",HI,Kahuku,21.678943,-157.943157,UT,40.776928,-111.930991,2979,cross_country,city,0,0,0,0,first commitment; thin position group; cross country,https://247sports.com/player/mana-carvalho-46129886/high-school-275929/
93,2027,46152705,Elijajuan Houston,S,Arizona State,Hard Commit,no,yes,48,48,Weak / Attack,66.5%,33.5%,55.0%,45.0%,55.0%,3-star,612,5/29/2026,"North Crowley (Fort Worth, TX)",TX,Fort Worth,32.781954,-97.348573,AZ,33.388414,-111.931782,845,far,city,0,0,0,0,early commit; first commitment; only commit at position; far,https://247sports.com/player/elijajuan-houston-46152705/high-school-322510/
94,2027,46150124,Raylaun Henry,CB,Texas A&M,Hard Commit,no,yes,25,25,Weak / Attack,66.1%,33.9%,55.0%,45.0%,55.0%,5-star,29,11/15/2025,"St. Frances Academy (Baltimore, MD)",MD,Baltimore,39.300032,-76.610476,TX,30.58516,-96.29636,1263,far,city,0,0,0,2,very early commit; first commitment; only commit at position; far; 5-star,https://247sports.com/player/raylaun-henry-46150124/high-school-315406/
95,2024,46129883,Chandlin Myers,WR,Texas Tech,Enrolled,yes,yes,40,40,Weak / Attack,66.1%,33.9%,55.0%,45.0%,55.0%,3-star,890,7/30/2022,"Hawley (Hawley, TX)",TX,Hawley,32.606696,-99.810163,TX,33.561901,-101.888883,137,nearby,city,0,0,0,0,very early commit; first commitment; thin position group,https://247sports.com/player/chandlin-myers-46129883/high-school-275925/
96,2022,46086841,Lionell Whitaker,CB,Maryland,Enrolled,yes,yes,52.2,53,Vulnerable,66.0%,34.0%,33.4%,66.6%,33.4%,3-star,NA,1/4/2021,"Rickards (Tallahassee, FL)",FL,Tallahassee,30.453529,-84.252272,MD,38.996276,-76.935594,721,regional,city,0,0,1,0,early commit; first commitment; only commit at position; other-school offers after commit,https://247sports.com/player/lionell-whitaker-46086841/high-school-240568/
97,2026,46137856,Richard Anderson,DL,LSU,Enrolled,yes,yes,19.0,32,Weak / Attack,65.8%,34.2%,55.0%,45.0%,55.0%,5-star,17,6/21/2024,"Edna Karr (New Orleans, LA)",LA,New Orleans,30.05342,-89.934502,LA,30.440443,-91.133166,76,nearby,city,1,1,12,1,very early commit; first commitment; thin position group; 5-star; other-school OV after commit,https://247sports.com/player/richard-anderson-46137856/high-school-289615/
98,2027,46166976,Eron Mallard,ATH,Purdue,Hard Commit,no,yes,51,51,Vulnerable,65.8%,34.2%,33.4%,66.6%,33.4%,3-star,888,6/8/2026,"Benedictine Military School (Savannah, GA)",GA,Savannah,32.018043,-81.196492,IN,40.443707,-86.923616,664,regional,city,0,0,0,0,early commit; first commitment; only commit at position,https://247sports.com/player/eron-mallard-46166976/high-school-359781/
99,2027,46162614,Elijah Butler,S,Virginia Tech,Hard Commit,no,yes,47,47,Weak / Attack,65.7%,34.3%,55.0%,45.0%,55.0%,4-star,451,5/8/2026,"St. Frances Academy (Baltimore, MD)",MD,Baltimore,39.300032,-76.610476,VA,37.231264,-80.426745,252,regional,city,0,0,0,0,early commit; first commitment; only commit at position; 4-star,https://247sports.com/player/elijah-butler-46162614/high-school-346847/
100,2024,46129313,L.J. Johnson Jr.,ATH,Texas Tech,Enrolled,yes,yes,44,44,Weak / Attack,65.6%,34.4%,55.0%,45.0%,55.0%,3-star,NA,2/4/2022,"Madisonville (Madisonville, TX)",TX,Madisonville,30.954018,-95.909285,TX,33.561901,-101.888883,393,regional,city,0,0,0,0,very early commit; first commitment,https://247sports.com/player/lj-johnson-jr-46129313/high-school-274804/
101,2026,46152674,Cam Mallory,DL,West Virginia,Enrolled,yes,yes,51,51,Vulnerable,65.5%,34.5%,33.4%,66.6%,33.4%,3-star,NA,6/9/2025,"Moody (Moody, AL)",AL,Moody,33.603429,-86.493786,WV,39.637487,-79.946856,553,regional,city,0,0,0,0,early commit; first commitment; only commit at position,https://247sports.com/player/cam-mallory-46152674/high-school-322453/
102,2025,46117556,RyShawn Perry,DL,UCF,Signed,yes,yes,43.0,49,Weak / Attack,65.4%,34.6%,55.0%,45.0%,55.0%,3-star,636,4/7/2024,"Newton (Covington, GA)",GA,Covington,33.605439,-83.846634,FL,28.40865,-81.254805,390,regional,city,1,1,0,0,early commit; first commitment; only commit at position; other-school OV after commit,https://247sports.com/player/ryshawn-perry-46117556/high-school-267841/
103,2025,46147454,Brody Lennon,TE,Ohio State,Enrolled,yes,yes,14,34,Weak / Attack,65.2%,34.8%,55.0%,45.0%,55.0%,4-star,326,6/27/2023,"Gilmour Academy (Gates Mills, OH)",OH,Gates Mills,41.530992,-81.411153,OH,39.983938,-82.984882,135,nearby,city,4,7,13,1,very early commit; first commitment; thin position group; 4-star; other-school OV after commit,https://247sports.com/player/brody-lennon-46147454/high-school-309164/
104,2024,46127901,Cooper Cousins,IOL,Penn State,Enrolled,yes,yes,34,34,Weak / Attack,65.2%,34.8%,55.0%,45.0%,55.0%,4-star,57,1/29/2022,"McDowell (Erie, PA)",PA,Erie,42.116594,-80.073503,PA,40.791039,-77.856813,147,nearby,city,0,0,0,4,very early commit; first commitment; thin position group; 4-star,https://247sports.com/player/cooper-cousins-46127901/high-school-272745/
105,2026,46151813,Jae'Lin Battle,DL,Baylor,Enrolled,yes,yes,41.8,56,Weak / Attack,65.2%,34.8%,55.0%,45.0%,33.4%,4-star,328,7/12/2025,"Santa Fe (Edmond, OK)",OK,Edmond,35.673807,-97.413076,TX,31.557994,-97.18975,285,regional,city,2,2,3,0,first commitment; only commit at position; 4-star; other-school OV after commit; other-school offers after commit,https://247sports.com/player/jaelin-battle-46151813/high-school-319885/
106,2026,46138582,KJ Ford,Edge,Florida,Enrolled,yes,yes,47.0,53,Weak / Attack,65.2%,34.8%,55.0%,45.0%,33.4%,4-star,152,7/11/2025,"Duncanville (Duncanville, TX)",TX,Duncanville,32.64595,-96.91387,FL,29.679537,-82.346793,885,far,city,0,2,0,0,first commitment; only commit at position; far; 4-star; other-school visit after commit,https://247sports.com/player/kj-ford-46138582/high-school-291166/
107,2027,46154318,Jaylen Scott,S,Oklahoma,Hard Commit,no,yes,34.0,52,Weak / Attack,65.1%,34.9%,55.0%,45.0%,33.4%,4-star,276,3/7/2026,"Williamson (Mobile, AL)",AL,Mobile,30.668246,-88.107853,OK,35.240569,-97.345299,621,regional,city,1,1,16,0,early commit; first commitment; prior decommit; only commit at position; 4-star,https://247sports.com/player/jaylen-scott-46154318/high-school-326554/
108,2025,46137316,Kelepi Latu-Finau,DL,BYU,Enrolled,yes,yes,51,51,Vulnerable,65.1%,34.9%,33.4%,66.6%,33.4%,3-star,NA,5/13/2024,"Oakland (Oakland, CA)",CA,Oakland,37.769846,-122.22569,UT,40.245312,-111.645057,593,regional,city,0,0,0,0,early commit; first commitment; only commit at position,https://247sports.com/player/kelepi-latu-finau-46137316/high-school-295559/
109,2026,46150486,Jaiden Taylor,ATH,Mississippi State,Enrolled,yes,yes,34.0,35,Weak / Attack,64.9%,35.1%,55.0%,45.0%,55.0%,3-star,729,12/4/2024,"Noxubee County (Macon, MS)",MS,Macon,33.122065,-88.556713,MS,33.463261,-88.827796,28,nearby,city,0,0,4,1,very early commit; first commitment; only commit at position; other-school offers after commit,https://247sports.com/player/jaiden-taylor-46150486/high-school-316060/
110,2022,46058715,Walker Howard,QB,LSU,Enrolled,yes,yes,26.2,29,Weak / Attack,64.8%,35.2%,55.0%,45.0%,55.0%,5-star,40,6/12/2020,"St. Thomas More (Lafayette, LA)",LA,Lafayette,30.2056,-92.028058,LA,30.440443,-91.133166,56,nearby,city,1,1,1,2,very early commit; first commitment; only commit at position; 5-star; other-school OV after commit,https://247sports.com/player/walker-howard-46058715/high-school-225176/
111,2027,46159353,Harrison Luke,S,Clemson,Hard Commit,no,yes,41,41,Weak / Attack,64.8%,35.2%,55.0%,45.0%,55.0%,3-star,570,9/2/2025,"North Oconee (Bogart, GA)",GA,Bogart,33.947625,-83.533749,SC,34.683564,-82.810575,65,nearby,city,0,0,2,1,very early commit; first commitment; thin position group; other-school offers after commit,https://247sports.com/player/harrison-luke-46159353/high-school-338812/
112,2027,46157693,King Kalama,DL,Duke,Hard Commit,no,yes,51.5,55,Vulnerable,64.7%,35.3%,33.4%,66.6%,33.4%,3-star,515,12/16/2025,"Reagan (Pfafftown, NC)",NC,Pfafftown,,,NC,35.977928,-78.898109,38,nearby,state,0,0,10,2,early commit; first commitment; only commit at position; other-school offers after commit,https://247sports.com/player/king-kalama-46157693/high-school-335952/
113,2024,46114824,Dealyn Evans,DL,Texas A&M,Enrolled,yes,yes,12,32,Weak / Attack,64.6%,35.4%,55.0%,45.0%,55.0%,4-star,155,7/31/2022,"Longview Pine Tree (Longview, TX)",TX,Longview,32.520234,-94.761114,TX,30.58516,-96.29636,161,nearby,city,4,4,12,3,very early commit; first commitment; thin position group; 4-star; other-school OV after commit,https://247sports.com/player/dealyn-evans-46114824/high-school-263454/
114,2024,46138863,Zach Crothers,Edge,Pittsburgh,Enrolled,yes,yes,48,48,Weak / Attack,64.6%,35.4%,55.0%,45.0%,55.0%,3-star,NA,3/27/2023,"Chaminade-Madonna (Hollywood, FL)",FL,Hollywood,26.030967,-80.164609,PA,40.439936,-79.975676,996,far,city,0,0,0,0,early commit; first commitment; only commit at position; far,https://247sports.com/player/zach-crothers-46138863/high-school-291590/
115,2027,46146814,Saniiyn Black,S,Pittsburgh,Hard Commit,no,yes,48,48,Weak / Attack,64.4%,35.6%,55.0%,45.0%,55.0%,3-star,NA,5/13/2026,"Zephyrhills (Zephyrhills, FL)",FL,Zephyrhills,28.240721,-82.179024,PA,40.439936,-79.975676,852,far,city,0,0,0,0,early commit; first commitment; only commit at position; far,https://247sports.com/player/saniiyn-black-46146814/high-school-308174/
116,2025,46149023,Dylan Singleton,DL,Texas Tech,Enrolled,yes,yes,53,53,Vulnerable,64.4%,35.6%,33.4%,66.6%,33.4%,3-star,NA,4/17/2024,"Loreauville (Loreauville, LA)",LA,Loreauville,30.05885,-91.738831,TX,33.561901,-101.888883,643,regional,city,0,0,0,1,early commit; first commitment; only commit at position,https://247sports.com/player/dylan-singleton-46149023/high-school-313498/
117,2026,46143924,Jermaine Kinsler,DL,Texas A&M,Enrolled,yes,yes,46.5,50,Weak / Attack,64.3%,35.7%,55.0%,45.0%,33.4%,4-star,485,2/13/2025,"Bergen Catholic (Oradell, NJ)",NJ,Oradell,40.956653,-74.032862,TX,30.58516,-96.29636,1433,far,city,0,0,10,2,early commit; first commitment; thin position group; far; 4-star,https://247sports.com/player/jermaine-kinsler-46143924/high-school-302059/
118,2026,46143308,Jordan Campbell,Edge,Miami,Enrolled,yes,yes,33.2,37,Weak / Attack,64.2%,35.8%,55.0%,45.0%,55.0%,4-star,215,11/21/2023,"Miami Northwestern (Opa Locka, FL)",FL,Opa Locka,,,FL,25.683061,-80.261659,241,nearby,state,0,0,13,3,very early commit; first commitment; 4-star; other-school offers after commit,https://247sports.com/player/jordan-campbell-46143308/high-school-311069/
119,2027,46158640,Steele Harris,ATH,Wisconsin,Hard Commit,no,yes,53,53,Vulnerable,64.0%,36.0%,33.4%,66.6%,33.4%,3-star,765,6/7/2026,"Great Falls (Great Falls, MT)",MT,Great Falls,47.502518,-111.29997,WI,43.087815,-89.429856,1102,far,city,0,0,0,0,early commit; first commitment; thin position group; far,https://247sports.com/player/steele-harris-46158640/high-school-337722/
120,2024,46131495,Jarvis Boatwright Jr.,S,USC,Enrolled,yes,yes,50,50,Vulnerable,63.9%,36.1%,33.4%,66.6%,33.4%,3-star,530,6/4/2023,"Clearwater (Clearwater, FL)",FL,Clearwater,27.979419,-82.771256,CA,34.019394,-118.410825,2141,cross_country,city,0,0,0,0,early commit; first commitment; thin position group; cross country,https://247sports.com/player/jarvis-boatwright-jr-46131495/high-school-277587/
121,2027,46166847,Edan Richardson,DL,Syracuse,Hard Commit,no,yes,53,53,Vulnerable,63.9%,36.1%,33.4%,66.6%,33.4%,3-star,NA,6/4/2026,"Archbishop McCarthy (Fort Lauderdale, FL)",FL,Fort Lauderdale,26.141227,-80.146731,NY,43.040998,-76.143554,1189,far,city,0,0,0,0,early commit; first commitment; thin position group; far,https://247sports.com/player/edan-richardson-46166847/high-school-359635/
122,2027,46149944,Matamatagi Uiagalelei,DL,Washington,Hard Commit,no,yes,60,60,Vulnerable,63.7%,36.3%,33.4%,66.6%,33.4%,3-star,NA,2/22/2026,"Mater Dei (Santa Ana, CA)",CA,Santa Ana,33.736332,-117.8829,WA,47.619335,-122.351538,987,far,city,0,0,0,1,early commit; first commitment; far,https://247sports.com/player/matamatagi-uiagalelei-46149944/high-school-315146/
123,2025,46130697,Lloyd Jones III,QB,Texas Tech,Enrolled,yes,yes,27,27,Weak / Attack,63.6%,36.4%,55.0%,45.0%,55.0%,4-star,463,11/4/2023,"Hitchcock (Hitchcock, TX)",TX,Hitchcock,29.28262,-95.007631,TX,33.561901,-101.888883,502,regional,city,0,0,0,0,very early commit; first commitment; only commit at position; 4-star,https://247sports.com/player/lloyd-jones-iii-46130697/high-school-276563/
124,2023,46098447,Ty Bryant,ATH,Kentucky,Enrolled,yes,yes,38,38,Weak / Attack,63.6%,36.4%,55.0%,45.0%,55.0%,3-star,NA,8/19/2021,"Frederick Douglass (Lexington, KY)",KY,Lexington,,,KY,37.8,-85.8,0,in_state,state,0,0,0,1,very early commit; first commitment; only commit at position,https://247sports.com/player/ty-bryant-46098447/high-school-246848/
125,2026,46155797,Na'kwaine Carter,DL,Kansas,Enrolled,yes,yes,45.0,51,Weak / Attack,63.4%,36.6%,55.0%,45.0%,33.4%,3-star,831,6/15/2025,"Southmoore (Moore, OK)",OK,Moore,35.328503,-97.474763,KS,38.959551,-95.265468,279,regional,city,1,1,0,0,early commit; first commitment; only commit at position; other-school OV after commit,https://247sports.com/player/nakwaine-carter-46155797/high-school-329786/
126,2026,46152353,Kyndrick Williams,S,Arkansas,Enrolled,yes,yes,37,37,Weak / Attack,63.1%,36.9%,55.0%,45.0%,55.0%,3-star,NA,9/19/2024,"Fayetteville (Fayetteville, AR)",AR,Fayetteville,36.071455,-94.166564,AR,36.071455,-94.166564,0,in_state,city,0,0,0,1,very early commit; first commitment; only commit at position,https://247sports.com/player/kyndrick-williams-46152353/high-school-322004/
127,2025,46129850,Tyson Terry,DL,Nebraska,Enrolled,yes,yes,42,42,Weak / Attack,63.0%,37.0%,55.0%,45.0%,55.0%,4-star,455,6/9/2023,"Omaha North (Omaha, NE)",NE,Omaha,41.262705,-96.053475,NE,40.810284,-96.674856,45,nearby,city,0,0,0,0,very early commit; first commitment; 4-star,https://247sports.com/player/tyson-terry-46129850/high-school-275843/
128,2026,46148026,Keavon Roberts,WR,Houston,Enrolled,yes,yes,41,41,Weak / Attack,62.8%,37.2%,55.0%,45.0%,55.0%,3-star,831,6/16/2024,"Port Arthur Memorial (Port Arthur, TX)",TX,Port Arthur,29.900008,-93.89442,TX,29.785743,-95.388806,90,nearby,city,0,0,1,1,very early commit; first commitment; thin position group; other-school offers after commit,https://247sports.com/player/keavon-roberts-46148026/high-school-310703/
129,2027,46164759,Joey Massey,ATH,Iowa State,Hard Commit,no,yes,51,51,Vulnerable,62.8%,37.2%,33.4%,66.6%,33.4%,3-star,NA,6/5/2026,"Notre Dame Academy (Green Bay, WI)",WI,Green Bay,44.521542,-87.986568,IA,42.026327,-93.621264,332,regional,city,0,0,0,0,early commit; first commitment; only commit at position,https://247sports.com/player/joey-massey-46164759/high-school-351863/
130,2023,46129433,Bray Hubbard,ATH,Alabama,Enrolled,yes,yes,54,54,Vulnerable,62.8%,37.2%,33.4%,66.6%,33.4%,4-star,316,6/26/2022,"Ocean Springs (Ocean Springs, MS)",MS,Ocean Springs,30.402704,-88.788647,AL,33.234404,-87.5283,209,nearby,city,0,0,0,0,first commitment; only commit at position; 4-star,https://247sports.com/player/bray-hubbard-46129433/high-school-275095/
131,2027,46161357,Zach Forbish,WR,Michigan State,Hard Commit,no,yes,48,48,Weak / Attack,62.7%,37.3%,55.0%,45.0%,55.0%,3-star,888,6/7/2026,"Frisco Lone Star (Frisco, TX)",TX,Frisco,33.155427,-96.822596,MI,42.748913,-84.482442,942,far,city,0,0,0,0,early commit; first commitment; only commit at position; far,https://247sports.com/player/zach-forbish-46161357/high-school-344571/
132,2026,46146481,Daniel Vollmer Jr.,LB,Vanderbilt,Enrolled,yes,yes,51,51,Vulnerable,62.7%,37.3%,33.4%,66.6%,33.4%,3-star,881,2/2/2025,"St. Xavier (Cincinnati, OH)",OH,Cincinnati,39.140183,-84.505829,TN,35.8,-86.4,253,regional,city,0,0,0,0,early commit; first commitment; only commit at position,https://247sports.com/player/daniel-vollmer-jr-46146481/high-school-307593/
133,2023,46114480,Lamont Payne Jr.,CB,Penn State,Enrolled,yes,yes,38,38,Weak / Attack,62.6%,37.4%,55.0%,45.0%,55.0%,3-star,609,9/18/2021,"Chartiers Valley (Bridgeville, PA)",PA,Bridgeville,40.358204,-80.10755,PA,40.791039,-77.856813,122,nearby,city,0,0,0,0,very early commit; first commitment; thin position group,https://247sports.com/player/lamont-payne-jr-46114480/high-school-263047/
134,2027,46146402,Kayden Edwards,ATH,Boston College,Hard Commit,no,yes,51,51,Vulnerable,62.6%,37.4%,33.4%,66.6%,33.4%,3-star,NA,6/17/2026,"Ironton (Ironton, OH)",OH,Ironton,38.532596,-82.67809,MA,42.2,-71.8,626,regional,city,0,0,0,0,early commit; first commitment; only commit at position,https://247sports.com/player/kayden-edwards-46146402/high-school-307413/
135,2026,46145691,Chris Stewart,WR,Texas,Enrolled,yes,yes,17,37,Weak / Attack,62.5%,37.5%,55.0%,45.0%,55.0%,4-star,343,6/25/2024,"Shadow Creek (Pearland, TX)",TX,Pearland,29.555732,-95.323012,TX,30.298622,-97.754134,154,nearby,city,4,4,6,1,very early commit; first commitment; thin position group; 4-star; other-school OV after commit,https://247sports.com/player/chris-stewart-46145691/high-school-305688/
136,2026,46146904,Justice Brathwaite,CB,BYU,Enrolled,yes,yes,33.2,34,Weak / Attack,62.5%,37.5%,55.0%,45.0%,55.0%,3-star,NA,12/10/2024,"Higley (Gilbert, AZ)",AZ,Gilbert,33.310345,-111.743121,UT,40.245312,-111.645057,479,regional,city,0,0,1,0,very early commit; first commitment; only commit at position; other-school offers after commit,https://247sports.com/player/justice-brathwaite-46146904/high-school-308397/
137,2022,46085986,Aaron Graves,DL,Iowa,Enrolled,yes,yes,42,42,Weak / Attack,62.3%,37.7%,55.0%,45.0%,55.0%,4-star,128,6/25/2019,"Southeast Valley (Gowrie, IA)",IA,Gowrie,42.277932,-94.289735,IA,41.655661,-91.530859,148,nearby,city,0,0,0,1,very early commit; first commitment; 4-star,https://247sports.com/player/aaron-graves-46085986/high-school-238194/
138,2027,46143324,Connor Winn,TE,Florida State,Hard Commit,no,yes,33,33,Weak / Attack,62.2%,37.8%,55.0%,45.0%,55.0%,3-star,NA,7/1/2025,"University Christian (Jacksonville, FL)",FL,Jacksonville,30.336864,-81.661603,FL,30.453529,-84.252272,155,nearby,city,0,0,0,0,very early commit; first commitment; only commit at position,https://247sports.com/player/connor-winn-46143324/high-school-361337/
139,2025,46128692,Tikey Hayes,RB,Penn State,Enrolled,yes,yes,34,34,Weak / Attack,62.2%,37.8%,55.0%,45.0%,55.0%,4-star,429,9/25/2023,"Aliquippa (Aliquippa, PA)",PA,Aliquippa,40.615827,-80.255162,PA,40.791039,-77.856813,126,nearby,city,0,0,0,0,very early commit; first commitment; thin position group; 4-star,https://247sports.com/player/tikey-hayes-46128692/high-school-273957/
140,2025,46135569,Carson Lawrence,S,Vanderbilt,Enrolled,yes,yes,14,34,Weak / Attack,62.1%,37.9%,55.0%,45.0%,55.0%,4-star,330,6/23/2023,"McCallie School (Chattanooga, TN)",TN,Chattanooga,35.065958,-85.248386,TN,35.8,-86.4,82,nearby,city,4,6,16,1,very early commit; first commitment; thin position group; 4-star; other-school OV after commit,https://247sports.com/player/carson-lawrence-46135569/high-school-284210/
141,2026,46153781,Ayden Johnson,DL,Texas Tech,Enrolled,yes,yes,33.2,34,Weak / Attack,62.0%,38.0%,55.0%,45.0%,55.0%,3-star,963,11/30/2024,"Mount Pleasant (Mount Pleasant, TX)",TX,Mount Pleasant,33.158236,-94.974468,TX,33.561901,-101.888883,400,regional,city,0,0,1,0,very early commit; first commitment; thin position group; other-school offers after commit,https://247sports.com/player/ayden-johnson-46153781/high-school-325128/
142,2022,46101119,Sione Hala,S,Boston College,Enrolled,yes,yes,38.0,44,Weak / Attack,62.0%,38.0%,55.0%,45.0%,55.0%,4-star,342,5/21/2021,"St. John Bosco (Bellflower, CA)",CA,Bellflower,33.887821,-118.12725,MA,42.2,-71.8,2553,cross_country,city,1,1,0,0,early commit; first commitment; only commit at position; cross country; 4-star,https://247sports.com/player/sione-hala-46101119/high-school-250325/
143,2024,46113815,Kavion Henderson,DL,Arkansas,Enrolled,yes,yes,20.0,33,Weak / Attack,61.9%,38.1%,55.0%,45.0%,55.0%,4-star,316,11/6/2022,"Leeds (Leeds, AL)",AL,Leeds,33.546847,-86.571448,AR,36.071455,-94.166564,465,regional,city,2,2,4,1,very early commit; first commitment; thin position group; 4-star; other-school OV after commit,https://247sports.com/player/kavion-henderson-46113815/high-school-262206/
144,2026,46154794,Sam Dawson,DL,Louisville,Enrolled,yes,yes,53,53,Vulnerable,61.9%,38.1%,33.4%,66.6%,33.4%,3-star,NA,1/16/2025,"South Oldham (Crestwood, KY)",KY,Crestwood,38.343668,-85.477656,KY,38.224728,-85.740614,16,nearby,city,0,0,0,1,early commit; first commitment; only commit at position,https://247sports.com/player/sam-dawson-46154794/high-school-328015/
145,2027,46149257,Sione Felila,DL,Oklahoma,Hard Commit,no,yes,58,58,Vulnerable,61.9%,38.1%,33.4%,66.6%,33.4%,3-star,765,4/27/2026,"Oak Hills (Hesperia, CA)",CA,Hesperia,34.397038,-117.315198,OK,35.240569,-97.345299,1132,far,city,0,0,0,0,early commit; first commitment; far,https://247sports.com/player/sione-felila-46149257/high-school-314079/
146,2023,46110318,Ethan Davis,TE,Tennessee,Enrolled,yes,yes,15.2,29,Weak / Attack,61.8%,38.2%,55.0%,45.0%,55.0%,4-star,144,12/12/2021,"Collins Hill (Suwanee, GA)",GA,Suwanee,34.051119,-84.06591,TN,35.97068,-83.94927,133,nearby,city,0,2,13,1,very early commit; first commitment; only commit at position; 4-star; other-school visit after commit,https://247sports.com/player/ethan-davis-46110318/high-school-258569/
147,2025,46134243,Joey VanWetzinga,IOL,Iowa,Enrolled,yes,yes,40,40,Weak / Attack,61.8%,38.2%,55.0%,45.0%,55.0%,3-star,792,7/1/2023,"Pleasant Valley (Bettendorf, IA)",IA,Bettendorf,41.566836,-90.476879,IA,41.655661,-91.530859,55,nearby,city,0,0,0,1,very early commit; first commitment; thin position group,https://247sports.com/player/joey-vanwetzinga-46134243/high-school-281935/
148,2023,46128471,Jamari Johnson,ATH,Louisville,Enrolled,yes,yes,44,44,Weak / Attack,61.8%,38.2%,55.0%,45.0%,55.0%,4-star,339,4/5/2022,"Inglewood (Inglewood, CA)",CA,Inglewood,33.956068,-118.344274,KY,38.224728,-85.740614,1834,cross_country,city,0,0,2,1,early commit; first commitment; only commit at position; cross country; 4-star,https://247sports.com/player/jamari-johnson-46128471/high-school-273646/
149,2026,46156078,Rinaldo Callaway III,Edge,Rutgers,Enrolled,yes,yes,47,47,Weak / Attack,61.8%,38.2%,55.0%,45.0%,55.0%,4-star,377,6/2/2025,"Southwest (Macon, GA)",GA,Macon,,,NJ,40.1,-74.5,707,regional,state,0,0,0,0,early commit; first commitment; only commit at position; 4-star,https://247sports.com/player/rinaldo-callaway-iii-46156078/high-school-330451/
150,2027,46164717,Bryson Brown,LB,Baylor,Hard Commit,no,yes,51,51,Vulnerable,61.8%,38.2%,33.4%,66.6%,33.4%,3-star,NA,1/31/2026,"Stillwater (Stillwater, OK)",OK,Stillwater,36.131496,-97.074464,TX,31.557994,-97.18975,316,regional,city,0,0,0,0,early commit; first commitment; only commit at position,https://247sports.com/player/bryson-brown-46164717/high-school-351809/
151,2024,46131723,DJ Jordan,WR,USC,Enrolled,yes,yes,49,49,Weak / Attack,61.7%,38.3%,55.0%,45.0%,55.0%,4-star,84,5/1/2023,"Sierra Canyon (Chatsworth, CA)",CA,Chatsworth,,,CA,34.019394,-118.410825,200,nearby,state,0,0,0,0,early commit; first commitment; only commit at position; 4-star,https://247sports.com/player/dj-jordan-46131723/high-school-292555/
152,2026,46139482,Maurice Medley,ATH,Syracuse,Enrolled,yes,yes,31.5,39,Weak / Attack,61.6%,38.4%,55.0%,45.0%,55.0%,3-star,NA,12/2/2024,"St. Frances Academy (Baltimore, MD)",MD,Baltimore,39.300032,-76.610476,NY,43.040998,-76.143554,260,regional,city,1,1,2,0,very early commit; first commitment; thin position group; other-school OV after commit; other-school offers after commit,https://247sports.com/player/maurice-medley-46139482/high-school-292620/
153,2022,46058583,Rashad Rochelle,WR,Rutgers,Enrolled,yes,yes,41,41,Weak / Attack,61.6%,38.4%,55.0%,45.0%,55.0%,3-star,731,10/19/2020,"Springfield (Springfield, IL)",IL,Springfield,39.791063,-89.644572,NJ,40.1,-74.5,802,far,city,0,0,0,0,very early commit; first commitment; far,https://247sports.com/player/rashad-rochelle-46058583/high-school-225006/
154,2026,46150510,Dylan Wester,ATH,Pittsburgh,Enrolled,yes,yes,51,51,Vulnerable,61.6%,38.4%,33.4%,66.6%,33.4%,3-star,802,3/21/2025,"Booker (Sarasota, FL)",FL,Sarasota,27.338257,-82.543721,PA,40.439936,-79.975676,917,far,city,0,0,0,1,early commit; first commitment; only commit at position; far,https://247sports.com/player/dylan-wester-46150510/high-school-316113/
155,2027,46167306,Magic Haynes,DL,Arizona State,Hard Commit,no,yes,51,51,Vulnerable,61.6%,38.4%,33.4%,66.6%,33.4%,3-star,NA,6/15/2026,"Compton Centennial (Compton, CA)",CA,Compton,33.894047,-118.227469,AZ,33.388414,-111.931782,364,regional,city,0,0,0,0,early commit; first commitment; only commit at position,https://247sports.com/player/magic-haynes-46167306/high-school-360244/
156,2025,46137237,James Flanigan,TE,Notre Dame,Enrolled,yes,yes,32,32,Weak / Attack,61.5%,38.5%,55.0%,45.0%,55.0%,4-star,127,10/21/2023,"Notre Dame Academy (Green Bay, WI)",WI,Green Bay,44.521542,-87.986568,IN,41.700283,-86.238679,214,nearby,city,0,0,0,0,very early commit; first commitment; only commit at position; 4-star,https://247sports.com/player/james-flanigan-46137237/high-school-288354/
157,2026,46135992,Jaden Jefferson,ATH,North Carolina,Enrolled,yes,yes,57.2,58,Vulnerable,61.4%,38.6%,33.4%,66.6%,33.4%,3-star,881,1/21/2025,"De La Salle (Concord, CA)",CA,Concord,37.972184,-122.001587,NC,35.928328,-79.041375,2355,cross_country,city,0,0,1,0,early commit; first commitment; cross country; other-school offers after commit,https://247sports.com/player/jaden-jefferson-46135992/high-school-285247/
158,2024,46117041,CJ Bailey,QB,NC State,Enrolled,yes,yes,47,47,Weak / Attack,61.3%,38.7%,55.0%,45.0%,55.0%,4-star,434,3/13/2023,"Chaminade-Madonna (Hollywood, FL)",FL,Hollywood,26.030967,-80.164609,NC,35.831868,-78.641042,683,regional,city,0,0,0,0,early commit; first commitment; only commit at position; 4-star,https://247sports.com/player/cj-bailey-46117041/high-school-267078/
159,2027,46163630,Marcus Watson,ATH,Houston,Hard Commit,no,yes,49.0,53,Weak / Attack,61.2%,38.8%,55.0%,45.0%,33.4%,3-star,888,4/3/2026,"Baton Rouge Central (Baton Rouge, LA)",LA,Baton Rouge,30.440443,-91.133166,TX,29.785743,-95.388806,258,regional,city,1,1,0,1,early commit; first commitment; only commit at position; other-school OV after commit,https://247sports.com/player/marcus-watson-46163630/high-school-349101/
160,2026,46137277,Faizon Brandon,QB,Tennessee,Enrolled,yes,yes,16.0,26,Weak / Attack,61.1%,38.9%,55.0%,45.0%,55.0%,5-star,10,8/3/2024,"Grimsley (Greensboro, NC)",NC,Greensboro,36.09485,-79.823624,TN,35.97068,-83.94927,231,nearby,city,0,4,0,1,very early commit; first commitment; only commit at position; 5-star; other-school visit after commit,https://247sports.com/player/faizon-brandon-46137277/high-school-288439/
161,2027,46164607,Raiden Cook,DL,Houston,Hard Commit,no,yes,42.0,52,Weak / Attack,61.1%,38.9%,55.0%,45.0%,33.4%,4-star,144,2/3/2026,"Barbers Hill (Mont Belvieu, TX)",TX,Mont Belvieu,29.849964,-94.874713,TX,29.785743,-95.388806,31,nearby,city,1,1,8,1,early commit; first commitment; only commit at position; 4-star; other-school OV after commit,https://247sports.com/player/raiden-cook-46164607/high-school-351553/
162,2022,46101903,Walter Bob,DL,Alabama,Hard Commit,no,yes,56.2,60,Vulnerable,61.1%,38.9%,33.4%,66.6%,33.4%,4-star,334,2/1/2021,"Acadiana (Lafayette, LA)",LA,Lafayette,30.2056,-92.028058,AL,33.234404,-87.5283,337,regional,city,0,0,5,0,early commit; first commitment; 4-star; other-school offers after commit,https://247sports.com/player/walter-bob-46101903/high-school-251584/
163,2027,46149821,Elijah Patmon,DL,Texas A&M,Hard Commit,no,yes,33,33,Weak / Attack,60.9%,39.1%,55.0%,45.0%,55.0%,4-star,180,10/11/2025,"Northside (Warner Robins, GA)",GA,Warner Robins,32.597096,-83.653936,TX,30.58516,-96.29636,756,far,city,0,0,1,1,very early commit; first commitment; thin position group; far; 4-star,https://247sports.com/player/elijah-patmon-46149821/high-school-314986/
164,2023,46099799,Gabe Harris Jr.,Edge,Georgia,Enrolled,yes,yes,57,57,Vulnerable,60.7%,39.3%,33.4%,66.6%,33.4%,4-star,66,4/17/2022,"IMG Academy (Bradenton, FL)",FL,Bradenton,27.489798,-82.576804,GA,32.7,-83.3,363,regional,city,0,0,0,0,early commit; first commitment; 4-star,https://247sports.com/player/gabe-harris-jr-46099799/high-school-285354/
165,2025,46141591,Matt Outten,ATH,Penn State,Enrolled,yes,yes,52,52,Vulnerable,60.6%,39.4%,33.4%,66.6%,33.4%,4-star,311,9/2/2024,"I.C. Norcom (Portsmouth, VA)",VA,Portsmouth,36.859339,-76.356973,PA,40.791039,-77.856813,283,regional,city,0,0,0,0,first commitment; only commit at position; 4-star,https://247sports.com/player/matt-outten-46141591/high-school-296523/
166,2025,46141610,Marquet Dorsey Jr.,CB,Northwestern,Enrolled,yes,yes,55,55,Vulnerable,60.5%,39.5%,33.4%,66.6%,33.4%,3-star,NA,5/14/2024,"Don Bosco Prep (Ramsey, NJ)",NJ,Ramsey,41.061325,-74.146996,IL,42.046391,-87.694352,703,regional,city,0,0,0,0,early commit; first commitment; only commit at position,https://247sports.com/player/marquet-dorsey-jr-46141610/high-school-296557/
167,2025,46142757,Josh Williams,IOL,Stanford,Enrolled,yes,yes,43,43,Weak / Attack,60.4%,39.6%,55.0%,45.0%,55.0%,3-star,619,2/19/2024,"The Haverford School (Haverford, PA)",PA,Haverford,,,CA,37.426933,-122.167741,2391,cross_country,state,0,0,0,0,early commit; first commitment; only commit at position; cross country,https://247sports.com/player/josh-williams-46142757/high-school-298733/
168,2023,46130694,Frank Covey IV,ATH,Northwestern,Enrolled,yes,yes,53,53,Vulnerable,60.4%,39.6%,33.4%,66.6%,33.4%,3-star,899,2/6/2022,"Prospect (Mount Prospect, IL)",IL,Mount Prospect,42.064202,-87.937364,IL,42.046391,-87.694352,13,nearby,city,0,0,0,0,early commit; first commitment; only commit at position,https://247sports.com/player/frank-covey-iv-46130694/high-school-276560/
169,2022,46113843,Phillip Dunnam,S,Indiana,Enrolled,yes,yes,55,55,Vulnerable,60.4%,39.6%,33.4%,66.6%,33.4%,3-star,648,7/20/2021,"North Miami Beach (Miami, FL)",FL,Miami,25.775163,-80.208615,IN,39.1637,-86.524264,995,far,city,0,0,0,1,first commitment; only commit at position; far,https://247sports.com/player/phillip-dunnam-46113843/high-school-262241/
170,2022,46058787,Curt Neal,DL,Wisconsin,Enrolled,yes,yes,61,61,Vulnerable,60.4%,39.6%,33.4%,66.6%,33.4%,3-star,464,6/25/2021,"Hough (Cornelius, NC)",NC,Cornelius,35.473234,-80.881329,WI,43.087815,-89.429856,696,regional,city,0,0,0,0,first commitment; thin position group,https://247sports.com/player/curt-neal-46058787/high-school-225278/
171,2026,46151669,Polo Anderson,S,Clemson,Enrolled,yes,yes,49,49,Weak / Attack,60.3%,39.7%,55.0%,45.0%,55.0%,4-star,112,5/15/2025,"Dorman (Roebuck, SC)",SC,Roebuck,34.878987,-81.964442,SC,34.683564,-82.810575,50,nearby,city,0,0,0,0,early commit; first commitment; only commit at position; 4-star,https://247sports.com/player/polo-anderson-46151669/high-school-318321/
172,2027,46161368,Gunnar Perry,LB,California,Hard Commit,no,yes,53,53,Vulnerable,60.3%,39.7%,33.4%,66.6%,33.4%,3-star,NA,2/6/2026,"Cactus Shadows (Scottsdale, AZ)",AZ,Scottsdale,33.684272,-111.861448,CA,37.865673,-122.298725,652,regional,city,0,0,0,0,early commit; first commitment; only commit at position,https://247sports.com/player/gunnar-perry-46161368/high-school-354710/
173,2022,46112718,Marcus Scott II,CB,Missouri,Enrolled,yes,yes,53,53,Vulnerable,60.2%,39.8%,33.4%,66.6%,33.4%,4-star,384,6/13/2021,"Conroe (Conroe, TX)",TX,Conroe,30.328717,-95.4846,MO,38.94729,-92.326387,622,regional,city,0,0,0,0,early commit; first commitment; only commit at position; 4-star,https://247sports.com/player/marcus-scott-ii-46112718/high-school-260328/
174,2026,46137059,Briggs Cherry,QB,Louisville,Enrolled,yes,yes,49,49,Weak / Attack,60.1%,39.9%,55.0%,45.0%,55.0%,4-star,262,1/28/2025,"Baylor School (Chattanooga, TN)",TN,Chattanooga,35.065958,-85.248386,KY,38.224728,-85.740614,220,nearby,city,0,0,0,1,early commit; first commitment; only commit at position; 4-star,https://247sports.com/player/briggs-cherry-46137059/high-school-287771/
175,2024,46103440,Caleb Irving,DL,Purdue,Enrolled,yes,yes,53,53,Vulnerable,60.0%,40.0%,33.4%,66.6%,33.4%,3-star,866,6/21/2023,"Parish Episcopal School (Dallas, TX)",TX,Dallas,32.793333,-96.766513,IN,40.443707,-86.923616,759,far,city,0,0,0,0,early commit; first commitment; thin position group; far,https://247sports.com/player/caleb-irving-46103440/high-school-254334/
176,2026,46139844,Sean Morris II,RB,Northwestern,Enrolled,yes,yes,45,45,Weak / Attack,59.8%,40.2%,55.0%,45.0%,55.0%,3-star,963,5/22/2025,"Orange Lutheran (Orange, CA)",CA,Orange,33.786971,-117.861265,IL,42.046391,-87.694352,1730,cross_country,city,0,0,0,0,early commit; first commitment; only commit at position; cross country,https://247sports.com/player/sean-morris-ii-46139844/high-school-309108/
177,2025,46139509,CJ Bell Jr.,CB,Iowa,Enrolled,yes,yes,53,53,Vulnerable,59.8%,40.2%,33.4%,66.6%,33.4%,3-star,NA,6/24/2024,"St. Thomas More (Prep) (Mansfield, MA)",MA,Mansfield,,,IA,41.655661,-91.530859,1013,far,state,0,0,0,0,first commitment; only commit at position; far,https://247sports.com/player/cj-bell-jr-46139509/prep-292655/
178,2025,46117693,Lamason Waller III,WR,BYU,Enrolled,yes,yes,56,56,Vulnerable,59.8%,40.2%,33.4%,66.6%,33.4%,3-star,563,6/21/2024,"Sultana (Hesperia, CA)",CA,Hesperia,34.397038,-117.315198,UT,40.245312,-111.645057,510,regional,city,0,0,0,0,first commitment; only commit at position,https://247sports.com/player/lamason-waller-iii-46117693/high-school-268017/
179,2025,46137661,Scotty Fox Jr.,QB,West Virginia,Enrolled,yes,yes,33,33,Weak / Attack,59.7%,40.3%,55.0%,45.0%,55.0%,3-star,975,11/18/2023,"Mentor (Mentor, OH)",OH,Mentor,41.690159,-81.33588,WV,39.637487,-79.946856,159,nearby,city,0,0,0,0,very early commit; first commitment; only commit at position,https://247sports.com/player/scotty-fox-jr-46137661/high-school-289265/
180,2024,46134328,Albert Smith III,LB,Arizona State,Enrolled,yes,yes,48,48,Weak / Attack,59.7%,40.3%,55.0%,45.0%,55.0%,3-star,NA,5/21/2023,"Ponchatoula (Ponchatoula, LA)",LA,Ponchatoula,30.440598,-90.442791,AZ,33.388414,-111.931782,1274,far,city,0,0,0,0,early commit; first commitment; only commit at position; far,https://247sports.com/player/albert-smith-iii-46134328/high-school-282098/
181,2025,46133527,Semaj Fleming,WR,Boston College,Enrolled,yes,yes,54,54,Vulnerable,59.7%,40.3%,33.4%,66.6%,33.4%,3-star,795,6/9/2024,"Edgewater (Orlando, FL)",FL,Orlando,28.40865,-81.254805,MA,42.2,-71.8,1090,far,city,0,0,0,0,early commit; first commitment; only commit at position; far,https://247sports.com/player/semaj-fleming-46133527/high-school-280724/
182,2024,46138995,Rashad Godfrey Jr.,CB,Iowa,Enrolled,yes,yes,53,53,Vulnerable,59.6%,40.4%,33.4%,66.6%,33.4%,3-star,990,7/5/2023,"Armwood (Seffner, FL)",FL,Seffner,28.001639,-82.274077,IA,41.655661,-91.530859,1078,far,city,0,0,0,0,first commitment; only commit at position; far,https://247sports.com/player/rashad-godfrey-jr-46138995/high-school-291811/
183,2024,46115411,Joey Olsen,TE,USC,Enrolled,yes,yes,32,32,Weak / Attack,59.5%,40.5%,55.0%,45.0%,55.0%,4-star,287,9/14/2022,"Lakeridge (Lake Oswego, OR)",OR,Lake Oswego,45.413551,-122.700007,CA,34.019394,-118.410825,819,far,city,0,0,0,1,very early commit; first commitment; thin position group; far; 4-star,https://247sports.com/player/joey-olsen-46115411/high-school-264151/
184,2025,46135624,Kamario Taylor,QB,Mississippi State,Enrolled,yes,yes,20.8,27,Weak / Attack,59.4%,40.6%,55.0%,45.0%,55.0%,4-star,119,10/13/2023,"Noxubee County (Macon, MS)",MS,Macon,33.122065,-88.556713,MS,33.463261,-88.827796,28,nearby,city,1,1,3,1,very early commit; first commitment; only commit at position; 4-star; other-school OV after commit,https://247sports.com/player/kamario-taylor-46135624/high-school-284323/
185,2023,46130998,Kenari Wilcher,ATH,Illinois,Enrolled,yes,yes,64,64,Vulnerable,59.4%,40.6%,33.4%,66.6%,33.4%,3-star,718,7/4/2022,"Moore Haven (Clewiston, FL)",FL,Clewiston,26.752811,-80.939194,IL,40.114099,-88.274619,1015,far,city,0,0,0,0,first commitment; thin position group; far,https://247sports.com/player/kenari-wilcher-46130998/high-school-276974/
186,2025,46134755,Akili Smith Jr.,QB,Oregon,Enrolled,yes,yes,32,32,Weak / Attack,59.3%,40.7%,55.0%,45.0%,55.0%,4-star,190,7/31/2023,"San Diego Lincoln (San Diego, CA)",CA,San Diego,32.814977,-117.135562,OR,44.056848,-123.119019,841,far,city,0,0,1,2,very early commit; first commitment; thin position group; far; 4-star,https://247sports.com/player/akili-smith-jr-46134755/high-school-294153/
187,2024,46117232,Cam Buffington,LB,Iowa,Enrolled,yes,yes,41,41,Weak / Attack,59.3%,40.7%,55.0%,45.0%,55.0%,4-star,398,7/26/2021,"Winfield-Mt. Union (Winfield, IA)",IA,Winfield,41.125904,-91.438127,IA,41.655661,-91.530859,37,nearby,city,0,0,0,1,very early commit; first commitment; 4-star,https://247sports.com/player/cam-buffington-46117232/high-school-267399/
188,2025,46137745,Tony Williams Jr.,S,UCF,Enrolled,yes,yes,49,49,Weak / Attack,59.3%,40.7%,55.0%,45.0%,55.0%,4-star,404,3/15/2024,"Miami Central (Miami, FL)",FL,Miami,25.775163,-80.208615,FL,28.40865,-81.254805,193,nearby,city,0,0,0,0,early commit; first commitment; only commit at position; 4-star,https://247sports.com/player/tony-williams-jr-46137745/high-school-317343/
189,2023,46096464,Elliot Washington II,S,Penn State,Enrolled,yes,yes,59,59,Vulnerable,59.3%,40.7%,33.4%,66.6%,33.4%,4-star,172,7/8/2022,"Venice (Venice, FL)",FL,Venice,27.116973,-82.41519,PA,40.791039,-77.856813,980,far,city,0,0,0,0,first commitment; far; 4-star,https://247sports.com/player/elliot-washington-ii-46096464/high-school-244531/
190,2026,46150584,Mojo Williams Jr.,CB,Colorado,Enrolled,yes,yes,53,53,Vulnerable,59.2%,40.8%,33.4%,66.6%,33.4%,3-star,NA,6/25/2025,"Edna Karr (New Orleans, LA)",LA,New Orleans,30.05342,-89.934502,CO,40.024431,-105.251251,1104,far,city,0,0,0,0,first commitment; only commit at position; far,https://247sports.com/player/mojo-williams-jr-46150584/high-school-316227/
191,2025,46151145,Tanner Jumpp,DL,Northwestern,Enrolled,yes,yes,56.5,58,Vulnerable,59.2%,40.8%,33.4%,66.6%,33.4%,3-star,NA,6/22/2024,"Lake Mary (Lake Mary, FL)",FL,Lake Mary,28.759104,-81.332813,IL,42.046391,-87.694352,985,far,city,0,0,2,0,first commitment; thin position group; far; other-school offers after commit,https://247sports.com/player/tanner-jumpp-46151145/high-school-317112/
192,2024,46133318,Red Martel,RB,Kansas,Enrolled,yes,yes,40,40,Weak / Attack,59.1%,40.9%,55.0%,45.0%,55.0%,3-star,NA,11/8/2022,"Beggs (Beggs, OK)",OK,Beggs,35.741386,-96.066464,KS,38.959551,-95.265468,227,nearby,city,0,0,1,1,very early commit; first commitment; thin position group; other-school offers after commit,https://247sports.com/player/red-martel-46133318/high-school-280151/
193,2024,46138608,Quay'sheed Scott,S,Kentucky,Enrolled,yes,yes,56,56,Vulnerable,59.1%,40.9%,33.4%,66.6%,33.4%,3-star,737,7/4/2023,"Marion (Marion, SC)",SC,Marion,34.178658,-79.395659,KY,37.8,-85.8,437,regional,city,0,0,0,0,first commitment; only commit at position,https://247sports.com/player/quaysheed-scott-46138608/high-school-291195/
194,2027,46167522,Landon Johnson,S,TCU,Hard Commit,no,yes,51,51,Vulnerable,58.9%,41.1%,33.4%,66.6%,33.4%,3-star,NA,6/5/2026,"Madison Prep Academy (Baton Rouge, LA)",LA,Baton Rouge,30.440443,-91.133166,TX,32.781954,-97.348573,400,regional,city,0,0,0,0,early commit; first commitment; only commit at position,https://247sports.com/player/landon-johnson-46167522/high-school-360572/
195,2023,46129813,Shadarian Harrison,CB,Pittsburgh,Enrolled,yes,yes,49.2,50,Weak / Attack,58.8%,41.2%,55.0%,45.0%,33.4%,3-star,734,6/3/2022,"Lakeland (Lakeland, FL)",FL,Lakeland,28.055496,-81.954772,PA,40.439936,-79.975676,863,far,city,0,0,1,0,early commit; first commitment; only commit at position; far; other-school offers after commit,https://247sports.com/player/shadarian-harrison-46129813/high-school-282179/
196,2023,46133452,Vilay Nakkoun Jr.,ATH,Rutgers,Enrolled,yes,yes,53,53,Vulnerable,58.7%,41.3%,33.4%,66.6%,33.4%,3-star,NA,6/8/2022,"Orlando Christian Prep (Orlando, FL)",FL,Orlando,28.40865,-81.254805,NJ,40.1,-74.5,894,far,city,0,0,0,0,early commit; first commitment; thin position group; far,https://247sports.com/player/vilay-nakkoun-jr-46133452/high-school-280460/
197,2026,46138185,Kendre Harrison,TE,Oregon,Enrolled,yes,yes,19,19,Weak / Attack,58.6%,41.4%,55.0%,45.0%,55.0%,5-star,34,11/30/2024,"Reidsville (Reidsville, NC)",NC,Reidsville,36.341304,-79.673826,OR,44.056848,-123.119019,2326,cross_country,city,0,0,0,2,very early commit; first commitment; only commit at position; cross country; 5-star,https://247sports.com/player/kendre-harrison-46138185/high-school-318679/
198,2025,46145282,Ramonz Adams Jr.,CB,Washington,Enrolled,yes,yes,50,50,Vulnerable,58.4%,41.6%,33.4%,66.6%,33.4%,3-star,987,7/2/2024,"Bastrop (Bastrop, TX)",TX,Bastrop,30.1111,-97.318152,WA,47.619335,-122.351538,1796,cross_country,city,0,0,0,0,first commitment; only commit at position; cross country,https://247sports.com/player/ramonz-adams-jr-46145282/high-school-304657/
199,2022,46076668,Caleb Burton III,WR,Ohio State,Enrolled,yes,yes,37,37,Weak / Attack,58.3%,41.7%,55.0%,45.0%,55.0%,4-star,132,11/23/2020,"Lake Travis (Austin, TX)",TX,Austin,30.298622,-97.754134,OH,39.983938,-82.984882,1067,far,city,0,0,0,0,very early commit; first commitment; far; 4-star,https://247sports.com/player/caleb-burton-iii-46076668/high-school-227222/
200,2024,46138885,Carlos Orr-Gillespie,WR,Illinois,Enrolled,yes,yes,51,51,Vulnerable,58.2%,41.8%,33.4%,66.6%,33.4%,3-star,854,6/12/2023,"Gatlinburg Pittman (Gatlinburg, TN)",TN,Gatlinburg,35.725027,-83.493722,IL,40.114099,-88.274619,400,regional,city,0,0,0,0,early commit; first commitment; only commit at position,https://247sports.com/player/carlos-orr-gillespie-46138885/high-school-291663/
201,2025,46139632,RJ Jones III,CB,Illinois,Enrolled,yes,yes,53,53,Vulnerable,58.2%,41.8%,33.4%,66.6%,33.4%,3-star,NA,6/29/2024,"Vero Beach (Vero Beach, FL)",FL,Vero Beach,27.64722,-80.393136,IL,40.114099,-88.274619,972,far,city,0,0,0,0,first commitment; only commit at position; far,https://247sports.com/player/rj-jones-iii-46139632/high-school-301992/
202,2022,46086648,Peter Delaportas,QB,Boston College,Enrolled,yes,yes,33,33,Weak / Attack,58.1%,41.9%,55.0%,45.0%,55.0%,3-star,592,9/8/2020,"Jefferson Township (Oak Ridge, NJ)",NJ,Oak Ridge,41.031046,-74.498236,MA,42.2,-71.8,161,nearby,city,0,0,0,0,very early commit; first commitment; only commit at position,https://247sports.com/player/peter-delaportas-46086648/high-school-239941/
203,2026,46146268,Johnny O'Brien,QB,Northwestern,Enrolled,yes,yes,31,31,Weak / Attack,57.9%,42.1%,55.0%,45.0%,55.0%,3-star,NA,6/15/2024,"Fremd (Palatine, IL)",IL,Palatine,42.116467,-88.044361,IL,42.046391,-87.694352,19,nearby,city,0,0,0,1,very early commit; first commitment; only commit at position,https://247sports.com/player/johnny-obrien-46146268/high-school-306944/
204,2022,46085670,Sam Brown,RB,Rutgers,Enrolled,yes,yes,49,49,Weak / Attack,57.9%,42.1%,55.0%,45.0%,55.0%,4-star,374,3/31/2021,"La Salle College (Glenside, PA)",PA,Glenside,40.103249,-75.151877,NJ,40.1,-74.5,34,nearby,city,0,0,0,0,early commit; first commitment; only commit at position; 4-star,https://247sports.com/player/sam-brown-46085670/high-school-237545/
205,2024,46135013,Allen Bryant,S,Pittsburgh,Enrolled,yes,yes,50,50,Vulnerable,57.9%,42.1%,33.4%,66.6%,33.4%,3-star,NA,6/3/2023,"St. Thomas Aquinas (Fort Lauderdale, FL)",FL,Fort Lauderdale,26.141227,-80.146731,PA,40.439936,-79.975676,988,far,city,0,0,0,0,early commit; first commitment; only commit at position; far,https://247sports.com/player/allen-bryant-46135013/high-school-295519/
206,2024,46102336,Jason Robinson Jr.,WR,Washington,Enrolled,yes,yes,58,58,Vulnerable,57.9%,42.1%,33.4%,66.6%,33.4%,3-star,500,6/24/2023,"San Juan Hills (San Juan Capistrano, CA)",CA,San Juan Capistrano,33.500889,-117.654388,WA,47.619335,-122.351538,1006,far,city,0,0,0,0,first commitment; thin position group; far,https://247sports.com/player/jason-robinson-jr-46102336/high-school-300953/
207,2022,46094907,Bennett Christian,TE,Ohio State,Enrolled,yes,yes,28,28,Weak / Attack,57.8%,42.2%,55.0%,45.0%,55.0%,4-star,408,9/1/2020,"Allatoona (Acworth, GA)",GA,Acworth,34.061991,-84.681121,OH,39.983938,-82.984882,420,regional,city,0,0,0,1,very early commit; first commitment; only commit at position; 4-star,https://247sports.com/player/bennett-christian-46094907/high-school-243755/
208,2027,46145091,Jonathan Barnes,CB,UCF,Hard Commit,no,yes,48,48,Weak / Attack,57.8%,42.2%,55.0%,45.0%,55.0%,3-star,NA,6/14/2026,"Duncanville (Duncanville, TX)",TX,Duncanville,32.64595,-96.91387,FL,28.40865,-81.254805,976,far,city,0,0,0,0,early commit; first commitment; only commit at position; far,https://247sports.com/player/jonathan-barnes-46145091/high-school-304232/
209,2025,46139002,Trynae Washington,ATH,Oklahoma,Enrolled,yes,yes,37,37,Weak / Attack,57.7%,42.3%,55.0%,45.0%,55.0%,4-star,345,11/2/2023,"Carl Albert (Oklahoma City, OK)",OK,Oklahoma City,35.467079,-97.513657,OK,35.240569,-97.345299,18,nearby,city,0,0,0,0,very early commit; first commitment; thin position group; 4-star,https://247sports.com/player/trynae-washington-46139002/high-school-291820/
210,2025,46141539,Nedrick Boldin Jr.,ATH,Boston College,Enrolled,yes,yes,61,61,Vulnerable,57.7%,42.3%,33.4%,66.6%,33.4%,3-star,NA,3/12/2024,"Palm Beach Central (West Palm Beach, FL)",FL,West Palm Beach,26.745114,-80.127038,MA,42.2,-71.8,1167,far,city,0,0,0,0,early commit; first commitment; far,https://247sports.com/player/nedrick-boldin-jr-46141539/high-school-296459/
211,2026,46142094,Sean Stover,IOL,Duke,Enrolled,yes,yes,18.0,25,Weak / Attack,57.6%,42.4%,55.0%,45.0%,55.0%,4-star,345,11/25/2024,"Prosper (Prosper, TX)",TX,Prosper,33.241332,-96.812388,NC,35.977928,-78.898109,1035,far,city,1,1,4,1,very early commit; first commitment; only commit at position; far; 4-star,https://247sports.com/player/sean-stover-46142094/high-school-297531/
212,2022,46096357,LeQuint Allen,RB,Syracuse,Enrolled,yes,yes,47.0,53,Weak / Attack,57.6%,42.4%,55.0%,45.0%,33.4%,3-star,914,3/5/2021,"Millville (Millville, NJ)",NJ,Millville,39.390093,-75.054797,NY,43.040998,-76.143554,259,regional,city,1,1,0,0,early commit; first commitment; only commit at position; other-school OV after commit,https://247sports.com/player/lequint-allen-46096357/high-school-244370/
213,2027,46147250,Xavier Muhammad,DL,Michigan,Hard Commit,no,yes,34,54,Weak / Attack,57.5%,42.5%,55.0%,45.0%,33.4%,4-star,95,5/14/2026,"South Houston (South Houston, TX)",TX,South Houston,29.661024,-95.228361,MI,42.276147,-83.73086,1081,far,city,4,4,0,1,early commit; first commitment; only commit at position; far; 4-star,https://247sports.com/player/xavier-muhammad-46147250/high-school-308861/
214,2026,46157279,Eliyjah Caldwell,S,Michigan State,Enrolled,yes,yes,53,53,Vulnerable,57.5%,42.5%,33.4%,66.6%,33.4%,3-star,NA,6/8/2025,"Global Impact Ministries Academy (Jacksonville, FL)",FL,Jacksonville,30.336864,-81.661603,MI,42.748913,-84.482442,872,far,city,0,0,0,0,early commit; first commitment; thin position group; far,https://247sports.com/player/eliyjah-caldwell-46157279/high-school-334978/
215,2024,46127619,Dre'lon Miller,WR,Colorado,Enrolled,yes,yes,66,66,Stable / Monitor,57.5%,42.5%,17.5%,82.5%,17.5%,4-star,101,12/10/2023,"Silsbee (Silsbee, TX)",TX,Silsbee,30.345491,-94.176787,CO,40.024431,-105.251251,914,far,city,0,0,0,0,first commitment; only commit at position; far; 4-star,https://247sports.com/player/drelon-miller-46127619/high-school-272307/
216,2026,46129931,Dereon Coleman,QB,Miami,Enrolled,yes,yes,27.8,29,Weak / Attack,57.4%,42.6%,55.0%,45.0%,55.0%,4-star,286,7/3/2024,"Jones (Orlando, FL)",FL,Orlando,28.40865,-81.254805,FL,25.683061,-80.261659,198,nearby,city,0,0,7,2,very early commit; first commitment; only commit at position; 4-star; other-school offers after commit,https://247sports.com/player/dereon-coleman-46129931/high-school-291849/
217,2024,46134926,Jeremy Hecklinski,QB,Wake Forest,Enrolled,yes,yes,33,33,Weak / Attack,57.4%,42.6%,55.0%,45.0%,55.0%,3-star,646,12/14/2022,"Walton (Marietta, GA)",GA,Marietta,33.953561,-84.542463,NC,36.102863,-80.260829,284,regional,city,0,0,0,0,very early commit; first commitment; only commit at position,https://247sports.com/player/jeremy-hecklinski-46134926/high-school-283102/
218,2027,46166948,Cordaro Parham,CB,Michigan State,Hard Commit,no,yes,51,51,Vulnerable,57.4%,42.6%,33.4%,66.6%,33.4%,3-star,NA,6/5/2026,"Jefferson (Jefferson, GA)",GA,Jefferson,34.136239,-83.602157,MI,42.748913,-84.482442,597,regional,city,0,0,0,0,early commit; first commitment; only commit at position,https://247sports.com/player/cordaro-parham-46166948/high-school-359744/
219,2023,46097268,Jacobe Robinson,QB,Boston College,Enrolled,yes,yes,44.0,50,Weak / Attack,57.3%,42.7%,55.0%,45.0%,33.4%,3-star,810,2/26/2022,"Henderson (Henderson, TX)",TX,Henderson,32.157256,-94.795898,MA,42.2,-71.8,1437,far,city,1,1,0,0,early commit; first commitment; only commit at position; far; other-school OV after commit,https://247sports.com/player/jacobe-robinson-46097268/high-school-245176/
220,2026,46146160,Nas Rankin,ATH,Illinois,Enrolled,yes,yes,49,49,Weak / Attack,57.3%,42.7%,55.0%,45.0%,55.0%,4-star,307,5/21/2025,"Morgan Park (Chicago, IL)",IL,Chicago,41.837045,-87.684939,IL,40.114099,-88.274619,123,nearby,city,0,0,0,0,early commit; first commitment; only commit at position; 4-star,https://247sports.com/player/nas-rankin-46146160/high-school-306712/
221,2022,46094975,Nate Burrell,DL,California,Enrolled,yes,yes,51,51,Vulnerable,57.3%,42.7%,33.4%,66.6%,33.4%,3-star,502,6/7/2021,"St. John Bosco (Bellflower, CA)",CA,Bellflower,33.887821,-118.12725,CA,37.865673,-122.298725,361,regional,city,0,0,0,0,early commit; first commitment; only commit at position,https://247sports.com/player/nate-burrell-46094975/high-school-243931/
222,2023,46134724,Zion Gunn,CB,Purdue,Enrolled,yes,yes,51.2,52,Vulnerable,57.3%,42.7%,33.4%,66.6%,33.4%,3-star,NA,6/13/2022,"Winter Park (Winter Park, FL)",FL,Winter Park,28.59663,-81.345748,IN,40.443707,-86.923616,877,far,city,0,0,1,0,early commit; first commitment; only commit at position; far; other-school offers after commit,https://247sports.com/player/zion-gunn-46134724/high-school-282769/
223,2024,46134597,Keke Adams,S,Virginia,Enrolled,yes,yes,56,56,Vulnerable,57.3%,42.7%,33.4%,66.6%,33.4%,3-star,NA,6/24/2023,"Avon Old Farms (Avon, CT)",CT,Avon,,,VA,38.037658,-78.485381,393,regional,state,0,0,0,0,first commitment; only commit at position,https://247sports.com/player/keke-adams-46134597/high-school-282550/
224,2027,46166027,Zeke Walkup,DL,Maryland,Hard Commit,no,yes,61,61,Vulnerable,57.3%,42.7%,33.4%,66.6%,33.4%,3-star,888,6/21/2026,"Cannon County (Woodbury, TN)",TN,Woodbury,35.82473,-86.072434,MD,38.996276,-76.935594,547,regional,city,0,0,0,0,first commitment; thin position group,https://247sports.com/player/zeke-walkup-46166027/high-school-357737/
225,2027,46147767,Christian Freeman,RB,NC State,Hard Commit,no,yes,38,38,Weak / Attack,57.1%,42.9%,55.0%,45.0%,55.0%,3-star,NA,7/4/2025,"Southeast Raleigh (Raleigh, NC)",NC,Raleigh,35.831868,-78.641042,NC,35.831868,-78.641042,0,in_state,city,0,0,2,1,very early commit; first commitment; only commit at position; other-school offers after commit,https://247sports.com/player/christian-freeman-46147767/high-school-309937/
226,2025,46146678,Talib Graham,Edge,Ole Miss,Enrolled,yes,yes,52.2,53,Vulnerable,57.1%,42.9%,33.4%,66.6%,33.4%,3-star,616,4/7/2024,"Daphne (Daphne, AL)",AL,Daphne,30.627931,-87.872087,MS,34.351262,-89.536981,275,regional,city,0,0,1,0,early commit; first commitment; only commit at position; other-school offers after commit,https://247sports.com/player/talib-graham-46146678/high-school-307944/
227,2024,46131835,Ameir Glenn,DL,Wake Forest,Enrolled,yes,yes,53.2,54,Vulnerable,57.0%,43.0%,33.4%,66.6%,33.4%,3-star,NA,4/14/2023,"Langston Hughes (Fairburn, GA)",GA,Fairburn,33.547798,-84.587265,NC,36.102863,-80.260829,302,regional,city,0,0,1,0,early commit; first commitment; thin position group; other-school offers after commit,https://247sports.com/player/ameir-glenn-46131835/high-school-278016/
228,2022,46093909,Stephan Byrd,RB,Cincinnati,Enrolled,yes,yes,32.0,35,Weak / Attack,56.9%,43.1%,55.0%,45.0%,55.0%,3-star,678,11/9/2020,"Canal Winchester (Canal Winchester, OH)",OH,Canal Winchester,39.846589,-82.82131,OH,39.140183,-84.505829,102,nearby,city,0,0,4,0,very early commit; first commitment; only commit at position; other-school offers after commit,https://247sports.com/player/stephan-byrd-46093909/high-school-242253/
229,2022,46108878,Cornell Perry,ATH,Syracuse,Enrolled,yes,yes,58,58,Vulnerable,56.9%,43.1%,33.4%,66.6%,33.4%,3-star,NA,2/16/2021,"Woodhaven (Flat Rock, MI)",MI,Flat Rock,42.097866,-83.269827,NY,43.040998,-76.143554,368,regional,city,0,0,0,0,early commit; first commitment; thin position group,https://247sports.com/player/cornell-perry-46108878/high-school-256156/
230,2027,46146222,Jayce Johnson,QB,Texas A&M,Hard Commit,no,yes,25,25,Weak / Attack,56.8%,43.2%,55.0%,45.0%,55.0%,4-star,199,8/3/2025,"Lowndes (Valdosta, GA)",GA,Valdosta,30.850126,-83.278833,TX,30.58516,-96.29636,773,far,city,0,2,0,5,very early commit; first commitment; only commit at position; far; 4-star,https://247sports.com/player/jayce-johnson-46146222/high-school-306845/
231,2025,46141386,Sean Cuono,RB,Indiana,Enrolled,yes,yes,42.0,54,Weak / Attack,56.8%,43.2%,55.0%,45.0%,33.4%,3-star,795,6/3/2024,"Clearwater Central Catholic (Clearwater, FL)",FL,Clearwater,27.979419,-82.771256,IN,39.1637,-86.524264,802,far,city,2,2,0,0,early commit; first commitment; only commit at position; far; other-school OV after commit,https://247sports.com/player/sean-cuono-46141386/high-school-315938/
232,2023,46101236,Nico Iamaleava,QB,Tennessee,Enrolled,yes,yes,43,43,Weak / Attack,56.8%,43.2%,55.0%,45.0%,55.0%,5-star,3,3/21/2022,"Warren (Long Beach, CA)",CA,Long Beach,33.780791,-118.16818,TN,35.97068,-83.94927,1936,cross_country,city,0,0,0,0,early commit; first commitment; thin position group; cross country; 5-star,https://247sports.com/player/nico-iamaleava-46101236/high-school-257323/
233,2027,46143876,Gunner Rivers,QB,NC State,Hard Commit,no,yes,47,47,Weak / Attack,56.8%,43.2%,55.0%,45.0%,55.0%,4-star,136,2/23/2026,"St. Michael Catholic (Fairhope, AL)",AL,Fairhope,30.52092,-87.879122,NC,35.831868,-78.641042,648,regional,city,0,0,0,1,early commit; first commitment; only commit at position; 4-star,https://247sports.com/player/gunner-rivers-46143876/high-school-301976/
234,2026,46156693,Kelvin Brown,WR,Boston College,Signed,yes,yes,54,54,Vulnerable,56.8%,43.2%,33.4%,66.6%,33.4%,3-star,NA,6/15/2025,"Raines (Jacksonville, FL)",FL,Jacksonville,30.336864,-81.661603,MA,42.2,-71.8,985,far,city,0,0,0,0,early commit; first commitment; only commit at position; far,https://247sports.com/player/kelvin-brown-46156693/high-school-332122/
235,2023,46113202,Pokaiaua Haunga,ATH,BYU,Enrolled,yes,yes,42.0,48,Weak / Attack,56.7%,43.3%,55.0%,45.0%,55.0%,3-star,NA,1/23/2021,"Timpview (Provo, UT)",UT,Provo,40.245312,-111.645057,UT,40.245312,-111.645057,0,in_state,city,0,1,4,0,very early commit; first commitment; other-school visit after commit; other-school offers after commit,https://247sports.com/player/pokaiaua-haunga-46113202/high-school-261226/
236,2023,46098968,Sydir Mitchell,DL,Texas,Enrolled,yes,yes,53,53,Vulnerable,56.7%,43.3%,33.4%,66.6%,33.4%,4-star,206,7/3/2022,"Bergen Catholic (Oradell, NJ)",NJ,Oradell,40.956653,-74.032862,TX,30.298622,-97.754134,1515,cross_country,city,0,0,0,0,first commitment; only commit at position; cross country; 4-star,https://247sports.com/player/sydir-mitchell-46098968/high-school-247546/
237,2027,46157846,Linkin Apana,LB,TCU,Hard Commit,no,yes,53,53,Vulnerable,56.7%,43.3%,33.4%,66.6%,33.4%,3-star,NA,6/19/2026,"Kamehameha Kapalama (Honolulu, HI)",HI,Honolulu,,,TX,32.781954,-97.348573,3683,cross_country,state,0,0,0,0,first commitment; only commit at position; cross country,https://247sports.com/player/linkin-apana-46157846/high-school-336262/
238,2022,46111763,Chris Graves Jr.,ATH,Miami,Enrolled,yes,yes,54,54,Vulnerable,56.7%,43.3%,33.4%,66.6%,33.4%,4-star,161,7/9/2021,"Bishop Verot (Fort Myers, FL)",FL,Fort Myers,26.61982,-81.831673,FL,25.683061,-80.261659,117,nearby,city,0,0,0,0,first commitment; only commit at position; 4-star,https://247sports.com/player/chris-graves-jr-46111763/high-school-259880/
239,2025,46141374,Manny Choice,WR,Oklahoma,Enrolled,yes,yes,54,54,Vulnerable,56.7%,43.3%,33.4%,66.6%,33.4%,4-star,319,6/23/2024,"Lancaster (Lancaster, TX)",TX,Lancaster,32.596203,-96.773789,OK,35.240569,-97.345299,186,nearby,city,0,0,0,0,first commitment; only commit at position; 4-star,https://247sports.com/player/manny-choice-46141374/high-school-296152/
240,2023,46109899,Adon Shuler,S,Notre Dame,Enrolled,yes,yes,24.8,33,Weak / Attack,56.6%,43.4%,55.0%,45.0%,55.0%,4-star,317,8/15/2021,"Irvington (Irvington, NJ)",NJ,Irvington,,,IN,41.700283,-86.238679,622,regional,state,0,0,11,0,very early commit; first commitment; thin position group; 4-star; other-school offers after commit,https://247sports.com/player/adon-shuler-46109899/high-school-257889/
241,2026,46139399,Kenneth Goodwin III,LB,SMU,Enrolled,yes,yes,53,53,Vulnerable,56.6%,43.4%,33.4%,66.6%,33.4%,3-star,632,7/1/2025,"Miami Edison (Miami, FL)",FL,Miami,25.775163,-80.208615,TX,32.793333,-96.766513,1108,far,city,0,0,0,0,first commitment; only commit at position; far,https://247sports.com/player/kenneth-goodwin-iii-46139399/high-school-317352/
242,2025,46133180,David McComb,QB,Kansas,Enrolled,yes,yes,32,32,Weak / Attack,56.5%,43.5%,55.0%,45.0%,55.0%,3-star,665,7/27/2023,"Edmond Memorial (Edmond, OK)",OK,Edmond,35.673807,-97.413076,KS,38.959551,-95.265468,256,regional,city,0,0,0,1,very early commit; first commitment; only commit at position,https://247sports.com/player/david-mccomb-46133180/high-school-279883/
243,2026,46147012,Dean Ruksnaitis,IOL,Boston College,Signed,yes,yes,34.0,40,Weak / Attack,56.5%,43.5%,55.0%,45.0%,55.0%,3-star,NA,7/25/2024,"Williston Northampton School (Easthampton, MA)",MA,Easthampton,42.265435,-72.670813,MA,42.2,-71.8,45,nearby,city,1,1,0,0,very early commit; first commitment; thin position group; other-school OV after commit,https://247sports.com/player/dean-ruksnaitis-46147012/high-school-308538/
244,2025,46136154,Liam Thorpe,ATH,Stanford,Enrolled,yes,yes,48,48,Weak / Attack,56.4%,43.6%,55.0%,45.0%,55.0%,3-star,NA,5/15/2024,"Hun School (Princeton, NJ)",NJ,Princeton,40.358244,-74.666728,CA,37.426933,-122.167741,2532,cross_country,city,0,0,0,0,early commit; first commitment; only commit at position; cross country,https://247sports.com/player/liam-thorpe-46136154/high-school-285831/
245,2025,46146465,Brock Golwas,LB,Texas Tech,Enrolled,yes,yes,51,51,Vulnerable,56.4%,43.6%,33.4%,66.6%,33.4%,3-star,769,1/15/2024,"Flower Mound Marcus (Flower Mound, TX)",TX,Flower Mound,33.037891,-97.113381,TX,33.561901,-101.888883,278,regional,city,0,0,1,1,early commit; first commitment; only commit at position; other-school offers after commit,https://247sports.com/player/brock-golwas-46146465/high-school-307564/
246,2022,46100678,Colby McCalister,CB,Kansas State,Enrolled,yes,yes,53,53,Vulnerable,56.4%,43.6%,33.4%,66.6%,33.4%,3-star,NA,4/18/2021,"Clear Brook (Friendswood, TX)",TX,Friendswood,29.507701,-95.200635,KS,39.188307,-96.605864,674,regional,city,0,0,0,0,early commit; first commitment; only commit at position,https://247sports.com/player/colby-mccalister-46100678/high-school-249742/
247,2027,46164408,Steven Alexis,RB,Illinois,Hard Commit,no,yes,48,48,Weak / Attack,56.3%,43.7%,55.0%,45.0%,55.0%,3-star,NA,6/16/2026,"Gibbs (St. Petersburg, FL)",FL,St. Petersburg,27.762727,-82.644131,IL,40.114099,-88.274619,912,far,city,0,0,0,0,early commit; first commitment; only commit at position; far,https://247sports.com/player/steven-alexis-46164408/high-school-351226/
248,2027,46159769,Malahn Green,WR,Oklahoma,Hard Commit,no,yes,51,51,Vulnerable,56.3%,43.7%,33.4%,66.6%,33.4%,3-star,NA,6/14/2026,"Cardinal Ritter College Prep (St. Louis, MO)",MO,St. Louis,38.635699,-90.244582,OK,35.240569,-97.345299,457,regional,city,0,0,0,0,early commit; first commitment; only commit at position,https://247sports.com/player/malahn-green-46159769/high-school-339386/
249,2026,46145482,Diondre Smith,WR,Iowa,Enrolled,yes,yes,53,53,Vulnerable,56.3%,43.7%,33.4%,66.6%,33.4%,3-star,NA,4/20/2025,"Duncan U. Fletcher (Neptune Beach, FL)",FL,Neptune Beach,30.312573,-81.393123,IA,41.655661,-91.530859,966,far,city,0,0,0,1,early commit; first commitment; thin position group; far,https://247sports.com/player/diondre-smith-46145482/high-school-305131/
250,2025,46139023,AK Dear,RB,Alabama,Enrolled,yes,yes,54,54,Vulnerable,56.3%,43.7%,33.4%,66.6%,33.4%,4-star,53,8/20/2024,"Quitman (Quitman, MS)",MS,Quitman,32.04152,-88.720518,AL,33.234404,-87.5283,108,nearby,city,0,0,0,0,first commitment; only commit at position; 4-star,https://247sports.com/player/ak-dear-46139023/high-school-291852/
251,2025,46131118,Duke Smith,ATH,Auburn,Enrolled,yes,yes,54,54,Vulnerable,56.3%,43.7%,33.4%,66.6%,33.4%,4-star,108,7/29/2024,"Southside Selma (Selma, AL)",AL,Selma,32.416983,-87.035702,AL,32.607806,-85.494746,91,nearby,city,0,0,0,0,first commitment; only commit at position; 4-star,https://247sports.com/player/duke-smith-46131118/high-school-277122/
252,2025,46137028,Dominik Hulak,Edge,Notre Dame,Enrolled,yes,yes,36,36,Weak / Attack,56.2%,43.8%,55.0%,45.0%,55.0%,3-star,502,11/10/2023,"Immaculate Conception (Elmhurst, IL)",IL,Elmhurst,41.897014,-87.943657,IN,41.700283,-86.238679,89,nearby,city,0,0,2,1,very early commit; first commitment; only commit at position; other-school offers after commit,https://247sports.com/player/dominik-hulak-46137028/high-school-287724/
253,2025,46134667,TJ Branch,S,Colorado,Enrolled,yes,yes,60,60,Vulnerable,56.2%,43.8%,33.4%,66.6%,33.4%,3-star,524,9/23/2024,"Miami Northwestern (Miami, FL)",FL,Miami,25.775163,-80.208615,CO,40.024431,-105.251251,1745,cross_country,city,0,0,0,0,first commitment; only commit at position; cross country,https://247sports.com/player/tj-branch-46134667/high-school-310619/
254,2027,46162816,Keldrid Ben,RB,Oklahoma,Hard Commit,no,yes,28.8,34,Weak / Attack,56.1%,43.9%,55.0%,45.0%,55.0%,4-star,111,12/1/2025,"Montgomery (Montgomery, TX)",TX,Montgomery,30.390385,-95.698168,OK,35.240569,-97.345299,348,regional,city,0,0,7,0,very early commit; first commitment; thin position group; 4-star; other-school offers after commit,https://247sports.com/player/keldrid-ben-46162816/high-school-347273/
255,2024,46134333,Will Hammond,QB,Texas Tech,Enrolled,yes,yes,23.8,29,Weak / Attack,56.0%,44.0%,55.0%,45.0%,55.0%,4-star,226,12/12/2022,"Hutto (Hutto, TX)",TX,Hutto,30.541624,-97.544249,TX,33.561901,-101.888883,329,regional,city,0,0,7,0,very early commit; first commitment; only commit at position; 4-star; other-school offers after commit,https://247sports.com/player/will-hammond-46134333/high-school-282128/
256,2027,46158176,Da'Jon Talley-Rhodes,RB,Indiana,Hard Commit,no,yes,41.0,53,Weak / Attack,56.0%,44.0%,55.0%,45.0%,33.4%,3-star,487,6/3/2026,"St. John's College (Washington, DC)",DC,Washington,38.904247,-77.016517,IN,39.1637,-86.524264,510,regional,city,2,2,0,0,early commit; first commitment; only commit at position; other-school OV after commit,https://247sports.com/player/dajon-talley-rhodes-46158176/high-school-337066/
257,2025,46142858,Steven Murray,ATH,Rutgers,Enrolled,yes,yes,43.0,49,Weak / Attack,56.0%,44.0%,55.0%,45.0%,55.0%,3-star,795,4/28/2024,"Eastern Guilford (Gibsonville, NC)",NC,Gibsonville,36.102161,-79.543038,NJ,40.1,-74.5,389,regional,city,1,1,0,0,early commit; first commitment; only commit at position; other-school OV after commit,https://247sports.com/player/steven-murray-46142858/high-school-298862/
258,2024,46128245,Donnie Harbour,IOL,Penn State,Enrolled,yes,yes,52,52,Vulnerable,55.9%,44.1%,33.4%,66.6%,33.4%,4-star,377,4/18/2023,"Catholic Memorial (Waukesha, WI)",WI,Waukesha,43.009084,-88.245062,PA,40.791039,-77.856813,555,regional,city,0,0,0,0,early commit; first commitment; thin position group; 4-star,https://247sports.com/player/donnie-harbour-46128245/high-school-273305/
259,2026,46147072,Chuck Kennon,CB,Florida State,Enrolled,yes,yes,54,54,Vulnerable,55.9%,44.1%,33.4%,66.6%,33.4%,4-star,59,7/6/2025,"Booker (Sarasota, FL)",FL,Sarasota,27.338257,-82.543721,FL,30.453529,-84.252272,239,nearby,city,0,0,0,0,first commitment; only commit at position; 4-star,https://247sports.com/player/chuck-kennon-46147072/high-school-313846/
260,2025,46135966,AJ Rice,LB,Mississippi State,Enrolled,yes,yes,25.8,41,Weak / Attack,55.8%,44.2%,55.0%,45.0%,55.0%,3-star,987,9/4/2023,"Madison Academy (Madison, AL)",AL,Madison,34.710533,-86.76228,MS,33.463261,-88.827796,146,nearby,city,2,2,7,1,very early commit; first commitment; thin position group; other-school OV after commit; other-school offers after commit,https://247sports.com/player/aj-rice-46135966/high-school-285080/
261,2025,46125377,Kelden Ryan,QB,Virginia Tech,Enrolled,yes,yes,28.0,29,Weak / Attack,55.8%,44.2%,55.0%,45.0%,55.0%,3-star,NA,7/30/2023,"DeSoto (DeSoto, TX)",TX,DeSoto,32.599349,-96.862941,VA,37.231264,-80.426745,983,far,city,0,0,4,1,very early commit; first commitment; only commit at position; far; other-school offers after commit,https://247sports.com/player/kelden-ryan-46125377/high-school-270873/
262,2022,46111483,Jeremiah Franklin,TE,Boston College,Enrolled,yes,yes,29.0,38,Weak / Attack,55.8%,44.2%,55.0%,45.0%,55.0%,3-star,799,12/3/2020,"Walkersville (Walkersville, MD)",MD,Walkersville,39.474323,-77.363352,MA,42.2,-71.8,346,regional,city,1,1,4,0,very early commit; first commitment; thin position group; other-school OV after commit; other-school offers after commit,https://247sports.com/player/jeremiah-franklin-46111483/high-school-259498/
263,2022,46098772,Gabe Brown,LB,Oklahoma State,Enrolled,yes,yes,37,37,Weak / Attack,55.8%,44.2%,55.0%,45.0%,55.0%,3-star,NA,9/21/2020,"Stillwater (Stillwater, OK)",OK,Stillwater,36.131496,-97.074464,OK,36.131496,-97.074464,0,in_state,city,0,0,6,3,very early commit; first commitment; only commit at position; other-school offers after commit,https://247sports.com/player/gabe-brown-46098772/high-school-247308/
264,2026,46154885,DJ Ackerson Jr.,LB,Kansas State,Enrolled,yes,yes,51,51,Vulnerable,55.7%,44.3%,33.4%,66.6%,33.4%,3-star,663,4/25/2025,"Putnam City (Oklahoma City, OK)",OK,Oklahoma City,35.467079,-97.513657,KS,39.188307,-96.605864,262,regional,city,0,0,0,0,early commit; first commitment; only commit at position,https://247sports.com/player/dj-ackerson-jr-46154885/high-school-328179/
265,2026,46156276,Zeke Bates,RB,Minnesota,Enrolled,yes,yes,53,53,Vulnerable,55.7%,44.3%,33.4%,66.6%,33.4%,3-star,NA,4/30/2025,"Malvern Prep (Malvern, PA)",PA,Malvern,40.033147,-75.515363,MN,44.963324,-93.26832,964,far,city,0,0,0,0,early commit; first commitment; thin position group; far,https://247sports.com/player/zeke-bates-46156276/high-school-331047/
266,2022,46103295,Brett Griffis,QB,Wake Forest,Enrolled,yes,yes,53,53,Vulnerable,55.7%,44.3%,33.4%,66.6%,33.4%,3-star,NA,12/22/2020,"Broad Run (Ashburn, VA)",VA,Ashburn,39.027296,-77.471322,NC,36.102863,-80.260829,253,regional,city,0,0,0,0,early commit; first commitment; only commit at position,https://247sports.com/player/brett-griffis-46103295/high-school-254122/
267,2026,46153249,DJ Biggins,S,Boston College,Signed,yes,yes,60,60,Vulnerable,55.7%,44.3%,33.4%,66.6%,33.4%,3-star,NA,1/20/2025,"Kingswood Oxford (West Hartford, CT)",CT,West Hartford,41.766568,-72.754944,MA,42.2,-71.8,57,nearby,city,0,0,0,0,early commit; first commitment; thin position group,https://247sports.com/player/dj-biggins-46153249/high-school-324112/
268,2025,46139957,Leo Hannan,QB,Michigan State,Enrolled,yes,yes,45,45,Weak / Attack,55.6%,44.4%,55.0%,45.0%,55.0%,3-star,924,4/22/2024,"Servite (Anaheim, CA)",CA,Anaheim,33.855502,-117.758657,MI,42.748913,-84.482442,1892,cross_country,city,0,0,0,1,early commit; first commitment; only commit at position; cross country,https://247sports.com/player/leo-hannan-46139957/high-school-293219/
269,2027,46144738,Holden Niemi,TE,Texas A&M,Hard Commit,no,yes,48,48,Weak / Attack,55.6%,44.4%,55.0%,45.0%,55.0%,3-star,612,5/22/2026,"Dexter (Dexter, MI)",MI,Dexter,42.332256,-83.881027,TX,30.58516,-96.29636,1063,far,city,0,0,0,0,early commit; first commitment; only commit at position; far,https://247sports.com/player/holden-niemi-46144738/high-school-303663/
270,2023,46113872,Dylan Roberts,DL,Northwestern,Enrolled,yes,yes,54,54,Vulnerable,55.6%,44.4%,33.4%,66.6%,33.4%,3-star,NA,5/15/2022,"Peoria Centennial (Peoria, AZ)",AZ,Peoria,33.786186,-112.308042,IL,42.046391,-87.694352,1451,far,city,0,0,0,0,early commit; first commitment; thin position group; far,https://247sports.com/player/dylan-roberts-46113872/high-school-262355/
271,2026,46150602,Alex Ward,ATH,Colorado,Enrolled,yes,yes,56,56,Vulnerable,55.6%,44.4%,33.4%,66.6%,33.4%,4-star,485,11/4/2025,"IMG Academy (Bradenton, FL)",FL,Bradenton,27.489798,-82.576804,CO,40.024431,-105.251251,1557,cross_country,city,0,0,0,0,first commitment; only commit at position; cross country; 4-star,https://247sports.com/player/alex-ward-46150602/high-school-316266/
272,2025,46138712,Trey Verdon,DL,Iowa State,Enrolled,yes,yes,54,54,Vulnerable,55.5%,44.5%,33.4%,66.6%,33.4%,3-star,NA,2/6/2024,"Hamilton (Hamilton, OH)",OH,Hamilton,39.394328,-84.565522,IA,42.026327,-93.621264,508,regional,city,0,0,0,0,early commit; first commitment; only commit at position,https://247sports.com/player/trey-verdon-46138712/high-school-291332/
273,2025,46133332,Jershaun Newton,ATH,Illinois,Enrolled,yes,yes,59,59,Vulnerable,55.5%,44.5%,33.4%,66.6%,33.4%,3-star,759,7/4/2024,"Clearwater Central Catholic (Clearwater, FL)",FL,Clearwater,27.979419,-82.771256,IL,40.114099,-88.274619,895,far,city,0,0,0,0,first commitment; only commit at position; far,https://247sports.com/player/jershaun-newton-46133332/high-school-280183/
274,2026,46159593,Antonio Johnson,S,BYU,Signed,yes,yes,55,55,Vulnerable,55.4%,44.6%,33.4%,66.6%,33.4%,3-star,NA,6/14/2025,"Arlington Heights (Fort Worth, TX)",TX,Fort Worth,32.781954,-97.348573,UT,40.245312,-111.645057,945,far,city,0,0,0,0,early commit; first commitment; thin position group; far,https://247sports.com/player/antonio-johnson-46159593/high-school-339131/
275,2025,46134089,Ko'o Kia,LB,Notre Dame,Enrolled,yes,yes,58,58,Vulnerable,55.3%,44.7%,33.4%,66.6%,33.4%,3-star,573,1/15/2024,"Punahou (Honolulu, HI)",HI,Honolulu,,,IN,41.700283,-86.238679,4262,cross_country,state,0,0,0,1,early commit; first commitment; cross country,https://247sports.com/player/koo-kia-46134089/high-school-281644/
276,2023,46117191,Maddux Borcherding-Johnson,DL,Iowa,Enrolled,yes,yes,40,40,Weak / Attack,55.2%,44.8%,55.0%,45.0%,55.0%,3-star,NA,7/8/2021,"Norwalk (Norwalk, IA)",IA,Norwalk,41.483657,-93.695487,IA,41.655661,-91.530859,113,nearby,city,0,0,0,0,very early commit; first commitment; thin position group,https://247sports.com/player/maddux-borcherding-johnson-46117191/high-school-267350/
277,2025,46135677,Joseph Smith,CB,Arizona State,Enrolled,yes,yes,51,51,Vulnerable,55.2%,44.8%,33.4%,66.6%,33.4%,3-star,873,8/5/2023,"Legacy the School of Sport Sciences (Spring, TX)",TX,Spring,30.062169,-95.383966,AZ,33.388414,-111.931782,998,far,city,0,0,2,1,very early commit; prior decommit; only commit at position; far; other-school offers after commit,https://247sports.com/player/joseph-smith-46135677/high-school-284408/
278,2026,46133296,Jaylen Pile,WR,Michigan,Enrolled,yes,yes,34.2,36,Weak / Attack,55.1%,44.9%,55.0%,45.0%,55.0%,3-star,NA,10/16/2024,"Parish Episcopal School (Dallas, TX)",TX,Dallas,32.793333,-96.766513,MI,42.276147,-83.73086,967,far,city,0,0,5,1,very early commit; first commitment; thin position group; far; other-school offers after commit,https://247sports.com/player/jaylen-pile-46133296/high-school-280100/
279,2025,46136569,Treston McMillan,QB,Washington,Enrolled,yes,yes,50,50,Vulnerable,55.1%,44.9%,33.4%,66.6%,33.4%,3-star,665,5/7/2024,"Mililani (Mililani, HI)",HI,Mililani,,,WA,47.619335,-122.351538,2645,cross_country,state,0,0,0,0,early commit; first commitment; thin position group; cross country,https://247sports.com/player/treston-mcmillan-46136569/high-school-286814/
280,2024,46134520,Melvin Hills III,DL,Texas,Enrolled,yes,yes,61,61,Vulnerable,55.1%,44.9%,33.4%,66.6%,33.4%,3-star,685,7/12/2023,"Lafayette Christian Academy (Lafayette, LA)",LA,Lafayette,30.2056,-92.028058,TX,30.298622,-97.754134,342,regional,city,0,0,0,0,first commitment; thin position group,https://247sports.com/player/melvin-hills-iii-46134520/high-school-282433/
281,2025,46136919,Zion Johnson,RB,Cincinnati,Enrolled,yes,yes,39.8,51,Weak / Attack,55.0%,45.0%,55.0%,45.0%,33.4%,3-star,555,2/8/2024,"Newton (Covington, GA)",GA,Covington,33.605439,-83.846634,OH,39.140183,-84.505829,384,regional,city,1,1,7,0,early commit; first commitment; only commit at position; other-school OV after commit; other-school offers after commit,https://247sports.com/player/zion-johnson-46136919/high-school-287494/
282,2027,46147998,George Toia,DL,UCLA,Hard Commit,no,yes,40.0,50,Weak / Attack,55.0%,45.0%,55.0%,45.0%,33.4%,4-star,131,4/30/2026,"Byron Nelson (Trophy Club, TX)",TX,Trophy Club,32.992522,-97.172964,CA,34.019394,-118.410825,1223,far,city,2,2,0,1,early commit; first commitment; only commit at position; far; 4-star,https://247sports.com/player/george-toia-46147998/high-school-344442/
283,2025,46136898,Dijon Lee Jr.,CB,Alabama,Enrolled,yes,yes,48,48,Weak / Attack,54.9%,45.1%,55.0%,45.0%,55.0%,5-star,14,6/28/2024,"Mission Viejo (Mission Viejo, CA)",CA,Mission Viejo,33.609335,-117.656471,AL,33.234404,-87.5283,1731,cross_country,city,0,0,0,0,first commitment; thin position group; cross country; 5-star,https://247sports.com/player/dijon-lee-jr-46136898/high-school-287471/
284,2025,46147840,Marcus Romain,QB,Northwestern,Enrolled,yes,yes,51,51,Vulnerable,54.9%,45.1%,33.4%,66.6%,33.4%,3-star,NA,3/9/2024,"Wheeler (Marietta, GA)",GA,Marietta,33.953561,-84.542463,IL,42.046391,-87.694352,585,regional,city,0,0,0,1,early commit; first commitment; only commit at position,https://247sports.com/player/marcus-romain-46147840/high-school-310114/
285,2023,46128348,Daniel Sill,OT,Texas Tech,Enrolled,yes,yes,33,33,Weak / Attack,54.8%,45.2%,55.0%,45.0%,55.0%,3-star,712,12/12/2021,"A&M Consolidated (College Station, TX)",TX,College Station,30.58516,-96.29636,TX,33.561901,-101.888883,387,regional,city,0,0,0,1,very early commit; first commitment; only commit at position,https://247sports.com/player/daniel-sill-46128348/high-school-273485/
286,2022,46085252,C.J. Hicks,LB,Ohio State,Enrolled,yes,yes,30.2,32,Weak / Attack,54.7%,45.3%,55.0%,45.0%,55.0%,5-star,7,5/1/2020,"Archbishop Alter (Dayton, OH)",OH,Dayton,39.784743,-84.199632,OH,39.983938,-82.984882,66,nearby,city,0,0,5,1,very early commit; first commitment; thin position group; 5-star; other-school offers after commit,https://247sports.com/player/cj-hicks-46085252/high-school-236760/
287,2026,46137183,Ely Hamrick,QB,Virginia,Enrolled,yes,yes,32,32,Weak / Attack,54.7%,45.3%,55.0%,45.0%,55.0%,3-star,NA,9/16/2024,"Crest (Asheville, NC)",NC,Asheville,35.570972,-82.552725,VA,38.037658,-78.485381,282,regional,city,0,0,0,0,very early commit; first commitment; only commit at position,https://247sports.com/player/ely-hamrick-46137183/high-school-288271/
288,2026,46147246,Hamisi Juma,ATH,Arizona,Hard Commit,no,yes,50,50,Vulnerable,54.7%,45.3%,33.4%,66.6%,33.4%,3-star,NA,9/28/2024,"Chandler (Chandler, AZ)",AZ,Chandler,33.282765,-111.851819,AZ,32.153036,-110.870773,97,nearby,city,0,0,0,1,very early commit; only commit at position,https://247sports.com/player/hamisi-juma-46147246/high-school-308855/
289,2022,46078937,Ken Talley,Edge,Penn State,Enrolled,yes,yes,30,30,Weak / Attack,54.6%,45.4%,55.0%,45.0%,55.0%,4-star,273,9/8/2020,"Northeast (Philadelphia, PA)",PA,Philadelphia,40.009376,-75.133346,PA,40.791039,-77.856813,153,nearby,city,0,1,0,3,very early commit; first commitment; only commit at position; 4-star; other-school visit after commit,https://247sports.com/player/ken-talley-46078937/high-school-228055/
290,2026,46147944,Michael Dukes III,RB,Rutgers,Enrolled,yes,yes,51,51,Vulnerable,54.6%,45.4%,33.4%,66.6%,33.4%,3-star,NA,6/4/2025,"Martin Luther King (Detroit, MI)",MI,Detroit,42.383037,-83.102237,NJ,40.1,-74.5,474,regional,city,0,0,0,0,early commit; first commitment; only commit at position,https://247sports.com/player/michael-dukes-iii-46147944/high-school-310400/
291,2027,46166897,Luke Stevens,S,Arizona,Hard Commit,no,yes,53,53,Vulnerable,54.6%,45.4%,33.4%,66.6%,33.4%,3-star,NA,6/1/2026,"Fort Worth Christian (North Richland Hills, TX)",TX,North Richland Hills,32.86058,-97.219146,AZ,32.153036,-110.870773,796,far,city,0,0,0,0,early commit; first commitment; thin position group; far,https://247sports.com/player/luke-stevens-46166897/high-school-359691/
292,2023,46116036,Quindarrius Jones,ATH,Florida State,Enrolled,yes,yes,58,58,Vulnerable,54.6%,45.4%,33.4%,66.6%,33.4%,3-star,857,6/11/2022,"Meridian (Meridian, MS)",MS,Meridian,32.38417,-88.689448,FL,30.453529,-84.252272,294,regional,city,0,0,0,1,early commit; first commitment; thin position group,https://247sports.com/player/quindarrius-jones-46116036/high-school-265151/
293,2024,46139756,Tyler Simmons,DL,Virginia,Enrolled,yes,yes,62,62,Vulnerable,54.6%,45.4%,33.4%,66.6%,33.4%,3-star,943,7/17/2023,"Windermere Prep (Windermere, FL)",FL,Windermere,28.501582,-81.535159,VA,38.037658,-78.485381,682,regional,city,0,0,0,0,first commitment; only commit at position,https://247sports.com/player/tyler-simmons-46139756/high-school-292951/
294,2027,46146740,Xavier Perkins,Edge,Virginia Tech,Hard Commit,no,yes,53,53,Vulnerable,54.5%,45.5%,33.4%,66.6%,33.4%,3-star,552,4/14/2026,"C.E. Jordan (Durham, NC)",NC,Durham,35.977928,-78.898109,VA,37.231264,-80.426745,121,nearby,city,0,0,0,0,early commit; first commitment; only commit at position,https://247sports.com/player/xavier-perkins-46146740/high-school-322196/
295,2027,46153350,Trey Haddad,WR,Texas A&M,Hard Commit,no,yes,53,53,Vulnerable,54.5%,45.5%,33.4%,66.6%,33.4%,3-star,NA,6/14/2026,"St. Ignatius (Cleveland, OH)",OH,Cleveland,41.478462,-81.679435,TX,30.58516,-96.29636,1108,far,city,0,0,0,0,early commit; first commitment; thin position group; far,https://247sports.com/player/trey-haddad-46153350/high-school-324334/
296,2025,46117696,Tyshawn Dues,WR,West Virginia,Enrolled,yes,yes,36,36,Weak / Attack,54.4%,45.6%,55.0%,45.0%,55.0%,3-star,NA,9/17/2023,"Hurricane (Hurricane, WV)",WV,Hurricane,38.427474,-82.018082,WV,39.637487,-79.946856,139,nearby,city,0,0,2,1,very early commit; first commitment; only commit at position; other-school offers after commit,https://247sports.com/player/tyshawn-dues-46117696/high-school-268020/
297,2025,46113767,Tiger Riden Jr.,RB,Texas A&M,Enrolled,yes,yes,49,49,Weak / Attack,54.4%,45.6%,55.0%,45.0%,55.0%,4-star,439,2/19/2024,"DeSoto (DeSoto, TX)",TX,DeSoto,32.599349,-96.862941,TX,30.58516,-96.29636,143,nearby,city,0,0,0,0,early commit; first commitment; only commit at position; 4-star,https://247sports.com/player/tiger-riden-jr-46113767/high-school-262115/
298,2026,46155450,Xavier Starks,S,Cincinnati,Enrolled,yes,yes,62.2,63,Vulnerable,54.4%,45.6%,33.4%,66.6%,33.4%,3-star,NA,2/14/2025,"Clay-Chalkville (Pinson, AL)",AL,Pinson,33.709262,-86.663613,OH,39.140183,-84.505829,394,regional,city,0,0,1,0,early commit; first commitment; other-school offers after commit,https://247sports.com/player/xavier-starks-46155450/high-school-329120/
299,2024,46116221,Sacovie White-Helton,ATH,Georgia,Enrolled,yes,yes,34,34,Weak / Attack,54.3%,45.7%,55.0%,45.0%,55.0%,4-star,444,10/10/2022,"Cass (Cartersville, GA)",GA,Cartersville,34.164579,-84.801704,GA,32.7,-83.3,133,nearby,city,0,0,0,0,very early commit; first commitment; thin position group; 4-star,https://247sports.com/player/sacovie-white-helton-46116221/high-school-265730/
300,2024,46103314,Dante Reno,QB,South Carolina,Enrolled,yes,yes,35,35,Weak / Attack,54.3%,45.7%,55.0%,45.0%,55.0%,3-star,518,7/2/2022,"Cheshire Academy (Cheshire, CT)",CT,Cheshire,,,SC,34.040519,-80.906099,687,regional,state,0,0,0,2,very early commit; first commitment; only commit at position,https://247sports.com/player/dante-reno-46103314/high-school-254144/
301,2023,46118528,Will Larkins,IOL,Indiana,Enrolled,yes,yes,53,53,Vulnerable,54.3%,45.7%,33.4%,66.6%,33.4%,3-star,NA,3/31/2022,"Chaminade-Madonna (Hollywood, FL)",FL,Hollywood,26.030967,-80.164609,IN,39.1637,-86.524264,979,far,city,0,0,0,0,early commit; first commitment; thin position group; far,https://247sports.com/player/will-larkins-46118528/high-school-270069/
302,2024,46131106,Sam Dixon,ATH,Ohio State,Enrolled,yes,yes,55,55,Vulnerable,54.3%,45.7%,33.4%,66.6%,33.4%,3-star,666,4/15/2023,"Pickerington North (Columbus, OH)",OH,Columbus,39.983938,-82.984882,OH,39.983938,-82.984882,0,in_state,city,0,0,0,0,early commit; first commitment; only commit at position,https://247sports.com/player/sam-dixon-46131106/high-school-277110/
303,2027,46159210,Abdus Kone,IOL,Maryland,Hard Commit,no,yes,48,48,Weak / Attack,54.2%,45.8%,55.0%,45.0%,55.0%,3-star,NA,5/31/2026,"North Shore (Houston, TX)",TX,Houston,29.785743,-95.388806,MD,38.996276,-76.935594,1226,far,city,0,0,0,0,early commit; first commitment; only commit at position; far,https://247sports.com/player/abdus-kone-46159210/high-school-338590/
304,2024,46113774,Tre' Griffiths,WR,Oklahoma State,Enrolled,yes,yes,53,53,Vulnerable,54.2%,45.8%,33.4%,66.6%,33.4%,3-star,526,6/18/2023,"Keller (Keller, TX)",TX,Keller,32.932877,-97.224513,OK,36.131496,-97.074464,221,nearby,city,0,0,0,0,early commit; first commitment; only commit at position,https://247sports.com/player/tre-griffiths-46113774/high-school-262127/
305,2024,46129375,Blake Barnett,QB,Kansas State,Enrolled,yes,yes,53,53,Vulnerable,54.2%,45.8%,33.4%,66.6%,33.4%,3-star,571,1/19/2023,"Erie (Erie, CO)",CO,Erie,40.040287,-105.03831,KS,39.188307,-96.605864,453,regional,city,0,0,0,1,early commit; first commitment; only commit at position,https://247sports.com/player/blake-barnett-46129375/high-school-274961/
306,2025,46117349,Bo Walker,RB,Georgia,Enrolled,yes,yes,9,29,Weak / Attack,54.1%,45.9%,55.0%,45.0%,55.0%,4-star,325,10/12/2023,"Rabun Gap-Nacoochee (Ellenwood, GA)",GA,Ellenwood,,,GA,32.7,-83.3,0,in_state,state,4,4,3,1,very early commit; first commitment; only commit at position; 4-star; other-school OV after commit,https://247sports.com/player/bo-walker-46117349/high-school-267566/
307,2027,90720,Christian Chancellor Jr.,CB,Clemson,Hard Commit,no,yes,41,41,Weak / Attack,54.1%,45.9%,55.0%,45.0%,55.0%,3-star,871,7/25/2025,"D.W. Daniel (Central, SC)",SC,Central,34.723405,-82.774706,SC,34.683564,-82.810575,3,nearby,city,0,0,0,2,very early commit; first commitment; thin position group,https://247sports.com/player/christian-chancellor-jr-90720/high-school-174249/
308,2024,46137188,Josiah Davis,S,Florida,Enrolled,yes,yes,51,51,Vulnerable,54.1%,45.9%,33.4%,66.6%,33.4%,3-star,549,3/27/2023,"Berrien (Nashville, GA)",GA,Nashville,31.205697,-83.246388,FL,29.679537,-82.346793,118,nearby,city,0,0,0,1,early commit; first commitment; only commit at position,https://247sports.com/player/josiah-davis-46137188/high-school-288276/
309,2022,46076710,Arlen Harris Jr.,RB,Stanford,Enrolled,yes,yes,42,42,Weak / Attack,54.0%,46.0%,55.0%,45.0%,55.0%,4-star,337,12/18/2020,"Lutheran of St. Charles (St. Peters, MO)",MO,St. Peters,38.78352,-90.605075,CA,37.426933,-122.167741,1710,cross_country,city,0,0,0,0,early commit; first commitment; only commit at position; cross country; 4-star,https://247sports.com/player/arlen-harris-jr-46076710/high-school-227275/
310,2024,46125525,Isaiah Dent,OT,Oklahoma,Enrolled,yes,yes,51,51,Vulnerable,54.0%,46.0%,33.4%,66.6%,33.4%,3-star,581,4/21/2023,"Itawamba Agricultural (Fulton, MS)",MS,Fulton,34.26288,-88.401928,OK,35.240569,-97.345299,512,regional,city,0,0,0,0,early commit; first commitment; only commit at position,https://247sports.com/player/isaiah-dent-46125525/high-school-271268/
311,2025,46144131,Julius Columbus,DL,Duke,Enrolled,yes,yes,59,59,Vulnerable,54.0%,46.0%,33.4%,66.6%,33.4%,3-star,829,4/1/2024,"Gainesville (Gainesville, GA)",GA,Gainesville,34.2901,-83.829106,NC,35.977928,-78.898109,302,regional,city,0,0,0,1,early commit; first commitment,https://247sports.com/player/julius-columbus-46144131/high-school-302327/
312,2027,46163437,Shelvy Clark,LB,Maryland,Hard Commit,no,yes,48,48,Weak / Attack,53.9%,46.1%,55.0%,45.0%,55.0%,3-star,887,6/7/2026,"Germantown (Germantown, TN)",TN,Germantown,35.081957,-89.782584,MD,38.996276,-76.935594,758,far,city,0,0,0,0,early commit; first commitment; only commit at position; far,https://247sports.com/player/shelvy-clark-46163437/high-school-348546/
313,2025,46135616,DJ Dugar Jr.,RB,Oklahoma State,Enrolled,yes,yes,51,51,Vulnerable,53.9%,46.1%,33.4%,66.6%,33.4%,3-star,728,6/15/2024,"Glenn (Leander, TX)",TX,Leander,30.574273,-97.861741,OK,36.131496,-97.074464,387,regional,city,0,0,0,0,early commit; first commitment; only commit at position,https://247sports.com/player/dj-dugar-jr-46135616/high-school-284306/
314,2025,46138302,Braz Thomas,S,Penn State,Enrolled,yes,yes,58,58,Vulnerable,53.9%,46.1%,33.4%,66.6%,33.4%,3-star,769,6/23/2024,"Pleasantville (Cape May, NJ)",NJ,Cape May,38.941147,-74.898372,PA,40.791039,-77.856813,202,nearby,city,0,0,0,0,first commitment; only commit at position,https://247sports.com/player/braz-thomas-46138302/high-school-290441/
315,2025,46125715,Matai Jefferson,IOL,Arizona State,Enrolled,yes,yes,58,58,Vulnerable,53.9%,46.1%,33.4%,66.6%,33.4%,3-star,NA,12/25/2023,"Warren (Downey, CA)",CA,Downey,33.938237,-118.130856,AZ,33.388414,-111.931782,358,regional,city,0,0,0,1,early commit; first commitment; thin position group,https://247sports.com/player/matai-jefferson-46125715/high-school-317989/
316,2027,46148786,Braden Chaffin,IOL,Stanford,Hard Commit,no,yes,45,45,Weak / Attack,53.8%,46.2%,55.0%,45.0%,55.0%,3-star,NA,6/1/2026,"Stevenson (Detroit, MI)",MI,Detroit,42.383037,-83.102237,CA,37.426933,-122.167741,2080,cross_country,city,0,0,0,0,early commit; first commitment; only commit at position; cross country,https://247sports.com/player/braden-chaffin-46148786/high-school-312975/
317,2027,46145101,Jeremiah Douglas,WR,Vanderbilt,Hard Commit,no,yes,18.0,37,Weak / Attack,53.7%,46.3%,55.0%,45.0%,55.0%,3-star,732,12/2/2025,"Crandall (Crandall, TX)",TX,Crandall,32.634506,-96.432064,TN,35.8,-86.4,613,regional,city,3,3,4,1,very early commit; first commitment; only commit at position; other-school OV after commit; other-school offers after commit,https://247sports.com/player/jeremiah-douglas-46145101/high-school-304242/
318,2024,46116619,Peter Jones,IOL,Notre Dame,Enrolled,yes,yes,30.2,31,Weak / Attack,53.6%,46.4%,55.0%,45.0%,55.0%,4-star,453,8/7/2022,"Malvern Preparatory School (Malvern, PA)",PA,Malvern,40.033147,-75.515363,IN,41.700283,-86.238679,572,regional,city,0,0,1,0,very early commit; first commitment; only commit at position; 4-star; other-school offers after commit,https://247sports.com/player/peter-jones-46116619/high-school-266297/
319,2026,46135299,Kamo'i Huihui-White,IOL,California,Enrolled,yes,yes,45.0,51,Weak / Attack,53.6%,46.4%,55.0%,45.0%,33.4%,3-star,772,6/17/2025,"St. Louis (Honolulu, HI)",HI,Honolulu,,,CA,37.865673,-122.298725,2344,cross_country,state,1,1,0,0,early commit; first commitment; only commit at position; cross country; other-school OV after commit,https://247sports.com/player/kamoi-huihui-white-46135299/high-school-283723/
320,2023,46134274,Ian Strong,S,Rutgers,Enrolled,yes,yes,47.0,53,Weak / Attack,53.6%,46.4%,55.0%,45.0%,33.4%,3-star,NA,6/2/2022,"St. Anthony's (Long Island City, NY)",NY,Long Island City,,,NJ,40.1,-74.5,195,nearby,state,1,1,0,0,early commit; first commitment; only commit at position; other-school OV after commit,https://247sports.com/player/ian-strong-46134274/high-school-281971/
321,2027,46167443,Jeremiah Joseph,DL,Rutgers,Hard Commit,no,yes,58,58,Vulnerable,53.6%,46.4%,33.4%,66.6%,33.4%,3-star,NA,6/9/2026,"Ridge Community (Davenport, FL)",FL,Davenport,28.161193,-81.610839,NJ,40.1,-74.5,919,far,city,0,0,0,0,early commit; first commitment; far,https://247sports.com/player/jeremiah-joseph-46167443/high-school-360467/
322,2027,46166750,Jacobi Pasley,ATH,West Virginia,Hard Commit,no,yes,63,63,Vulnerable,53.6%,46.4%,33.4%,66.6%,33.4%,3-star,888,5/1/2026,"Bradwell Institute (Hinesville, GA)",GA,Hinesville,31.826702,-81.615773,WV,39.637487,-79.946856,548,regional,city,0,0,0,0,early commit; first commitment,https://247sports.com/player/jacobi-pasley-46166750/high-school-359495/
323,2027,46159806,Sean Kraft,LS,Notre Dame,Hard Commit,no,yes,33,33,Weak / Attack,53.5%,46.5%,55.0%,45.0%,55.0%,3-star,NA,6/24/2025,"Asheville Christian Academy (Swannanoa, NC)",NC,Swannanoa,35.600776,-82.387171,IN,41.700283,-86.238679,470,regional,city,0,0,0,0,very early commit; first commitment; only commit at position,https://247sports.com/player/sean-kraft-46159806/high-school-339445/
324,2025,46142793,Colby Cronk,Edge,NC State,Enrolled,yes,yes,49,49,Weak / Attack,53.5%,46.5%,55.0%,45.0%,55.0%,3-star,686,3/22/2024,"Flagler Palm Coast (Palm Coast, FL)",FL,Palm Coast,29.536837,-81.242627,NC,35.831868,-78.641042,460,regional,city,0,0,0,1,early commit; first commitment; only commit at position,https://247sports.com/player/colby-cronk-46142793/high-school-298787/
325,2023,46114227,Brock Fonoimoana,S,Utah,Enrolled,yes,yes,57,57,Vulnerable,53.5%,46.5%,33.4%,66.6%,33.4%,3-star,587,8/16/2022,"Kahuku (Kahuku, HI)",HI,Kahuku,21.678943,-157.943157,UT,40.776928,-111.930991,2979,cross_country,city,0,0,0,0,first commitment; only commit at position; cross country,https://247sports.com/player/brock-fonoimoana-46114227/high-school-262782/
326,2026,46155192,Amier Clarke,DL,Georgia Tech,Enrolled,yes,yes,59,59,Vulnerable,53.5%,46.5%,33.4%,66.6%,33.4%,4-star,485,7/10/2025,"Osceola (Kissimmee, FL)",FL,Kissimmee,28.30278,-81.417831,GA,33.762909,-84.422675,417,regional,city,0,0,0,0,first commitment; only commit at position; 4-star,https://247sports.com/player/amier-clarke-46155192/high-school-328683/
327,2027,46159412,Zayden Smith,ATH,Texas Tech,Hard Commit,no,yes,66,66,Stable / Monitor,53.5%,46.5%,17.5%,82.5%,17.5%,3-star,552,6/20/2026,"Bishop McDevitt (Harrisburg, PA)",PA,Harrisburg,40.275891,-76.88502,TX,33.561901,-101.888883,1451,far,city,0,0,0,0,first commitment; far,https://247sports.com/player/zayden-smith-46159412/high-school-338893/
328,2024,46114558,Jamorie Flagg,DL,Florida State,Enrolled,yes,yes,43,43,Weak / Attack,53.4%,46.6%,55.0%,45.0%,55.0%,3-star,962,12/14/2022,"Booker T. Washington (Miami, FL)",FL,Miami,25.775163,-80.208615,FL,30.453529,-84.252272,406,regional,city,0,0,2,3,very early commit; first commitment; other-school offers after commit,https://247sports.com/player/jamorie-flagg-46114558/high-school-263136/
329,2023,46117686,Joseph Head Jr.,Edge,Mississippi State,Enrolled,yes,yes,53,53,Vulnerable,53.4%,46.6%,33.4%,66.6%,33.4%,3-star,634,1/22/2022,"Holmes County (Lexington, MS)",MS,Lexington,33.11709,-90.049619,MS,33.463261,-88.827796,75,nearby,city,0,0,0,0,early commit; first commitment; only commit at position,https://247sports.com/player/joseph-head-jr-46117686/high-school-268010/
330,2025,46137968,Alex Shieldnight,Edge,Oklahoma,Enrolled,yes,yes,38,38,Weak / Attack,53.3%,46.7%,55.0%,45.0%,55.0%,3-star,829,11/10/2023,"Wagoner (Wagoner, OK)",OK,Wagoner,35.965686,-95.377715,OK,35.240569,-97.345299,121,nearby,city,0,0,0,0,very early commit; first commitment; thin position group,https://247sports.com/player/alex-shieldnight-46137968/high-school-289853/
331,2024,46137143,Amar Reynolds,CB,Illinois,Enrolled,yes,yes,57,57,Vulnerable,53.3%,46.7%,33.4%,66.6%,33.4%,3-star,NA,6/26/2023,"Vero Beach (Vero Beach, FL)",FL,Vero Beach,27.64722,-80.393136,IL,40.114099,-88.274619,972,far,city,0,0,0,0,first commitment; only commit at position; far,https://247sports.com/player/amar-reynolds-46137143/high-school-298789/
332,2023,46117043,Anthony Cunningham,DL,Iowa State,Enrolled,yes,yes,58,58,Vulnerable,53.3%,46.7%,33.4%,66.6%,33.4%,3-star,NA,3/29/2022,"Belleville East (Belleville, IL)",IL,Belleville,38.515973,-89.989779,IA,42.026327,-93.621264,309,regional,city,0,0,0,0,early commit; first commitment; thin position group,https://247sports.com/player/anthony-cunningham-46117043/high-school-267080/
333,2025,46137603,Remington Moss,S,Wisconsin,Enrolled,yes,yes,27.2,29,Weak / Attack,53.2%,46.8%,55.0%,45.0%,55.0%,3-star,821,8/2/2023,"St. Michael the Archangel Catholic (Fredericksburg, VA)",VA,Fredericksburg,38.299272,-77.486658,WI,43.087815,-89.429856,707,regional,city,0,1,1,1,very early commit; first commitment; only commit at position; other-school visit after commit; other-school offers after commit,https://247sports.com/player/remington-moss-46137603/high-school-289193/
334,2027,46142344,Hakim Frampton,ATH,Texas A&M,Hard Commit,no,yes,30,30,Weak / Attack,53.2%,46.8%,55.0%,45.0%,55.0%,4-star,429,9/27/2025,"San Antonio Brandeis (San Antonio, TX)",TX,San Antonio,29.462809,-98.524635,TX,30.58516,-96.29636,154,nearby,city,0,0,1,1,very early commit; first commitment; only commit at position; 4-star; other-school offers after commit,https://247sports.com/player/hakim-frampton-46142344/high-school-319002/
335,2023,46129675,Siolaa Lolohea,DL,Oklahoma State,Enrolled,yes,yes,58,58,Vulnerable,53.2%,46.8%,33.4%,66.6%,33.4%,3-star,NA,5/5/2022,"Trinity (Euless, TX)",TX,Euless,32.849366,-97.078592,OK,36.131496,-97.074464,227,nearby,city,0,0,0,0,early commit; first commitment; thin position group,https://247sports.com/player/siolaa-lolohea-46129675/high-school-275562/
336,2025,46143014,Trey Blue,IOL,North Carolina,Enrolled,yes,yes,33.5,35,Weak / Attack,53.1%,46.9%,55.0%,45.0%,55.0%,3-star,NA,9/17/2023,"Cary (Cary, NC)",NC,Cary,35.781302,-78.823444,NC,35.928328,-79.041375,16,nearby,city,0,0,2,0,very early commit; first commitment; only commit at position; other-school offers after commit,https://247sports.com/player/trey-blue-46143014/high-school-299241/
337,2025,46133808,Trey McNutt,S,Oregon,Enrolled,yes,yes,50,50,Vulnerable,53.1%,46.9%,33.4%,66.6%,33.4%,5-star,31,8/3/2024,"Shaker Heights (Cleveland, OH)",OH,Cleveland,41.478462,-81.679435,OR,44.056848,-123.119019,2087,cross_country,city,0,0,0,0,first commitment; only commit at position; cross country; 5-star,https://247sports.com/player/trey-mcnutt-46133808/high-school-281215/
338,2027,46154163,Gianni Porfilio,CB,Purdue,Hard Commit,no,yes,50,50,Vulnerable,53.1%,46.9%,33.4%,66.6%,33.4%,3-star,NA,5/14/2026,"Huntington Beach (Huntington Beach, CA)",CA,Huntington Beach,33.698007,-118.003834,IN,40.443707,-86.923616,1766,cross_country,city,0,0,0,0,early commit; first commitment; thin position group; cross country,https://247sports.com/player/gianni-porfilio-46154163/high-school-326144/
339,2022,46080648,Sam McCall,S,Florida State,Enrolled,yes,yes,63.2,71,Vulnerable,53.1%,46.9%,33.4%,66.6%,17.5%,4-star,48,2/28/2021,"Lake Gibson (Lakeland, FL)",FL,Lakeland,28.055496,-81.954772,FL,30.453529,-84.252272,216,nearby,city,2,3,1,4,early commit; prior decommit; only commit at position; 4-star; other-school OV after commit,https://247sports.com/player/sam-mccall-46080648/high-school-230345/
340,2027,46153369,Benny Easter Jr.,WR,Texas Tech,Hard Commit,no,yes,15,35,Weak / Attack,53.0%,47.0%,55.0%,45.0%,55.0%,4-star,63,11/20/2025,"Humble Summer Creek (Humble, TX)",TX,Humble,29.988207,-95.264356,TX,33.561901,-101.888883,461,regional,city,4,4,8,1,very early commit; first commitment; thin position group; 4-star; other-school OV after commit,https://247sports.com/player/benny-easter-jr-46153369/high-school-324357/
341,2022,46110503,Tacario Davis,CB,Arizona,Enrolled,yes,yes,58,58,Vulnerable,53.0%,47.0%,33.4%,66.6%,33.4%,3-star,NA,2/22/2021,"Millikan (Long Beach, CA)",CA,Long Beach,33.780791,-118.16818,AZ,32.153036,-110.870773,438,regional,city,0,0,0,0,early commit; first commitment; thin position group,https://247sports.com/player/tacario-davis-46110503/high-school-258979/
342,2025,46135814,Elijah Thomas,ATH,Oklahoma,Enrolled,yes,yes,37,37,Weak / Attack,52.9%,47.1%,55.0%,45.0%,55.0%,4-star,122,7/27/2023,"Checotah (Checotah, OK)",OK,Checotah,35.482436,-95.522818,OK,35.240569,-97.345299,104,nearby,city,0,0,0,0,very early commit; first commitment; thin position group; 4-star,https://247sports.com/player/elijah-thomas-46135814/high-school-284643/
343,2027,46154922,Bradley Sturdivant,IOL,Arkansas,Hard Commit,no,yes,43,43,Weak / Attack,52.9%,47.1%,55.0%,45.0%,55.0%,3-star,NA,1/26/2025,"Sheridan (Sheridan, AR)",AR,Sheridan,34.321575,-92.443067,AR,36.071455,-94.166564,155,nearby,city,0,0,0,0,very early commit; first commitment,https://247sports.com/player/bradley-sturdivant-46154922/high-school-328257/
344,2027,46166410,Kingston Thornton,CB,Northwestern,Hard Commit,no,yes,53,53,Vulnerable,52.9%,47.1%,33.4%,66.6%,33.4%,3-star,859,6/12/2026,"Parish Episcopal School (Dallas, TX)",TX,Dallas,32.793333,-96.766513,IL,42.046391,-87.694352,809,far,city,0,0,0,0,early commit; first commitment; thin position group; far,https://247sports.com/player/kingston-thornton-46166410/high-school-358912/
345,2023,46115387,Rob Billings IV,S,Clemson,Enrolled,yes,yes,54,54,Vulnerable,52.9%,47.1%,33.4%,66.6%,33.4%,4-star,434,7/31/2022,"Milton (Alpharetta, GA)",GA,Alpharetta,34.070866,-84.27265,SC,34.683564,-82.810575,94,nearby,city,0,0,0,0,first commitment; only commit at position; 4-star,https://247sports.com/player/rob-billings-iv-46115387/high-school-264124/
346,2026,46153023,Angelo Renda,QB,Pittsburgh,Enrolled,yes,yes,55,55,Vulnerable,52.9%,47.1%,33.4%,66.6%,33.4%,3-star,NA,1/22/2025,"Southlake Carroll (Southlake, TX)",TX,Southlake,32.954493,-97.148867,PA,40.439936,-79.975676,1080,far,city,0,0,1,1,early commit; first commitment; thin position group; far; other-school offers after commit,https://247sports.com/player/angelo-renda-46153023/high-school-323190/
347,2023,46117036,Lex Thomas,QB,NC State,Enrolled,yes,yes,33,33,Weak / Attack,52.8%,47.2%,55.0%,45.0%,55.0%,3-star,NA,7/23/2021,"Heritage (Wake Forest, NC)",NC,Wake Forest,35.964409,-78.51332,NC,35.831868,-78.641042,12,nearby,city,0,0,0,3,very early commit; first commitment; only commit at position,https://247sports.com/player/lex-thomas-46117036/high-school-267056/
348,2026,46155746,Dash Fifita,LB,Arizona,Enrolled,yes,yes,56,56,Vulnerable,52.8%,47.2%,33.4%,66.6%,33.4%,3-star,NA,2/3/2025,"Santa Margarita Catholic (Rancho Santa Margarita, CA)",CA,Rancho Santa Margarita,33.632332,-117.599008,AZ,32.153036,-110.870773,403,regional,city,0,0,0,1,early commit; first commitment; thin position group,https://247sports.com/player/dash-fifita-46155746/high-school-329700/
349,2023,46101075,Alex Birchmeier,IOL,Penn State,Enrolled,yes,yes,35,35,Weak / Attack,52.7%,47.3%,55.0%,45.0%,55.0%,4-star,53,7/15/2021,"Broad Run (Ashburn, VA)",VA,Ashburn,39.027296,-77.471322,PA,40.791039,-77.856813,124,nearby,city,0,1,0,5,very early commit; first commitment; thin position group; 4-star; other-school visit after commit,https://247sports.com/player/alex-birchmeier-46101075/high-school-250262/
350,2023,46128514,DJay Braswell,RB,South Carolina,Enrolled,yes,yes,54,54,Vulnerable,52.7%,47.3%,33.4%,66.6%,33.4%,4-star,248,7/2/2022,"Washington County (Sandersville, GA)",GA,Sandersville,32.981794,-82.80513,SC,34.040519,-80.906099,132,nearby,city,0,0,0,0,first commitment; only commit at position; 4-star,https://247sports.com/player/djay-braswell-46128514/high-school-273706/
351,2025,46141701,Byron Baldwin Jr.,S,Indiana,Enrolled,yes,yes,62,62,Vulnerable,52.7%,47.3%,33.4%,66.6%,33.4%,4-star,258,11/15/2024,"St. Frances Academy (Baltimore, MD)",MD,Baltimore,39.300032,-76.610476,IN,39.1637,-86.524264,530,regional,city,0,0,0,0,first commitment; only commit at position; 4-star,https://247sports.com/player/byron-baldwin-jr-46141701/high-school-296770/
352,2025,46129893,LeBron Williams,Edge,California,Enrolled,yes,yes,39.0,51,Weak / Attack,52.6%,47.4%,55.0%,45.0%,33.4%,3-star,NA,6/9/2024,"Kahuku (Kahuku, HI)",HI,Kahuku,21.678943,-157.943157,CA,37.865673,-122.298725,2392,cross_country,city,2,2,0,0,early commit; first commitment; only commit at position; cross country; other-school OV after commit,https://247sports.com/player/lebron-williams-46129893/high-school-275936/
353,2023,46099462,Joenel Aguero,S,Georgia,Enrolled,yes,yes,47.0,53,Weak / Attack,52.6%,47.4%,55.0%,45.0%,33.4%,5-star,38,7/23/2022,"St. John's Prep (Lynn, MA)",MA,Lynn,42.474766,-70.962035,GA,32.7,-83.3,953,far,city,1,1,0,0,first commitment; only commit at position; far; 5-star; other-school OV after commit,https://247sports.com/player/joenel-aguero-46099462/high-school-273386/
354,2027,46149353,Max Markofski,TE,Arizona,Hard Commit,no,yes,51,51,Vulnerable,52.6%,47.4%,33.4%,66.6%,33.4%,3-star,765,4/13/2026,"Mission Viejo (Mission Viejo, CA)",CA,Mission Viejo,33.609335,-117.656471,AZ,32.153036,-110.870773,406,regional,city,0,0,0,0,early commit; first commitment; only commit at position,https://247sports.com/player/max-markofski-46149353/high-school-314295/
355,2023,46128099,Mike Mitchell,RB,Utah,Enrolled,yes,yes,55,55,Vulnerable,52.6%,47.4%,33.4%,66.6%,33.4%,3-star,466,6/30/2022,"Middleburg (Middleburg, FL)",FL,Middleburg,30.050226,-81.901075,UT,40.776928,-111.930991,1835,cross_country,city,0,0,0,0,first commitment; thin position group; cross country,https://247sports.com/player/mike-mitchell-46128099/high-school-273026/
356,2025,46148985,Scrap Richardson,ATH,Notre Dame,Enrolled,yes,yes,67,67,Stable / Monitor,52.6%,47.4%,17.5%,82.5%,17.5%,4-star,371,10/1/2024,"Greenville (Greenville, GA)",GA,Greenville,33.030929,-84.716331,IN,41.700283,-86.238679,605,regional,city,0,0,0,0,first commitment; thin position group; 4-star,https://247sports.com/player/scrap-richardson-46148985/high-school-313357/
357,2026,46148417,CJ Wallace,K,Washington,Enrolled,yes,yes,28,28,Weak / Attack,52.5%,47.5%,55.0%,45.0%,55.0%,3-star,NA,4/8/2024,"St. John Bosco (Bellflower, CA)",CA,Bellflower,33.887821,-118.12725,WA,47.619335,-122.351538,974,far,city,0,0,0,1,very early commit; first commitment; only commit at position; far,https://247sports.com/player/cj-wallace-46148417/high-school-311897/
358,2027,46137213,Furian Inferrera,QB,Minnesota,Hard Commit,no,yes,38.0,47,Weak / Attack,52.5%,47.5%,55.0%,45.0%,55.0%,3-star,NA,6/21/2025,"Mission Hills (San Marcos, CA)",CA,San Marcos,33.132567,-117.169892,MN,44.963324,-93.26832,1512,cross_country,city,1,2,0,0,very early commit; thin position group; cross country; other-school OV after commit,https://247sports.com/player/furian-inferrera-46137213/high-school-296340/
359,2024,46140153,Michael Turner Jr.,ATH,LSU,Enrolled,yes,yes,54,54,Vulnerable,52.5%,47.5%,33.4%,66.6%,33.4%,4-star,392,6/23/2023,"John Curtis (New Orleans, LA)",LA,New Orleans,30.05342,-89.934502,LA,30.440443,-91.133166,76,nearby,city,0,0,0,0,first commitment; only commit at position; 4-star,https://247sports.com/player/michael-turner-jr-46140153/high-school-293583/
360,2022,46057568,Jermaine Wiggins Jr,DL,Arizona,Enrolled,yes,yes,58,58,Vulnerable,52.5%,47.5%,33.4%,66.6%,33.4%,3-star,NA,3/19/2021,"Bridgton Academy (Boxford, MA)",MA,Boxford,42.663712,-70.984216,AZ,32.153036,-110.870773,2282,cross_country,city,0,0,0,1,early commit; first commitment; cross country,https://247sports.com/player/jermaine-wiggins-jr-46057568/high-school-260795/
361,2025,46135316,Grayson Wilson,QB,Arkansas,Enrolled,yes,yes,38,38,Weak / Attack,52.4%,47.6%,55.0%,45.0%,55.0%,3-star,513,4/15/2023,"Conway (Maumelle, AR)",AR,Maumelle,34.852344,-92.399995,AR,36.071455,-94.166564,130,nearby,city,0,0,0,2,very early commit; first commitment; thin position group,https://247sports.com/player/grayson-wilson-46135316/high-school-283745/
362,2027,46166432,Noah Willis,CB,Cincinnati,Hard Commit,no,yes,51,51,Vulnerable,52.4%,47.6%,33.4%,66.6%,33.4%,3-star,NA,6/11/2026,"Blessed Trinity Catholic (Roswell, GA)",GA,Roswell,34.039453,-84.350946,OH,39.140183,-84.505829,353,regional,city,0,0,0,0,early commit; first commitment; only commit at position,https://247sports.com/player/noah-willis-46166432/high-school-358945/
363,2022,46099473,Jyaire Brown,CB,Ohio State,Enrolled,yes,yes,34.5,37,Weak / Attack,52.3%,47.7%,55.0%,45.0%,55.0%,4-star,192,4/22/2020,"Lakota West (West Chester, OH)",OH,West Chester,,,OH,39.983938,-82.984882,30,nearby,state,0,0,6,1,very early commit; first commitment; thin position group; 4-star; other-school offers after commit,https://247sports.com/player/jyaire-brown-46099473/high-school-252317/
364,2024,46129334,Kasen Long,IOL,Texas Tech,Enrolled,yes,yes,40,40,Weak / Attack,52.3%,47.7%,55.0%,45.0%,55.0%,3-star,899,9/25/2022,"Shallowater (Shallowater, TX)",TX,Shallowater,33.690077,-101.989265,TX,33.561901,-101.888883,11,nearby,city,0,0,0,0,very early commit; first commitment; thin position group,https://247sports.com/player/kasen-long-46129334/high-school-274851/
365,2027,46156183,Prince Washington,CB,Colorado,Hard Commit,no,yes,53,53,Vulnerable,52.3%,47.7%,33.4%,66.6%,33.4%,3-star,NA,5/24/2026,"Houston Lamar (Houston, TX)",TX,Houston,29.785743,-95.388806,CO,40.024431,-105.251251,900,far,city,0,0,0,0,early commit; first commitment; thin position group; far,https://247sports.com/player/prince-washington-46156183/high-school-330676/
366,2025,46138432,Lebron Bond,WR,Indiana,Enrolled,yes,yes,54,54,Vulnerable,52.3%,47.7%,33.4%,66.6%,33.4%,3-star,NA,4/7/2024,"Maury (Norfolk, VA)",VA,Norfolk,36.923015,-76.244641,IN,39.1637,-86.524264,580,regional,city,0,0,0,1,early commit; first commitment; thin position group,https://247sports.com/player/lebron-bond-46138432/high-school-290850/
367,2024,46102486,Julian Sayin,QB,Alabama,Enrolled,yes,yes,18.2,19,Weak / Attack,52.2%,47.8%,55.0%,45.0%,55.0%,5-star,6,11/2/2022,"Carlsbad (Carlsbad, CA)",CA,Carlsbad,33.129284,-117.284183,AL,33.234404,-87.5283,1715,cross_country,city,0,0,1,0,very early commit; first commitment; only commit at position; cross country; 5-star,https://247sports.com/player/julian-sayin-46102486/high-school-252579/
368,2022,46094592,Malaki Starks,ATH,Georgia,Enrolled,yes,yes,49,49,Weak / Attack,52.2%,47.8%,55.0%,45.0%,55.0%,5-star,19,3/25/2021,"Jefferson (Jefferson, GA)",GA,Jefferson,34.136239,-83.602157,GA,32.7,-83.3,101,nearby,city,0,0,0,1,early commit; first commitment; only commit at position; 5-star,https://247sports.com/player/malaki-starks-46094592/high-school-243140/
369,2024,46136128,Micah Ka'apana,RB,Michigan,Enrolled,yes,yes,50,50,Vulnerable,52.2%,47.8%,33.4%,66.6%,33.4%,3-star,567,6/17/2023,"Bishop Gorman (Las Vegas, NV)",NV,Las Vegas,36.233499,-115.264037,MI,42.276147,-83.73086,1727,cross_country,city,0,0,0,0,early commit; first commitment; thin position group; cross country,https://247sports.com/player/micah-kaapana-46136128/high-school-285743/
370,2024,46129606,Jace J. Gilbert,DL,Iowa State,Enrolled,yes,yes,56,56,Vulnerable,52.2%,47.8%,33.4%,66.6%,33.4%,3-star,NA,1/27/2023,"Arrowhead (Hartland, WI)",WI,Hartland,43.102352,-88.335595,IA,42.026327,-93.621264,279,regional,city,0,0,0,0,early commit; first commitment; thin position group,https://247sports.com/player/jace-j-gilbert-46129606/high-school-275418/
371,2022,46116449,Ashton Hollins,ATH,Illinois,Enrolled,yes,yes,67,67,Stable / Monitor,52.2%,47.8%,17.5%,82.5%,17.5%,3-star,NA,6/30/2021,"George County (Lucedale, MS)",MS,Lucedale,30.931213,-88.595896,IL,40.114099,-88.274619,635,regional,city,0,0,0,0,first commitment; thin position group,https://247sports.com/player/ashton-hollins-46116449/high-school-266046/
372,2027,46151615,Noah Parker,RB,Georgia,Hard Commit,no,yes,31.8,38,Weak / Attack,52.1%,47.9%,55.0%,45.0%,55.0%,3-star,845,11/15/2025,"Macon County (Montezuma, GA)",GA,Montezuma,32.297239,-84.019058,GA,32.7,-83.3,50,nearby,city,0,2,3,1,very early commit; first commitment; thin position group; other-school visit after commit; other-school offers after commit,https://247sports.com/player/noah-parker-46151615/high-school-318078/
373,2025,46147104,Cedric Wyche II,RB,Illinois,Enrolled,yes,yes,58,58,Vulnerable,52.1%,47.9%,33.4%,66.6%,33.4%,3-star,665,6/29/2024,"St. Thomas Aquinas (Fort Lauderdale, FL)",FL,Fort Lauderdale,26.141227,-80.146731,IL,40.114099,-88.274619,1073,far,city,0,0,0,0,first commitment; thin position group; far,https://247sports.com/player/cedric-wyche-ii-46147104/high-school-308640/
374,2027,46167628,Bariyus Allen,DL,Iowa,Hard Commit,no,yes,61,61,Vulnerable,52.1%,47.9%,33.4%,66.6%,33.4%,3-star,629,6/7/2026,"Belmont (Dayton, OH)",OH,Dayton,39.784743,-84.199632,IA,41.655661,-91.530859,405,regional,city,0,0,0,0,early commit; first commitment,https://247sports.com/player/bariyus-allen-46167628/high-school-360734/
375,2023,46099780,Samuel Singleton Jr.,RB,Florida State,Enrolled,yes,yes,52,52,Vulnerable,52.0%,48.0%,33.4%,66.6%,33.4%,4-star,389,8/5/2022,"Fleming Island (Charleston, SC)",SC,Charleston,32.828017,-79.972896,FL,30.453529,-84.252272,300,regional,city,0,0,0,0,first commitment; only commit at position; 4-star,https://247sports.com/player/samuel-singleton-jr-46099780/high-school-248550/
376,2022,46101471,Kaian Roberts-Day,Edge,Baylor,Enrolled,yes,yes,29.8,39,Weak / Attack,51.9%,48.1%,55.0%,45.0%,55.0%,4-star,275,5/2/2020,"Festus (Festus, MO)",MO,Festus,38.219426,-90.409724,TX,31.557994,-97.18975,599,regional,city,1,1,7,1,very early commit; first commitment; 4-star; other-school OV after commit; other-school offers after commit,https://247sports.com/player/kaian-roberts-day-46101471/high-school-251038/
377,2025,46118279,Luke Nickel,QB,Miami,Enrolled,yes,yes,31,31,Weak / Attack,51.9%,48.1%,55.0%,45.0%,55.0%,4-star,232,8/11/2023,"Milton (Alpharetta, GA)",GA,Alpharetta,34.070866,-84.27265,FL,25.683061,-80.261659,627,regional,city,0,0,1,2,very early commit; first commitment; only commit at position; 4-star; other-school offers after commit,https://247sports.com/player/luke-nickel-46118279/high-school-269365/
378,2022,46096360,Gabe Powers,LB,Ohio State,Enrolled,yes,yes,37,37,Weak / Attack,51.9%,48.1%,55.0%,45.0%,55.0%,4-star,101,8/1/2020,"Marysville (Marysville, OH)",OH,Marysville,40.227986,-83.35936,OH,39.983938,-82.984882,26,nearby,city,0,0,0,1,very early commit; first commitment; thin position group; 4-star,https://247sports.com/player/gabe-powers-46096360/high-school-244373/
379,2022,46099242,Quincy Burroughs,WR,Cincinnati,Enrolled,yes,yes,51.5,59,Vulnerable,51.9%,48.1%,33.4%,66.6%,33.4%,3-star,997,2/10/2021,"Raines (Jacksonville, FL)",FL,Jacksonville,30.336864,-81.661603,OH,39.140183,-84.505829,629,regional,city,0,0,10,0,early commit; first commitment; thin position group; other-school offers after commit,https://247sports.com/player/quincy-burroughs-46099242/high-school-247743/
380,2022,46059232,Tobias Merriweather,WR,Notre Dame,Enrolled,yes,yes,53,53,Vulnerable,51.9%,48.1%,33.4%,66.6%,33.4%,4-star,121,8/4/2021,"Union (Camas, WA)",WA,Camas,45.601809,-122.430381,IN,41.700283,-86.238679,1814,cross_country,city,0,0,0,0,first commitment; only commit at position; cross country; 4-star,https://247sports.com/player/tobias-merriweather-46059232/high-school-226193/
381,2024,46133351,Anelu Lafaele,Edge,Wisconsin,Enrolled,yes,yes,57,57,Vulnerable,51.9%,48.1%,33.4%,66.6%,33.4%,3-star,603,7/11/2023,"Farrington (Honolulu, HI)",HI,Honolulu,,,WI,43.087815,-89.429856,4096,cross_country,state,0,0,0,0,first commitment; only commit at position; cross country,https://247sports.com/player/anelu-lafaele-46133351/high-school-280223/
382,2023,46102932,Ty Blanding,DL,Penn State,Enrolled,yes,yes,58,58,Vulnerable,51.9%,48.1%,33.4%,66.6%,33.4%,3-star,752,6/17/2022,"Christ the King (Middle Village, NY)",NY,Middle Village,,,PA,40.791039,-77.856813,207,nearby,state,0,0,0,0,early commit; first commitment; thin position group,https://247sports.com/player/ty-blanding-46102932/high-school-253564/
383,2027,46154755,Kharim Hughley,QB,Clemson,Hard Commit,no,yes,30,30,Weak / Attack,51.8%,48.2%,55.0%,45.0%,55.0%,4-star,161,7/10/2025,"Gainesville (Gainesville, GA)",GA,Gainesville,34.2901,-83.829106,SC,34.683564,-82.810575,64,nearby,city,0,0,0,1,very early commit; first commitment; only commit at position; 4-star,https://247sports.com/player/kharim-hughley-46154755/high-school-327921/
384,2024,46115185,Isaac Brown,RB,Louisville,Enrolled,yes,yes,31.5,34,Weak / Attack,51.8%,48.2%,55.0%,45.0%,55.0%,3-star,526,8/1/2022,"Homestead (Homestead, FL)",FL,Homestead,25.466694,-80.444342,KY,38.224728,-85.740614,934,far,city,0,1,2,1,very early commit; first commitment; thin position group; far; other-school visit after commit,https://247sports.com/player/isaac-brown-46115185/high-school-263869/
385,2026,46150702,Nick Zalewski,Edge,Northwestern,Enrolled,yes,yes,53,53,Vulnerable,51.8%,48.2%,33.4%,66.6%,33.4%,3-star,918,4/16/2025,"Thomas Worthington (Columbus, OH)",OH,Columbus,39.983938,-82.984882,IL,42.046391,-87.694352,284,regional,city,0,0,0,0,early commit; first commitment; only commit at position,https://247sports.com/player/nick-zalewski-46150702/high-school-316431/
386,2025,46138714,Jon Jon Stevens Jr.,ATH,Northwestern,Enrolled,yes,yes,56,56,Vulnerable,51.8%,48.2%,33.4%,66.6%,33.4%,3-star,NA,1/28/2024,"Westerville North (Westerville, OH)",OH,Westerville,40.123435,-82.913324,IL,42.046391,-87.694352,282,regional,city,0,0,0,0,early commit; first commitment; thin position group,https://247sports.com/player/jon-jon-stevens-jr-46138714/high-school-291334/
387,2024,46131516,Willie Nelson,S,Oklahoma State,Enrolled,yes,yes,57,57,Vulnerable,51.8%,48.2%,33.4%,66.6%,33.4%,3-star,866,2/10/2023,"Longview (Longview, TX)",TX,Longview,32.520234,-94.761114,OK,36.131496,-97.074464,282,regional,city,0,0,0,1,early commit; first commitment; thin position group,https://247sports.com/player/willie-nelson-46131516/high-school-277623/
388,2024,46109945,Tyler Aronson,QB,SMU,Enrolled,yes,yes,23.0,29,Weak / Attack,51.7%,48.3%,55.0%,45.0%,55.0%,3-star,NA,7/29/2022,"Vero Beach (Vero Beach, FL)",FL,Vero Beach,27.64722,-80.393136,TX,32.793333,-96.766513,1039,far,city,1,1,0,0,very early commit; first commitment; only commit at position; far; other-school OV after commit,https://247sports.com/player/tyler-aronson-46109945/high-school-283510/
389,2024,46113658,Colin Hurley,QB,LSU,Enrolled,yes,yes,28,28,Weak / Attack,51.7%,48.3%,55.0%,45.0%,55.0%,4-star,357,11/4/2022,"Trinity Christian Academy (Jacksonville, FL)",FL,Jacksonville,30.336864,-81.661603,LA,30.440443,-91.133166,564,regional,city,0,0,0,2,very early commit; first commitment; only commit at position; 4-star,https://247sports.com/player/colin-hurley-46113658/high-school-261955/
390,2023,46108941,Vandrevius Jacobs,WR,Florida State,Enrolled,yes,yes,39,39,Weak / Attack,51.7%,48.3%,55.0%,45.0%,55.0%,4-star,298,6/21/2021,"Vero Beach (Fort Pierce, FL)",FL,Fort Pierce,27.426112,-80.342488,FL,30.453529,-84.252272,316,regional,city,0,0,1,2,very early commit; first commitment; 4-star; other-school offers after commit,https://247sports.com/player/vandrevius-jacobs-46108941/high-school-267334/
391,2022,46093563,CJ Clinkscales,ATH,Boston College,Enrolled,yes,yes,41.2,51,Weak / Attack,51.7%,48.3%,55.0%,45.0%,33.4%,3-star,NA,3/24/2021,"Buford (Buford, GA)",GA,Buford,34.118562,-83.98861,MA,42.2,-71.8,865,far,city,1,2,1,0,early commit; first commitment; only commit at position; far; other-school OV after commit,https://247sports.com/player/cj-clinkscales-46093563/high-school-241775/
392,2027,46158711,Savior Owens,RB,Michigan State,Hard Commit,no,yes,55,55,Vulnerable,51.7%,48.3%,33.4%,66.6%,33.4%,3-star,NA,1/25/2026,"Massillon Washington (Massillon, OH)",OH,Massillon,40.784483,-81.525216,MI,42.748913,-84.482442,204,nearby,city,0,0,0,1,early commit; first commitment; only commit at position,https://247sports.com/player/savior-owens-46158711/high-school-337802/
393,2026,46151795,Maddox Quiller,S,Texas Tech,Enrolled,yes,yes,58,58,Vulnerable,51.7%,48.3%,33.4%,66.6%,33.4%,3-star,NA,2/12/2025,"Pflugerville Hendrickson (Pflugerville, TX)",TX,Pflugerville,30.447765,-97.602116,TX,33.561901,-101.888883,331,regional,city,0,0,1,1,early commit; first commitment; thin position group; other-school offers after commit,https://247sports.com/player/maddox-quiller-46151795/high-school-319455/
394,2024,46128629,Gabe Williams,LB,Virginia Tech,Enrolled,yes,yes,49,49,Weak / Attack,51.6%,48.4%,55.0%,45.0%,55.0%,4-star,305,6/11/2023,"St. Vincent Pallotti (Laurel, MD)",MD,Laurel,39.095075,-76.861245,VA,37.231264,-80.426745,233,nearby,city,0,0,0,0,early commit; first commitment; only commit at position; 4-star,https://247sports.com/player/gabe-williams-46128629/high-school-273847/
395,2022,46102749,Tucker Holloway,WR,Virginia Tech,Enrolled,yes,yes,55.2,62,Vulnerable,51.6%,48.4%,33.4%,66.6%,33.4%,3-star,967,7/3/2021,"Rabun Gap-Nacoochee (Rabun Gap, GA)",GA,Rabun Gap,,,VA,37.231264,-80.426745,353,regional,state,1,1,1,0,first commitment; only commit at position; other-school OV after commit; other-school offers after commit,https://247sports.com/player/tucker-holloway-46102749/high-school-263673/
396,2023,46082708,Marco Lainez III,QB,Iowa,Enrolled,yes,yes,29,29,Weak / Attack,51.5%,48.5%,55.0%,45.0%,55.0%,3-star,863,12/13/2021,"Hun School (Skillman, NJ)",NJ,Skillman,40.428191,-74.712293,IA,41.655661,-91.530859,879,far,city,0,0,0,1,very early commit; first commitment; only commit at position; far,https://247sports.com/player/marco-lainez-iii-46082708/high-school-233121/
397,2022,46079316,Mehki Flowers,ATH,Penn State,Enrolled,yes,yes,50,50,Vulnerable,51.5%,48.5%,33.4%,66.6%,33.4%,4-star,182,1/1/2021,"Central Dauphin East (Harrisburg, PA)",PA,Harrisburg,40.275891,-76.88502,PA,40.791039,-77.856813,62,nearby,city,0,1,0,3,early commit; first commitment; only commit at position; 4-star; other-school visit after commit,https://247sports.com/player/mehki-flowers-46079316/high-school-264261/
398,2027,46148046,Jaxx DeJean,ATH,Iowa,Hard Commit,no,yes,53,53,Vulnerable,51.4%,48.6%,33.4%,66.6%,33.4%,3-star,497,12/21/2025,"Odebolt-Arthur (Odebolt, IA)",IA,Odebolt,42.311842,-95.254378,IA,41.655661,-91.530859,197,nearby,city,0,0,0,1,early commit; first commitment; only commit at position,https://247sports.com/player/jaxx-dejean-46148046/high-school-310774/
399,2027,46156164,Javarious Griffin Jr.,WR,Mississippi State,Hard Commit,no,yes,53,53,Vulnerable,51.4%,48.6%,33.4%,66.6%,33.4%,3-star,765,3/21/2026,"Cleveland Central (Cleveland, MS)",MS,Cleveland,33.744008,-90.728476,MS,33.463261,-88.827796,111,nearby,city,0,0,0,0,early commit; first commitment; only commit at position,https://247sports.com/player/javarious-griffin-jr-46156164/high-school-330637/
400,2023,46102611,Derek Williams Jr.,S,Texas,Enrolled,yes,yes,57,57,Vulnerable,51.3%,48.7%,33.4%,66.6%,33.4%,4-star,49,6/27/2022,"Westgate (New Iberia, LA)",LA,New Iberia,30.005493,-91.820307,TX,30.298622,-97.754134,355,regional,city,0,0,0,0,first commitment; thin position group; 4-star,https://247sports.com/player/derek-williams-jr-46102611/high-school-252816/
401,2026,46136601,Samu Moala,Edge,Texas A&M,Enrolled,yes,yes,25.0,35,Weak / Attack,51.2%,48.8%,55.0%,45.0%,55.0%,4-star,417,10/27/2024,"Leuzinger (Lawndale, CA)",CA,Lawndale,33.888435,-118.353143,TX,30.58516,-96.29636,1306,far,city,2,2,0,1,very early commit; first commitment; thin position group; far; 4-star,https://247sports.com/player/samu-moala-46136601/high-school-286935/
402,2024,46141103,Therrian Alexander III,CB,BYU,Enrolled,yes,yes,43.8,52,Weak / Attack,51.2%,48.8%,55.0%,45.0%,33.4%,3-star,NA,8/4/2023,"Southwest DeKalb (Decatur, GA)",GA,Decatur,33.771067,-84.295784,UT,40.245312,-111.645057,1567,cross_country,city,1,1,3,0,first commitment; only commit at position; cross country; other-school OV after commit; other-school offers after commit,https://247sports.com/player/therrian-alexander-iii-46141103/high-school-295436/
403,2023,46103875,Deuce Alexander,WR,Wake Forest,Enrolled,yes,yes,56,56,Vulnerable,51.2%,48.8%,33.4%,66.6%,33.4%,3-star,972,5/26/2022,"Douglas County (Douglasville, GA)",GA,Douglasville,33.73678,-84.701074,NC,36.102863,-80.260829,300,regional,city,0,0,0,0,early commit; first commitment; thin position group,https://247sports.com/player/deuce-alexander-46103875/high-school-255358/
404,2026,46148250,Tom McGlinchey,ATH,Northwestern,Enrolled,yes,yes,59,59,Vulnerable,51.2%,48.8%,33.4%,66.6%,33.4%,3-star,831,6/24/2025,"William Penn Charter (Philadelphia, PA)",PA,Philadelphia,40.009376,-75.133346,IL,42.046391,-87.694352,669,regional,city,0,0,0,0,first commitment; only commit at position,https://247sports.com/player/tom-mcglinchey-46148250/high-school-311442/
405,2023,46128470,Rhino Tapa'atoutai,OT,Arizona,Enrolled,yes,yes,51,51,Vulnerable,51.1%,48.9%,33.4%,66.6%,33.4%,3-star,NA,4/18/2022,"Bishop Alemany (Mission Hills, CA)",CA,Mission Hills,34.688779,-120.43975,AZ,32.153036,-110.870773,579,regional,city,0,0,0,0,early commit; first commitment; only commit at position,https://247sports.com/player/rhino-tapaatoutai-46128470/high-school-273645/
406,2025,46143777,Xanai Scott,S,Illinois,Enrolled,yes,yes,61,61,Vulnerable,51.1%,48.9%,33.4%,66.6%,33.4%,3-star,NA,3/12/2024,"Cardinal Newman (West Palm Beach, FL)",FL,West Palm Beach,26.745114,-80.127038,IL,40.114099,-88.274619,1035,far,city,0,0,0,1,early commit; first commitment; far,https://247sports.com/player/xanai-scott-46143777/high-school-301807/
407,2027,46161914,Damian Anyasodo,IOL,Utah,Hard Commit,no,yes,51,51,Vulnerable,51.0%,49.0%,33.4%,66.6%,33.4%,3-star,NA,6/7/2026,"St. Mary's (Stockton, CA)",CA,Stockton,37.976553,-121.308598,UT,40.776928,-111.930991,537,regional,city,0,0,0,0,early commit; first commitment; only commit at position,https://247sports.com/player/damian-anyasodo-46161914/high-school-345432/
408,2025,46139781,Garrett Reese,ATH,Indiana,Enrolled,yes,yes,51.2,56,Vulnerable,51.0%,49.0%,33.4%,66.6%,33.4%,3-star,NA,2/16/2024,"Nazareth Academy (La Grange Park, IL)",IL,La Grange Park,41.830778,-87.872274,IN,39.1637,-86.524264,197,nearby,city,1,1,1,1,early commit; first commitment; only commit at position; other-school OV after commit; other-school offers after commit,https://247sports.com/player/garrett-reese-46139781/high-school-292979/
409,2027,46164108,Jordan Walley,ATH,Minnesota,Hard Commit,no,yes,55,55,Vulnerable,51.0%,49.0%,33.4%,66.6%,33.4%,3-star,NA,5/31/2026,"D'Iberville (D'Iberville, MS)",MS,D'Iberville,30.443519,-88.895358,MN,44.963324,-93.26832,1031,far,city,0,0,0,0,early commit; first commitment; only commit at position; far,https://247sports.com/player/jordan-walley-46164108/high-school-350474/
410,2024,46118013,James Peoples,RB,Ohio State,Enrolled,yes,yes,46.0,50,Weak / Attack,50.9%,49.1%,55.0%,45.0%,33.4%,4-star,115,4/2/2023,"San Antonio Veterans Memorial (San Antonio, TX)",TX,San Antonio,29.462809,-98.524635,OH,39.983938,-82.984882,1140,far,city,1,1,0,1,early commit; first commitment; only commit at position; far; 4-star,https://247sports.com/player/james-peoples-46118013/high-school-268576/
411,2025,46133003,Cam Jamerson,ATH,TCU,Enrolled,yes,yes,56,56,Vulnerable,50.9%,49.1%,33.4%,66.6%,33.4%,3-star,NA,6/25/2024,"Shadow Creek (Pearland, TX)",TX,Pearland,29.555732,-95.323012,TX,32.781954,-97.348573,253,regional,city,0,0,0,0,first commitment; only commit at position,https://247sports.com/player/cam-jamerson-46133003/high-school-308246/
412,2025,46143314,Michael Troutman III,IOL,Penn State,Enrolled,yes,yes,58,58,Vulnerable,50.9%,49.1%,33.4%,66.6%,33.4%,3-star,721,2/11/2024,"DePaul Catholic (Wayne, NJ)",NJ,Wayne,,,PA,40.791039,-77.856813,183,nearby,state,0,0,0,0,early commit; first commitment; thin position group,https://247sports.com/player/michael-troutman-iii-46143314/high-school-300215/
413,2027,46157584,Jayin Talib,IOL,Colorado,Hard Commit,no,yes,51,51,Vulnerable,50.8%,49.2%,33.4%,66.6%,33.4%,3-star,NA,6/14/2026,"Allen (Allen, TX)",TX,Allen,33.109736,-96.673032,CO,40.024431,-105.251251,674,regional,city,0,0,0,0,early commit; first commitment; only commit at position,https://247sports.com/player/jayin-talib-46157584/high-school-335795/
414,2025,46144928,Brandon Finney Jr.,CB,Oregon,Enrolled,yes,yes,56,56,Vulnerable,50.8%,49.2%,33.4%,66.6%,33.4%,4-star,40,6/25/2024,"McDonogh School (Owings Mills, MD)",MD,Owings Mills,39.410494,-76.789371,OR,44.056848,-123.119019,2379,cross_country,city,0,0,0,0,first commitment; cross country; 4-star,https://247sports.com/player/brandon-finney-jr-46144928/high-school-303953/
415,2022,46111680,Kye Stokes,ATH,Ohio State,Enrolled,yes,yes,50,50,Vulnerable,50.7%,49.3%,33.4%,66.6%,33.4%,4-star,351,5/2/2021,"Armwood (Seffner, FL)",FL,Seffner,28.001639,-82.274077,OH,39.983938,-82.984882,829,far,city,0,0,0,1,early commit; first commitment; only commit at position; far; 4-star,https://247sports.com/player/kye-stokes-46111680/high-school-259766/
416,2022,46096682,Connor Jones,OT,Michigan,Enrolled,yes,yes,56,56,Vulnerable,50.7%,49.3%,33.4%,66.6%,33.4%,3-star,NA,12/24/2020,"Palmer Ridge (Monument, CO)",CO,Monument,39.074406,-104.844221,MI,42.276147,-83.73086,1125,far,city,0,0,0,0,early commit; first commitment; thin position group; far,https://247sports.com/player/connor-jones-46096682/high-school-244815/
417,2025,46141446,Mark Manfred III,CB,Missouri,Enrolled,yes,yes,61,61,Vulnerable,50.7%,49.3%,33.4%,66.6%,33.4%,3-star,660,6/23/2024,"Sprayberry (Marietta, GA)",GA,Marietta,33.953561,-84.542463,MO,38.94729,-92.326387,553,regional,city,0,0,0,0,first commitment; thin position group,https://247sports.com/player/mark-manfred-iii-46141446/high-school-296326/
418,2026,46153041,Arthur Scott III,DL,Wisconsin,Enrolled,yes,yes,61,61,Vulnerable,50.7%,49.3%,33.4%,66.6%,33.4%,3-star,NA,6/1/2025,"Streetsboro (Streetsboro, OH)",OH,Streetsboro,41.239608,-81.345862,WI,43.087815,-89.429856,433,regional,city,0,0,0,0,early commit; first commitment,https://247sports.com/player/arthur-scott-iii-46153041/high-school-323300/
419,2026,46143680,Henry Gabalis,TE,Arizona,Enrolled,yes,yes,42.2,47,Weak / Attack,50.6%,49.4%,55.0%,45.0%,55.0%,4-star,431,4/19/2025,"Archbishop Murphy (Everett, WA)",WA,Everett,47.965413,-122.189895,AZ,32.153036,-110.870773,1243,far,city,1,1,1,1,early commit; first commitment; only commit at position; far; 4-star,https://247sports.com/player/henry-gabalis-46143680/high-school-301680/
420,2023,46110536,James Durand,IOL,Wisconsin,Enrolled,yes,yes,47,47,Weak / Attack,50.6%,49.4%,55.0%,45.0%,55.0%,4-star,353,5/6/2022,"Basha (Chandler, AZ)",AZ,Chandler,33.282765,-111.851819,WI,43.087815,-89.429856,1387,far,city,0,0,0,2,early commit; first commitment; only commit at position; far; 4-star,https://247sports.com/player/james-durand-46110536/high-school-259069/
421,2026,46138246,Anthony Jones Jr.,Edge,Oregon,Enrolled,yes,yes,48,48,Weak / Attack,50.6%,49.4%,55.0%,45.0%,55.0%,5-star,33,7/31/2025,"St. Paul's Episcopal (Mobile, AL)",AL,Mobile,30.668246,-88.107853,OR,44.056848,-123.119019,2113,cross_country,city,0,0,0,0,first commitment; thin position group; cross country; 5-star,https://247sports.com/player/anthony-jones-jr-46138246/high-school-290337/
422,2024,46116102,Adney Reid,LB,BYU,Enrolled,yes,yes,48,48,Weak / Attack,50.6%,49.4%,55.0%,45.0%,55.0%,3-star,NA,4/8/2022,"Spanish Fork (Spanish Fork, UT)",UT,Spanish Fork,40.113143,-111.642906,UT,40.245312,-111.645057,9,nearby,city,0,0,0,0,very early commit; first commitment,https://247sports.com/player/adney-reid-46116102/high-school-265541/
423,2025,46147332,JuJu Anderson,Edge,Pittsburgh,Enrolled,yes,yes,51,51,Vulnerable,50.6%,49.4%,33.4%,66.6%,33.4%,3-star,NA,6/10/2024,"Blair Academy (Blairstown, NJ)",NJ,Blairstown,40.987333,-74.954738,PA,40.439936,-79.975676,266,regional,city,0,0,0,0,early commit; first commitment; only commit at position,https://247sports.com/player/juju-anderson-46147332/high-school-309009/
424,2024,46139610,Matt Fuller,RB,South Carolina,Enrolled,yes,yes,54,54,Vulnerable,50.5%,49.5%,33.4%,66.6%,33.4%,4-star,475,6/23/2023,"Wayne County (Jesup, GA)",GA,Jesup,31.594574,-81.895699,SC,34.040519,-80.906099,178,nearby,city,0,0,0,0,first commitment; only commit at position; 4-star,https://247sports.com/player/matt-fuller-46139610/high-school-292771/
425,2026,46136886,Jonas Williams,QB,USC,Enrolled,yes,yes,56,56,Vulnerable,50.5%,49.5%,33.4%,66.6%,33.4%,4-star,110,2/21/2025,"Lincoln-Way East (Frankfort, IL)",IL,Frankfort,41.507025,-87.870966,CA,34.019394,-118.410825,1736,cross_country,city,0,0,0,1,early commit; only commit at position; cross country; 4-star,https://247sports.com/player/jonas-williams-46136886/high-school-287450/
426,2024,46116066,Turran Williams,S,Arizona,Signed,yes,yes,62,62,Vulnerable,50.5%,49.5%,33.4%,66.6%,33.4%,3-star,826,7/3/2023,"John Muir (Pasadena, CA)",CA,Pasadena,34.160602,-118.137954,AZ,32.153036,-110.870773,443,regional,city,0,0,0,0,first commitment; only commit at position,https://247sports.com/player/turran-williams-46116066/high-school-265250/
427,2023,46114957,Jojo Phillips,WR,BYU,Enrolled,yes,yes,56,56,Vulnerable,50.4%,49.6%,33.4%,66.6%,33.4%,3-star,NA,8/21/2022,"Sierra Canyon (Chatsworth, CA)",CA,Chatsworth,,,UT,40.245312,-111.645057,482,regional,state,0,0,0,0,first commitment; only commit at position,https://247sports.com/player/jojo-phillips-46114957/high-school-263606/
428,2025,46114553,Quanell Farrakhan Jr.,WR,Colorado,Enrolled,yes,yes,59,59,Vulnerable,50.4%,49.6%,33.4%,66.6%,33.4%,4-star,374,7/13/2024,"North Shore (Houston, TX)",TX,Houston,29.785743,-95.388806,CO,40.024431,-105.251251,900,far,city,0,0,0,0,first commitment; far; 4-star,https://247sports.com/player/quanell-farrakhan-jr-46114553/high-school-263131/
429,2026,46135249,Shavar Young Jr.,ATH,Clemson,Enrolled,yes,yes,34,34,Weak / Attack,50.3%,49.7%,55.0%,45.0%,55.0%,3-star,663,8/2/2024,"Webb School of Knoxville (Knoxville, TN)",TN,Knoxville,35.97068,-83.94927,SC,34.683564,-82.810575,110,nearby,city,0,0,2,1,very early commit; first commitment; only commit at position; other-school offers after commit,https://247sports.com/player/shavar-young-jr-46135249/high-school-308885/
430,2025,46135655,Cole Geer,QB,Virginia,Enrolled,yes,yes,34,34,Weak / Attack,50.3%,49.7%,55.0%,45.0%,55.0%,3-star,NA,12/3/2023,"Deerfield Academy (Deerfield, MA)",MA,Deerfield,42.547902,-72.602404,VA,38.037658,-78.485381,439,regional,city,0,0,0,1,very early commit; first commitment; thin position group,https://247sports.com/player/cole-geer-46135655/high-school-284385/
431,2026,46150132,Da'Jon Green,CB,Boston College,Enrolled,yes,yes,50.5,58,Vulnerable,50.3%,49.7%,33.4%,66.6%,33.4%,3-star,NA,6/7/2025,"Choctaw (Choctaw, OK)",OK,Choctaw,35.484983,-97.269942,MA,42.2,-71.8,1441,far,city,1,1,2,0,early commit; first commitment; far; other-school OV after commit; other-school offers after commit,https://247sports.com/player/dajon-green-46150132/high-school-315419/
432,2027,46155677,Nick Vecrumba,IOL,Kansas,Hard Commit,no,yes,51,51,Vulnerable,50.3%,49.7%,33.4%,66.6%,33.4%,3-star,NA,5/25/2026,"Brownsburg (Brownsburg, IN)",IN,Brownsburg,39.834436,-86.385693,KS,38.959551,-95.265468,478,regional,city,0,0,0,0,early commit; first commitment; only commit at position,https://247sports.com/player/nick-vecrumba-46155677/high-school-329536/
433,2025,46146295,Sampson Onuoha,Edge,Duke,Enrolled,yes,yes,54,54,Vulnerable,50.3%,49.7%,33.4%,66.6%,33.4%,3-star,692,3/29/2024,"Belmont Hill School (Belmont, MA)",MA,Belmont,42.395317,-71.180284,NC,35.977928,-78.898109,606,regional,city,0,0,0,1,early commit; first commitment; thin position group,https://247sports.com/player/sampson-onuoha-46146295/high-school-307169/
434,2025,46148818,Asher Wasserman,LB,Duke,Enrolled,yes,yes,56,56,Vulnerable,50.3%,49.7%,33.4%,66.6%,33.4%,3-star,NA,4/5/2024,"Hamden Hall (Hamden, CT)",CT,Hamden,,,NC,35.977928,-78.898109,512,regional,state,0,0,0,1,early commit; first commitment; thin position group,https://247sports.com/player/asher-wasserman-46148818/high-school-313051/
435,2025,46136967,Jayden Anderson,WR,Virginia Tech,Enrolled,yes,yes,58,58,Vulnerable,50.3%,49.7%,33.4%,66.6%,33.4%,3-star,728,2/9/2024,"Green Run (Virginia Beach, VA)",VA,Virginia Beach,36.779525,-76.029142,VA,37.231264,-80.426745,245,nearby,city,0,0,0,0,early commit; first commitment; thin position group,https://247sports.com/player/jayden-anderson-46136967/high-school-287570/
436,2026,46158864,Dylan Waters,CB,Utah,Enrolled,yes,yes,60,60,Vulnerable,50.2%,49.8%,33.4%,66.6%,33.4%,3-star,NA,6/24/2025,"Fort Bend Marshall (Missouri City, TX)",TX,Missouri City,29.562944,-95.535999,UT,40.776928,-111.930991,1204,far,city,0,0,0,0,first commitment; only commit at position; far,https://247sports.com/player/dylan-waters-46158864/high-school-338035/
437,2026,46142680,Brady Ballart,LB,Louisville,Enrolled,yes,yes,39,39,Weak / Attack,50.1%,49.9%,55.0%,45.0%,55.0%,3-star,NA,9/8/2024,"South Dearborn (Aurora, IN)",IN,Aurora,39.069774,-84.904746,KY,38.224728,-85.740614,74,nearby,city,0,0,1,1,very early commit; first commitment; thin position group; other-school offers after commit,https://247sports.com/player/brady-ballart-46142680/high-school-298620/
438,2024,46116941,Trey Petty,QB,Illinois,Enrolled,yes,yes,46.0,55,Weak / Attack,50.1%,49.9%,55.0%,45.0%,33.4%,3-star,784,5/4/2023,"Starkville (Starkville, MS)",MS,Starkville,33.463261,-88.827796,IL,40.114099,-88.274619,461,regional,city,0,3,0,0,early commit; first commitment; only commit at position; other-school visit after commit,https://247sports.com/player/trey-petty-46116941/high-school-266828/
439,2027,46160357,Andy Stedem,Edge,Virginia,Hard Commit,no,yes,51,51,Vulnerable,50.1%,49.9%,33.4%,66.6%,33.4%,3-star,NA,6/15/2026,"Avon Old Farms (Avon, CT)",CT,Avon,,,VA,38.037658,-78.485381,393,regional,state,0,0,0,0,early commit; first commitment; only commit at position,https://247sports.com/player/andy-stedem-46160357/high-school-360224/
440,2023,46127849,Ricky Ahumaraeze,WR,Northwestern,Enrolled,yes,yes,57,57,Vulnerable,50.1%,49.9%,33.4%,66.6%,33.4%,3-star,863,6/22/2022,"Liberty (Liberty, MO)",MO,Liberty,39.24127,-94.419445,IL,42.046391,-87.694352,402,regional,city,0,0,0,0,early commit; first commitment; only commit at position,https://247sports.com/player/ricky-ahumaraeze-46127849/high-school-272666/
441,2025,46143582,Bradley Martino,ATH,Minnesota,Enrolled,yes,yes,68.0,71,Stable / Monitor,50.1%,49.9%,17.5%,82.5%,17.5%,4-star,384,6/9/2024,"First Baptist Academy (Naples, FL)",FL,Naples,26.150485,-81.795299,MN,44.963324,-93.26832,1448,far,city,0,1,0,0,early commit; prior decommit; only commit at position; far; 4-star,https://247sports.com/player/bradley-martino-46143582/high-school-301107/
442,2026,46150258,Cortavious Tisaby,OT,Arizona State,Enrolled,yes,yes,30.0,31,Weak / Attack,50.0%,50.0%,55.0%,45.0%,55.0%,3-star,525,11/24/2024,"South Oak Cliff (Dallas, TX)",TX,Dallas,32.793333,-96.766513,AZ,33.388414,-111.931782,878,far,city,0,0,4,1,very early commit; first commitment; only commit at position; far; other-school offers after commit,https://247sports.com/player/cortavious-tisaby-46150258/high-school-315707/
443,2026,46143546,Ah Deong Yang,IOL,Washington,Enrolled,yes,yes,35,35,Weak / Attack,50.0%,50.0%,55.0%,45.0%,55.0%,3-star,NA,11/25/2024,"Puyallup (Puyallup, WA)",WA,Puyallup,47.179046,-122.291523,WA,47.619335,-122.351538,31,nearby,city,0,0,1,1,very early commit; first commitment; only commit at position; other-school offers after commit,https://247sports.com/player/ah-deong-yang-46143546/high-school-332274/
444,2025,46133388,Dallas Golden,ATH,Notre Dame,Enrolled,yes,yes,47,47,Weak / Attack,50.0%,50.0%,55.0%,45.0%,55.0%,4-star,92,4/28/2024,"Berkeley Prep (Tampa, FL)",FL,Tampa,27.970086,-82.479673,IN,41.700283,-86.238679,972,far,city,0,0,0,1,early commit; first commitment; thin position group; far; 4-star,https://247sports.com/player/dallas-golden-46133388/high-school-280314/
445,2025,46150114,Lo'Kavion Jackson,S,Mississippi State,Enrolled,yes,yes,48.8,60,Weak / Attack,50.0%,50.0%,55.0%,45.0%,33.4%,3-star,NA,6/18/2024,"Mosley (Lynn Haven, FL)",FL,Lynn Haven,30.233571,-85.636917,MS,33.463261,-88.827796,291,regional,city,0,3,3,0,early commit; first commitment; thin position group; other-school visit after commit; other-school offers after commit,https://247sports.com/player/lokavion-jackson-46150114/high-school-315394/
446,2022,46094707,Jonah Coleman,RB,Arizona,Enrolled,yes,yes,59,59,Vulnerable,50.0%,50.0%,33.4%,66.6%,33.4%,3-star,494,3/1/2021,"Lincoln (Stockton, CA)",CA,Stockton,37.976553,-121.308598,AZ,32.153036,-110.870773,714,regional,city,0,0,0,0,early commit; first commitment; thin position group,https://247sports.com/player/jonah-coleman-46094707/high-school-243330/
447,2025,46150651,Pupu Sepulona,Edge,Utah,Enrolled,yes,yes,67,67,Stable / Monitor,50.0%,50.0%,17.5%,82.5%,17.5%,3-star,889,12/4/2024,"St. Louis (Honolulu, HI)",HI,Honolulu,,,UT,40.776928,-111.930991,2932,cross_country,state,0,0,0,0,first commitment; only commit at position; cross country,https://247sports.com/player/pupu-sepulona-46150651/high-school-316357/
448,2024,46114094,Jeremiah Smith,WR,Ohio State,Enrolled,yes,yes,9,29,Weak / Attack,49.9%,50.1%,55.0%,45.0%,55.0%,5-star,1,12/14/2022,"Chaminade-Madonna (Opa Locka, FL)",FL,Opa Locka,,,OH,39.983938,-82.984882,787,far,state,4,14,0,4,very early commit; first commitment; far; 5-star; other-school OV after commit,https://247sports.com/player/jeremiah-smith-46114094/high-school-262615/
449,2022,46103590,Jack Funke,OT,Boston College,Enrolled,yes,yes,40,40,Weak / Attack,49.9%,50.1%,55.0%,45.0%,55.0%,3-star,NA,8/13/2020,"Xaverian Brothers (Westwood, MA)",MA,Westwood,,,MA,42.2,-71.8,0,in_state,state,0,0,0,0,very early commit; first commitment; thin position group,https://247sports.com/player/jack-funke-46103590/high-school-254678/
450,2025,46148539,Chase Coleman,CB,UCLA,Enrolled,yes,yes,60,60,Vulnerable,49.9%,50.1%,33.4%,66.6%,33.4%,3-star,NA,4/10/2024,"Frisco Memorial (Frisco, TX)",TX,Frisco,33.155427,-96.822596,CA,34.019394,-118.410825,1242,far,city,0,0,2,1,early commit; first commitment; far; other-school offers after commit,https://247sports.com/player/chase-coleman-46148539/high-school-312217/
451,2027,46155088,Jamarkus Pittman,DL,Ole Miss,Hard Commit,no,yes,35.5,40,Weak / Attack,49.8%,50.2%,55.0%,45.0%,55.0%,4-star,356,6/6/2025,"Memphis Academy of Science and Engineering (Memphis, TN)",TN,Memphis,35.109164,-89.968511,MS,34.351262,-89.536981,58,nearby,city,0,0,6,0,very early commit; first commitment; thin position group; 4-star; other-school offers after commit,https://247sports.com/player/jamarkus-pittman-46155088/high-school-328532/
452,2022,46083685,Chris Brooks Jr.,WR,Wisconsin,Enrolled,yes,yes,61,61,Vulnerable,49.8%,50.2%,33.4%,66.6%,33.4%,3-star,NA,2/11/2021,"St. Louis University (St. Louis, MO)",MO,St. Louis,38.635699,-90.244582,WI,43.087815,-89.429856,311,regional,city,0,0,0,0,early commit; first commitment,https://247sports.com/player/chris-brooks-jr-46083685/high-school-234313/
453,2027,46151663,Lee Prince Jr.,RB,West Virginia,Hard Commit,no,yes,51,51,Vulnerable,49.7%,50.3%,33.4%,66.6%,33.4%,3-star,765,4/3/2026,"Miami Carol City (Opa Locka, FL)",FL,Opa Locka,,,WV,39.637487,-79.946856,775,far,state,0,0,0,0,early commit; first commitment; only commit at position; far,https://247sports.com/player/lee-prince-jr-46151663/high-school-318308/
454,2027,46162292,Quentin Dorsey,DL,Kansas,Hard Commit,no,yes,52.0,58,Vulnerable,49.7%,50.3%,33.4%,66.6%,33.4%,3-star,NA,6/7/2026,"Grandview (Aurora, CO)",CO,Aurora,39.709537,-104.720509,KS,38.959551,-95.265468,508,regional,city,1,1,0,0,early commit; first commitment; only commit at position; other-school OV after commit,https://247sports.com/player/quentin-dorsey-46162292/high-school-346398/
455,2026,46149193,Chadwicke Cannon Jr.,DL,Duke,Enrolled,yes,yes,56,56,Vulnerable,49.7%,50.3%,33.4%,66.6%,33.4%,3-star,772,3/27/2025,"Spruce Creek (Port Orange, FL)",FL,Port Orange,29.113444,-81.013223,NC,35.977928,-78.898109,490,regional,city,0,0,0,0,early commit; first commitment; thin position group,https://247sports.com/player/chadwicke-cannon-jr-46149193/high-school-313942/
456,2024,46139345,Jathan Hatch,S,Louisville,Enrolled,yes,yes,57,57,Vulnerable,49.7%,50.3%,33.4%,66.6%,33.4%,3-star,977,6/19/2023,"Biggersville (Corinth, MS)",MS,Corinth,34.948353,-88.513618,KY,38.224728,-85.740614,274,regional,city,0,0,0,0,early commit; first commitment; only commit at position,https://247sports.com/player/jathan-hatch-46139345/high-school-292407/
457,2024,46141409,DK Gilley,S,Rutgers,Enrolled,yes,yes,58,58,Vulnerable,49.7%,50.3%,33.4%,66.6%,33.4%,3-star,990,6/10/2023,"University Christian (Jacksonville, FL)",FL,Jacksonville,30.336864,-81.661603,NJ,40.1,-74.5,786,far,city,0,0,0,0,early commit; first commitment; far,https://247sports.com/player/dk-gilley-46141409/high-school-296253/
458,2027,46161742,Blake Moser,WR,Iowa State,Hard Commit,no,yes,58,58,Vulnerable,49.7%,50.3%,33.4%,66.6%,33.4%,3-star,NA,6/6/2026,"Lake Stevens (Lake Stevens, WA)",WA,Lake Stevens,48.003405,-122.096828,IA,42.026327,-93.621264,1442,far,city,0,0,0,0,early commit; first commitment; far,https://247sports.com/player/blake-moser-46161742/high-school-345137/
459,2022,46058605,Isaac Thompson,S,Missouri,Enrolled,yes,yes,13.2,32,Weak / Attack,49.6%,50.4%,55.0%,45.0%,55.0%,4-star,203,12/4/2020,"St. Louis University (St. Louis, MO)",MO,St. Louis,38.635699,-90.244582,MO,38.94729,-92.326387,114,nearby,city,3,3,1,0,very early commit; first commitment; only commit at position; 4-star; other-school OV after commit,https://247sports.com/player/isaac-thompson-46058605/high-school-225037/
460,2022,46079369,Maalik Murphy,QB,Texas,Enrolled,yes,yes,47,47,Weak / Attack,49.6%,50.4%,55.0%,45.0%,55.0%,4-star,179,2/13/2021,"Junipero Serra (Gardena, CA)",CA,Gardena,33.894417,-118.307522,TX,30.298622,-97.754134,1226,far,city,0,0,0,1,early commit; first commitment; only commit at position; far; 4-star,https://247sports.com/player/maalik-murphy-46079369/high-school-228615/
461,2025,46142731,Mickey Vaccarello,LB,Stanford,Enrolled,yes,yes,52,52,Vulnerable,49.6%,50.4%,33.4%,66.6%,33.4%,3-star,897,4/17/2024,"Peters Township (Canonsburg, PA)",PA,Canonsburg,40.264246,-80.186776,CA,37.426933,-122.167741,2247,cross_country,city,0,0,0,0,early commit; first commitment; thin position group; cross country,https://247sports.com/player/mickey-vaccarello-46142731/high-school-298700/
462,2027,46167611,Carter Hawkins,ATH,Wake Forest,Hard Commit,no,yes,58,58,Vulnerable,49.6%,50.4%,33.4%,66.6%,33.4%,3-star,NA,6/8/2026,"Timberland (St. Stephen, SC)",SC,St. Stephen,33.402629,-79.925194,NC,36.102863,-80.260829,188,nearby,city,0,0,0,0,early commit; first commitment; thin position group,https://247sports.com/player/carter-hawkins-46167611/high-school-360687/
463,2027,46159294,Luke Wilson,OT,Oklahoma,Hard Commit,no,yes,38.2,39,Weak / Attack,49.5%,50.5%,55.0%,45.0%,55.0%,3-star,552,8/7/2025,"Southlake Carroll (Southlake, TX)",TX,Southlake,32.954493,-97.148867,OK,35.240569,-97.345299,158,nearby,city,0,0,1,0,very early commit; first commitment; thin position group; other-school offers after commit,https://247sports.com/player/luke-wilson-46159294/high-school-338745/
464,2025,46150638,Max Hunt,TE,Pittsburgh,Enrolled,yes,yes,52,52,Vulnerable,49.5%,50.5%,33.4%,66.6%,33.4%,3-star,NA,6/8/2024,"Plant (Tampa, FL)",FL,Tampa,27.970086,-82.479673,PA,40.439936,-79.975676,873,far,city,0,0,0,0,early commit; first commitment; only commit at position; far,https://247sports.com/player/max-hunt-46150638/high-school-316324/
465,2027,46159667,Taylan Patterson,ATH,Utah,Hard Commit,no,yes,58,58,Vulnerable,49.4%,50.6%,33.4%,66.6%,33.4%,3-star,NA,6/16/2026,"Basha (Chandler, AZ)",AZ,Chandler,33.282765,-111.851819,UT,40.776928,-111.930991,518,regional,city,0,0,0,0,early commit; first commitment; thin position group,https://247sports.com/player/taylan-patterson-46159667/high-school-339235/
466,2026,46140267,Lopeti Moala,DL,BYU,Signed,yes,yes,60,60,Vulnerable,49.4%,50.6%,33.4%,66.6%,33.4%,4-star,375,6/30/2025,"Orem (Orem, UT)",UT,Orem,40.298065,-111.699445,UT,40.245312,-111.645057,5,nearby,city,0,0,0,0,first commitment; only commit at position; 4-star,https://247sports.com/player/lopeti-moala-46140267/high-school-293837/
467,2027,46159186,Jake Baker,IOL,Oklahoma State,Hard Commit,no,yes,51,51,Vulnerable,49.3%,50.7%,33.4%,66.6%,33.4%,3-star,NA,6/14/2026,"Ensworth (Nashville, TN)",TN,Nashville,,,OK,36.131496,-97.074464,597,regional,state,0,0,0,0,early commit; first commitment; only commit at position,https://247sports.com/player/jake-baker-46159186/high-school-338551/
468,2026,46141395,Andre Nickerson Jr.,TE,SMU,Signed,yes,yes,53,53,Vulnerable,49.3%,50.7%,33.4%,66.6%,33.4%,3-star,963,5/20/2025,"Inglewood (Inglewood, CA)",CA,Inglewood,33.956068,-118.344274,TX,32.793333,-96.766513,1245,far,city,0,0,0,0,early commit; first commitment; thin position group; far,https://247sports.com/player/andre-nickerson-jr-46141395/high-school-313822/
469,2023,46116621,Manny Covey,RB,Cincinnati,Enrolled,yes,yes,56.2,57,Vulnerable,49.3%,50.7%,33.4%,66.6%,33.4%,3-star,668,6/4/2022,"Bradford (Starke, FL)",FL,Starke,29.947452,-82.112885,OH,39.140183,-84.505829,650,regional,city,0,0,1,0,early commit; first commitment; only commit at position; other-school offers after commit,https://247sports.com/player/manny-covey-46116621/high-school-266301/
470,2027,46161786,Charlie Fowler,TE,Boston College,Hard Commit,no,yes,48,48,Weak / Attack,49.2%,50.8%,55.0%,45.0%,55.0%,3-star,NA,6/8/2026,"Loyola Academy (Wilmette, IL)",IL,Wilmette,42.077323,-87.728621,MA,42.2,-71.8,815,far,city,0,0,0,0,early commit; first commitment; only commit at position; far,https://247sports.com/player/charlie-fowler-46161786/high-school-345188/
471,2026,46131051,George Williams-Haseotes,IOL,Vanderbilt,Enrolled,yes,yes,56,56,Vulnerable,49.2%,50.8%,33.4%,66.6%,33.4%,3-star,NA,4/28/2025,"Community School of Naples (Naples, FL)",FL,Naples,26.150485,-81.795299,TN,35.8,-86.4,720,regional,city,0,0,0,0,early commit; first commitment; thin position group,https://247sports.com/player/george-williams-haseotes-46131051/high-school-309616/
472,2024,46142305,Quentin Clark,LB,Indiana,Enrolled,yes,yes,60,60,Vulnerable,49.2%,50.8%,33.4%,66.6%,33.4%,3-star,NA,6/26/2023,"West Laurens (Dublin, GA)",GA,Dublin,32.535471,-82.928807,IN,39.1637,-86.524264,500,regional,city,0,0,0,0,first commitment; only commit at position,https://247sports.com/player/quentin-clark-46142305/high-school-297979/
473,2024,46139639,Jon Jon Kamara,LB,Kansas,Enrolled,yes,yes,53,53,Vulnerable,49.1%,50.9%,33.4%,66.6%,33.4%,3-star,NA,5/28/2023,"Desert Edge (Goodyear, AZ)",AZ,Goodyear,33.254031,-112.366472,KS,38.959551,-95.265468,1031,far,city,0,0,0,0,early commit; first commitment; thin position group; far,https://247sports.com/player/jon-jon-kamara-46139639/high-school-292808/
474,2022,46114770,Linus Zunk,DL,Vanderbilt,Enrolled,yes,yes,63,63,Vulnerable,49.1%,50.9%,33.4%,66.6%,33.4%,3-star,997,3/22/2021,"Rabun Gap-Nacoochee (Rabun Gap, GA)",GA,Rabun Gap,,,TN,35.8,-86.4,278,regional,state,0,0,0,1,early commit; first commitment,https://247sports.com/player/linus-zunk-46114770/high-school-263390/
475,2023,46098809,CJ Baxter,RB,Texas,Enrolled,yes,yes,51,51,Vulnerable,49.0%,51.0%,33.4%,66.6%,33.4%,5-star,23,8/10/2022,"Edgewater (Orlando, FL)",FL,Orlando,28.40865,-81.254805,TX,30.298622,-97.754134,1001,far,city,0,0,0,0,first commitment; thin position group; far; 5-star,https://247sports.com/player/cj-baxter-46098809/high-school-247346/
476,2024,46117529,Isaiah Crumpler,WR,Rutgers,Enrolled,yes,yes,51,51,Vulnerable,49.0%,51.0%,33.4%,66.6%,33.4%,3-star,NA,5/5/2023,"D H Conley (Greenville, NC)",NC,Greenville,35.596431,-77.375256,NJ,40.1,-74.5,348,regional,city,0,0,0,0,early commit; first commitment; only commit at position,https://247sports.com/player/isaiah-crumpler-46117529/high-school-267813/
477,2022,46080514,James Jointer Jr.,RB,Arkansas,Enrolled,yes,yes,53,53,Vulnerable,49.0%,51.0%,33.4%,66.6%,33.4%,3-star,618,3/6/2021,"Parkview Magnet (Little Rock, AR)",AR,Little Rock,34.725393,-92.358556,AR,36.071455,-94.166564,138,nearby,city,0,0,0,0,early commit; first commitment; only commit at position,https://247sports.com/player/james-jointer-jr-46080514/high-school-230152/
478,2024,46138454,Charles Anderson Jr.,DL,Texas Tech,Enrolled,yes,yes,56,56,Vulnerable,49.0%,51.0%,33.4%,66.6%,33.4%,3-star,879,6/18/2023,"Pearland Dawson (Pearland, TX)",TX,Pearland,29.555732,-95.323012,TX,33.561901,-101.888883,475,regional,city,0,0,0,0,early commit; first commitment; thin position group,https://247sports.com/player/charles-anderson-jr-46138454/high-school-290877/
479,2027,46154901,Easton Royal,WR,Texas,Hard Commit,no,yes,15,35,Weak / Attack,48.9%,51.1%,55.0%,45.0%,55.0%,5-star,6,11/29/2025,"Brother Martin (New Orleans, LA)",LA,New Orleans,30.05342,-89.934502,TX,30.298622,-97.754134,467,regional,city,3,4,2,1,very early commit; first commitment; thin position group; 5-star; other-school OV after commit,https://247sports.com/player/easton-royal-46154901/high-school-328203/
480,2026,46144820,Jaeden Hill,RB,Mississippi State,Enrolled,yes,yes,30.2,41,Weak / Attack,48.9%,51.1%,55.0%,45.0%,55.0%,3-star,963,6/24/2024,"Tupelo (Tupelo, MS)",MS,Tupelo,34.270604,-88.732455,MS,33.463261,-88.827796,56,nearby,city,1,1,9,1,very early commit; first commitment; thin position group; other-school OV after commit; other-school offers after commit,https://247sports.com/player/jaeden-hill-46144820/high-school-303796/
481,2025,46148073,Kevin Roche Jr.,TE,Georgia Tech,Enrolled,yes,yes,48,48,Weak / Attack,48.9%,51.1%,55.0%,45.0%,55.0%,3-star,NA,6/17/2024,"Darien (Darien, CT)",CT,Darien,,,GA,33.762909,-84.422675,838,far,state,0,0,0,0,early commit; first commitment; only commit at position; far,https://247sports.com/player/kevin-roche-jr-46148073/high-school-310842/
482,2023,46129477,Anthony Donkoh,IOL,Penn State,Enrolled,yes,yes,56,56,Vulnerable,48.9%,51.1%,33.4%,66.6%,33.4%,4-star,416,1/28/2022,"Lightridge (Aldie, VA)",VA,Aldie,38.97612,-77.647985,PA,40.791039,-77.856813,126,nearby,city,0,0,0,3,early commit; first commitment; thin position group; 4-star,https://247sports.com/player/anthony-donkoh-46129477/high-school-275199/
483,2025,46146177,Monterrio Elston Jr.,RB,Kansas State,Enrolled,yes,yes,56,56,Vulnerable,48.9%,51.1%,33.4%,66.6%,33.4%,3-star,NA,7/6/2024,"Parkview Magnet (Little Rock, AR)",AR,Little Rock,34.725393,-92.358556,KS,39.188307,-96.605864,387,regional,city,0,0,0,0,first commitment; only commit at position,https://247sports.com/player/monterrio-elston-jr-46146177/high-school-306767/
484,2023,46128330,Chapman Lewis,S,Texas Tech,Enrolled,yes,yes,63,63,Vulnerable,48.9%,51.1%,33.4%,66.6%,33.4%,3-star,777,1/30/2022,"Burleson Centennial (Burleson, TX)",TX,Burleson,32.516453,-97.327374,TX,33.561901,-101.888883,274,regional,city,0,0,0,0,early commit; first commitment,https://247sports.com/player/chapman-lewis-46128330/high-school-273463/
485,2024,46133458,Tyler Knape,IOL,California,Enrolled,yes,yes,42.8,51,Weak / Attack,48.8%,51.2%,55.0%,45.0%,33.4%,3-star,NA,4/25/2023,"Austin Westlake (Austin, TX)",TX,Austin,30.298622,-97.754134,CA,37.865673,-122.298725,1493,far,city,1,1,3,0,early commit; first commitment; only commit at position; far; other-school OV after commit,https://247sports.com/player/tyler-knape-46133458/high-school-280493/
486,2023,46114696,Bai Jobe,Edge,Michigan State,Enrolled,yes,yes,50.0,56,Vulnerable,48.8%,51.2%,33.4%,66.6%,33.4%,4-star,55,7/7/2022,"Community Christian School (Norman, OK)",OK,Norman,35.240569,-97.345299,MI,42.748913,-84.482442,862,far,city,1,1,0,0,first commitment; only commit at position; far; 4-star; other-school OV after commit,https://247sports.com/player/bai-jobe-46114696/high-school-263299/
487,2022,46097287,Tyson Ford,DL,Notre Dame,Enrolled,yes,yes,54.8,55,Vulnerable,48.8%,51.2%,33.4%,66.6%,33.4%,4-star,120,1/18/2021,"John Burroughs School (St. Louis, MO)",MO,St. Louis,38.635699,-90.244582,IN,41.700283,-86.238679,299,regional,city,0,0,3,1,early commit; first commitment; thin position group; 4-star; other-school offers after commit,https://247sports.com/player/tyson-ford-46097287/high-school-245197/
488,2025,46138201,JJ Shelton,LB,Arkansas,Enrolled,yes,yes,56,56,Vulnerable,48.8%,51.2%,33.4%,66.6%,33.4%,3-star,769,4/15/2024,"South Oak Cliff (Dallas, TX)",TX,Dallas,32.793333,-96.766513,AR,36.071455,-94.166564,271,regional,city,0,0,0,0,early commit; first commitment; thin position group,https://247sports.com/player/jj-shelton-46138201/high-school-290275/
489,2024,46112800,Jason Brown Jr.,RB,Arizona State,Enrolled,yes,yes,66,66,Stable / Monitor,48.8%,51.2%,17.5%,82.5%,17.5%,4-star,292,12/5/2023,"O'Dea (Seattle, WA)",WA,Seattle,47.619335,-122.351538,AZ,33.388414,-111.931782,1123,far,city,0,0,0,0,first commitment; only commit at position; far; 4-star,https://247sports.com/player/jason-brown-jr-46112800/high-school-260491/
490,2026,46141474,Ryder Mix,TE,Oklahoma,Enrolled,yes,yes,34.2,41,Weak / Attack,48.7%,51.3%,55.0%,45.0%,55.0%,3-star,963,6/15/2024,"Frisco Lone Star (Frisco, TX)",TX,Frisco,33.155427,-96.822596,OK,35.240569,-97.345299,147,nearby,city,0,0,9,0,very early commit; first commitment; thin position group; other-school offers after commit,https://247sports.com/player/ryder-mix-46141474/high-school-296370/
491,2027,46150263,K'Adrian Redmond,DL,Texas Tech,Hard Commit,no,yes,37.0,40,Weak / Attack,48.7%,51.3%,55.0%,45.0%,55.0%,4-star,186,9/18/2025,"DeSoto (DeSoto, TX)",TX,DeSoto,32.599349,-96.862941,TX,33.561901,-101.888883,298,regional,city,0,1,0,0,very early commit; first commitment; 4-star; other-school visit after commit,https://247sports.com/player/kadrian-redmond-46150263/high-school-315712/
492,2022,46086180,Steve Angeli,QB,Notre Dame,Enrolled,yes,yes,50,50,Vulnerable,48.7%,51.3%,33.4%,66.6%,33.4%,4-star,365,3/4/2021,"Bergen Catholic (Oradell, NJ)",NJ,Oradell,40.956653,-74.032862,IN,41.700283,-86.238679,635,regional,city,0,0,0,1,early commit; first commitment; only commit at position; 4-star,https://247sports.com/player/steve-angeli-46086180/high-school-238576/
493,2027,46159309,Isaiah Hansen,RB,Iowa State,Hard Commit,no,yes,51,51,Vulnerable,48.7%,51.3%,33.4%,66.6%,33.4%,4-star,404,3/4/2026,"Newton (Newton, IA)",IA,Newton,41.696337,-93.040512,IA,42.026327,-93.621264,38,nearby,city,0,0,0,1,early commit; first commitment; only commit at position; 4-star,https://247sports.com/player/isaiah-hansen-46159309/high-school-338760/
494,2025,46132161,Tyler Partlow,DL,UCLA,Enrolled,yes,yes,57,57,Vulnerable,48.7%,51.3%,33.4%,66.6%,33.4%,3-star,NA,6/4/2024,"St. Thomas More (Middle Village, NY)",NY,Middle Village,,,CA,34.019394,-118.410825,2399,cross_country,state,0,0,0,0,early commit; first commitment; thin position group; cross country,https://247sports.com/player/tyler-partlow-46132161/high-school-278459/
495,2024,46117707,Walker White,QB,Auburn,Enrolled,yes,yes,48,48,Weak / Attack,48.6%,51.4%,55.0%,45.0%,55.0%,4-star,107,2/3/2023,"Little Rock Christian Academy (Little Rock, AR)",AR,Little Rock,34.725393,-92.358556,AL,32.607806,-85.494746,421,regional,city,0,0,0,6,early commit; first commitment; only commit at position; 4-star,https://247sports.com/player/walker-white-46117707/high-school-268046/
496,2024,46130377,Bryant Wesco Jr.,WR,Clemson,Enrolled,yes,yes,54,54,Vulnerable,48.6%,51.4%,33.4%,66.6%,33.4%,4-star,48,6/6/2023,"Midlothian (Midlothian, TX)",TX,Midlothian,32.469436,-96.99067,SC,34.683564,-82.810575,830,far,city,0,0,0,0,early commit; first commitment; far; 4-star,https://247sports.com/player/bryant-wesco-jr-46130377/high-school-276074/
497,2025,46146659,Daeshon Morgan,DL,Arizona State,Enrolled,yes,yes,60,60,Vulnerable,48.6%,51.4%,33.4%,66.6%,33.4%,3-star,NA,7/8/2024,"Austin Vandegrift (Austin, TX)",TX,Austin,30.298622,-97.754134,AZ,33.388414,-111.931782,858,far,city,0,0,0,0,first commitment; only commit at position; far,https://247sports.com/player/daeshon-morgan-46146659/high-school-307913/
498,2024,46111820,DJ Lagway,QB,Florida,Enrolled,yes,yes,21,21,Weak / Attack,48.5%,51.5%,55.0%,45.0%,55.0%,5-star,7,12/7/2022,"Willis (Willis, TX)",TX,Willis,30.434166,-95.484207,FL,29.679537,-82.346793,787,far,city,0,0,0,7,very early commit; first commitment; only commit at position; far; 5-star,https://247sports.com/player/dj-lagway-46111820/high-school-259953/
499,2027,46149925,Karnell James,S,Texas,Hard Commit,no,yes,28.8,32,Weak / Attack,48.5%,51.5%,55.0%,45.0%,55.0%,4-star,285,12/3/2025,"Manvel (Manvel, TX)",TX,Manvel,29.485422,-95.362322,TX,30.298622,-97.754134,154,nearby,city,0,0,7,1,very early commit; first commitment; only commit at position; 4-star; other-school offers after commit,https://247sports.com/player/karnell-james-46149925/high-school-315127/
500,2023,46085451,Aaron Williams,CB,Louisville,Enrolled,yes,yes,42,42,Weak / Attack,48.5%,51.5%,55.0%,45.0%,55.0%,4-star,201,4/14/2022,"St. John Bosco (Bellflower, CA)",CA,Bellflower,33.887821,-118.12725,KY,38.224728,-85.740614,1824,cross_country,city,0,0,0,2,early commit; first commitment; only commit at position; cross country; 4-star,https://247sports.com/player/aaron-williams-46085451/high-school-282011/
