class_year,name,position,star_bucket,committed_school,commitment_date,snapshot_date,break_probability_60d,why,visited_schools,official_visits_elsewhere,unofficial_visits_elsewhere,power_offers_since_commit,days_committed,days_to_signing,rating,player_id,profile_url
2027,Errol Kerns III,S,3-star,Miami (OH) RedHawks,2026-04-24,2026-05-18,0.2661,8 power offer(s) since committing; rated well above this program's usual recruit,,0,0,8,24,212,0.8833,46166929,https://247sports.com/player/errol-kerns-iii-46166929/high-school-359724/
2027,Caleb Bey,RB,3-star,Sacramento State Hornets,2025-03-23,2026-05-18,0.2518,1 official visit(s) elsewhere since committing; visited elsewhere in the last 30 days,Cal Poly Mustangs,1,0,0,421,212,0.82,46141492,https://247sports.com/player/caleb-bey-46141492/high-school-321402/
2027,Benny Easter Jr.,WR,4-star,Texas Tech Red Raiders,2025-11-20,2026-05-18,0.2238,1 official visit(s) elsewhere since committing; 8 power offer(s) since committing; rated well above this program's usual recruit,Lsu,1,0,8,179,212,0.9751,46153369,https://247sports.com/player/benny-easter-jr-46153369/high-school-324357/
2027,Bryce Vigness,IOL,3-star,North Dakota State Bison,2026-04-28,2026-05-18,0.1716,1 power offer(s) since committing; rated well above this program's usual recruit,,0,0,1,20,212,0.87,46159815,https://247sports.com/player/bryce-vigness-46159815/high-school-339455/
2027,Amari Oquendo,S,3-star,FIU Golden Panthers,2025-09-17,2026-05-18,0.1577,,,0,0,0,243,212,0.86,46148482,https://247sports.com/player/amari-oquendo-46148482/high-school-312000/
2027,Noah Parker,RB,3-star,Georgia Bulldogs,2025-11-15,2026-05-18,0.1542,2 unofficial visit(s) elsewhere since committing; 3 other decommits from this school in 60 days,"Auburn, Georgia Tech",0,2,0,184,212,0.8733,46151615,https://247sports.com/player/noah-parker-46151615/high-school-318078/
2027,Raiden Cook,DL,4-star,Houston Cougars,2026-02-03,2026-05-18,0.1458,7 power offer(s) since committing; rated well above this program's usual recruit,,0,0,7,104,212,0.9389,46164607,https://247sports.com/player/raiden-cook-46164607/high-school-351553/
2027,James Perrone,QB,3-star,USF Bulls,2025-09-08,2026-05-18,0.1456,2 unofficial visit(s) elsewhere since committing; 1 power offer(s) since committing,"Virginia Tech, Wake Forest",0,2,1,252,212,0.8689,46144944,https://247sports.com/player/james-perrone-46144944/high-school-304004/
2027,Hudson Fuqua,S,3-star,Mississippi State Bulldogs,2025-11-06,2026-05-18,0.1414,1 unofficial visit(s) elsewhere since committing; 1 power offer(s) since committing,Purdue,0,1,1,193,212,0.87,46154915,https://247sports.com/player/hudson-fuqua-46154915/high-school-328244/
2027,Keldrid Ben,RB,4-star,Oklahoma Sooners,2025-12-01,2026-05-18,0.1383,7 power offer(s) since committing,,0,0,7,168,212,0.9488,46162816,https://247sports.com/player/keldrid-ben-46162816/high-school-347273/
2027,Angelo Smith,S,3-star,Ohio State Buckeyes,2025-09-21,2026-05-18,0.1377,1 power offer(s) since committing,,0,0,1,239,212,0.8711,46146328,https://247sports.com/player/angelo-smith-46146328/high-school-307284/
2027,Derek Fisher,S,3-star,Virginia Cavaliers,2025-10-23,2026-05-18,0.1306,1 power offer(s) since committing,,0,0,1,207,212,0.8711,46155003,https://247sports.com/player/derek-fisher-46155003/high-school-328389/
2027,Charles Nance,DL,3-star,Colorado Buffaloes,2026-01-14,2026-05-18,0.1295,1 unofficial visit(s) elsewhere since committing; 6 power offer(s) since committing,Georgia Tech,0,1,6,124,212,0.865,46161500,https://247sports.com/player/charles-nance-46161500/high-school-344783/
2027,Trevor Jacobs,WR,3-star,South Alabama Jaguars,2025-12-03,2026-05-18,0.1292,,,0,0,0,166,212,0.83,46158848,https://247sports.com/player/trevor-jacobs-46158848/high-school-337993/
2027,Deng Tong,WR,3-star,Kansas Jayhawks,2026-03-12,2026-05-18,0.1292,2 power offer(s) since committing,,0,0,2,67,212,0.882,46159799,https://247sports.com/player/deng-tong-46159799/high-school-339438/
2027,Anitoni Tahi,DL,3-star,Kansas State Wildcats,2026-04-29,2026-05-18,0.1292,1 official visit(s) elsewhere since committing; visited elsewhere in the last 30 days; 1 power offer(s) since committing,Arizona State,1,0,1,19,212,0.865,46151438,https://247sports.com/player/anitoni-tahi-46151438/high-school-317645/
2027,James Bethea,WR,3-star,Indiana Hoosiers,2026-01-08,2026-05-18,0.1289,5 power offer(s) since committing,,0,0,5,130,212,0.86,46154574,https://247sports.com/player/james-bethea-46154574/high-school-327421/
2027,Jemari Foreman,S,3-star,Florida State Seminoles,2025-09-06,2026-05-18,0.1289,2 unofficial visit(s) elsewhere since committing; 5 power offer(s) since committing,"Florida State Seminoles For Their Game Against Miami., Florida State Seminoles For Their Game Against Virginia Tech.",0,2,5,254,212,0.88,46154726,https://247sports.com/player/jemari-foreman-46154726/high-school-327859/
2027,Kevin Verpaele,QB,3-star,Pittsburgh Panthers,2025-10-28,2026-05-18,0.1289,3 power offer(s) since committing,,0,0,3,202,212,0.8856,46159279,https://247sports.com/player/kevin-verpaele-46159279/high-school-338722/
2027,Maxwell Miles,S,3-star,Michigan Wolverines,2026-03-25,2026-05-18,0.1282,,,0,0,0,54,212,0.88,46149471,https://247sports.com/player/maxwell-miles-46149471/high-school-314480/
2027,Gavin Ericson-Staton,IOL,3-star,Iowa State Cyclones,2026-04-11,2026-05-18,0.1257,2 power offer(s) since committing,,0,0,2,37,212,0.865,46159091,https://247sports.com/player/gavin-ericson-staton-46159091/high-school-338401/
2027,Cain Brackney,LB,3-star,UCLA Bruins,2026-04-24,2026-05-18,0.1253,2 power offer(s) since committing,,0,0,2,24,212,0.8667,46153245,https://247sports.com/player/cain-brackney-46153245/high-school-324108/
2027,DaJour Webb,DL,3-star,West Virginia Mountaineers,2026-03-07,2026-05-18,0.1253,1 power offer(s) since committing,,0,0,1,72,212,0.87,46162168,https://247sports.com/player/dajour-webb-46162168/high-school-346245/
2027,Avrian Pauley,DL,3-star,Alabama Crimson Tide,2026-04-11,2026-05-18,0.125,2 power offer(s) since committing,,0,0,2,37,212,0.88,46158957,https://247sports.com/player/avrian-pauley-46158957/high-school-338177/
2027,Colin Urrea,IOL,3-star,Pittsburgh Panthers,2025-06-15,2026-05-18,0.125,2 power offer(s) since committing,,0,0,2,337,212,0.81,46148922,https://247sports.com/player/colin-urrea-46148922/high-school-313229/
2027,Chuck Alexander,WR,4-star,Louisville Cardinals,2025-11-29,2026-05-18,0.1226,3 power offer(s) since committing,,0,0,3,170,212,0.8953,46154568,https://247sports.com/player/chuck-alexander-46154568/high-school-327414/
2027,Nasim Eason,CB,3-star,San Diego State Aztecs,2026-02-02,2026-05-18,0.1215,1 power offer(s) since committing,,0,0,1,105,212,0.855,46154554,https://247sports.com/player/nasim-eason-46154554/high-school-327394/
2027,Kadin Fife,DL,4-star,Tennessee Volunteers,2025-11-21,2026-05-18,0.1214,9 power offer(s) since committing,,0,0,9,178,212,0.8995,46156088,https://247sports.com/player/kadin-fife-46156088/high-school-330462/
2027,Tyler Reid,RB,3-star,Pittsburgh Panthers,2025-03-06,2026-05-18,0.1206,1 power offer(s) since committing,,0,0,1,438,212,0.8756,46156736,https://247sports.com/player/tyler-reid-46156736/high-school-332394/
2027,Giovanni Hodge,DL,3-star,California Golden Bears,2026-01-23,2026-05-18,0.1205,1 power offer(s) since committing,,0,0,1,115,212,0.8811,46152883,https://247sports.com/player/giovanni-hodge-46152883/high-school-322748/
2027,Davion Vanderbilt,WR,3-star,Maryland Terrapins,2026-04-21,2026-05-18,0.1197,,,0,0,0,27,212,0.885,46166489,https://247sports.com/player/davion-vanderbilt-46166489/high-school-359065/
2027,Harrison Luke,S,3-star,Clemson Tigers,2025-09-02,2026-05-18,0.1176,1 power offer(s) since committing,,0,0,1,258,212,0.8833,46159353,https://247sports.com/player/harrison-luke-46159353/high-school-338812/
2027,Marcus Small,OT,3-star,Syracuse Orange,2025-10-23,2026-05-18,0.1171,1 unofficial visit(s) elsewhere since committing; 2 power offer(s) since committing,Florida State,0,1,2,207,212,0.8689,46162043,https://247sports.com/player/marcus-small-46162043/high-school-345974/
2027,Lonnie Andrews III,QB,3-star,Virginia Cavaliers,2025-10-18,2026-05-18,0.1169,1 power offer(s) since committing,,0,0,1,212,212,0.8711,46144699,https://247sports.com/player/lonnie-andrews-iii-46144699/high-school-303596/
2027,Tra'Von Hall,WR,3-star,Oklahoma Sooners,2025-11-30,2026-05-18,0.1168,6 power offer(s) since committing,,0,0,6,169,212,0.8789,46159392,https://247sports.com/player/travon-hall-46159392/high-school-338871/
2027,Aidan McPherson,QB,3-star,Duke Blue Devils,2026-03-21,2026-05-18,0.1161,,,0,0,0,58,212,0.87,46165550,https://247sports.com/player/aidan-mcpherson-46165550/high-school-361301/
2027,King Kalama,DL,3-star,Duke Blue Devils,2025-12-16,2026-05-18,0.1152,6 power offer(s) since committing,,0,0,6,153,212,0.885,46157693,https://247sports.com/player/king-kalama-46157693/high-school-335952/
2027,Jalen Price,DL,3-star,Baylor Bears,2025-11-21,2026-05-18,0.115,5 power offer(s) since committing,,0,0,5,178,212,0.865,46162633,https://247sports.com/player/jalen-price-46162633/high-school-346881/
2027,Phoenix Pollard,IOL,3-star,UNLV Rebels,2026-01-09,2026-05-18,0.1146,,,0,0,0,129,212,0.845,46157532,https://247sports.com/player/phoenix-pollard-46157532/high-school-335603/
2027,Skylar Robinson,ATH,3-star,North Carolina Tar Heels,2025-02-01,2026-05-18,0.114,,,0,0,0,471,212,0.8522,46139621,https://247sports.com/player/skylar-robinson-46139621/high-school-350087/
2027,Kaden Howard,WR,3-star,Nebraska Cornhuskers,2026-03-20,2026-05-18,0.1139,3 power offer(s) since committing,,0,0,3,59,212,0.8644,46163926,https://247sports.com/player/kaden-howard-46163926/high-school-349931/
2027,Jalen Webb,IOL,3-star,Cincinnati Bearcats,2026-03-26,2026-05-18,0.1137,1 power offer(s) since committing,,0,0,1,53,212,0.855,46158710,https://247sports.com/player/jalen-webb-46158710/high-school-337801/
2027,Odaefe Oruru,IOL,4-star,Arkansas Razorbacks,2026-04-10,2026-05-18,0.1122,,,0,0,0,38,212,0.8911,46153832,https://247sports.com/player/odaefe-oruru-46153832/high-school-325298/
2027,Alonzo Green,S,3-star,Oregon State Beavers,2026-04-28,2026-05-18,0.1118,,,0,0,0,20,212,0.855,46159589,https://247sports.com/player/alonzo-green-46159589/high-school-339127/
2027,Tre' Stone,LB,3-star,Appalachian State Mountaineers,2026-02-17,2026-05-18,0.1107,,,0,0,0,90,212,0.85,46160766,https://247sports.com/player/tre-stone-46160766/high-school-342167/
2027,Dayon Cooper,ATH,3-star,Florida State Seminoles,2026-04-04,2026-05-18,0.1105,1 power offer(s) since committing,,0,0,1,44,212,0.8789,46165124,https://247sports.com/player/dayon-cooper-46165124/high-school-353309/
2027,Kingston Allen,RB,4-star,Wisconsin Badgers,2026-04-03,2026-05-18,0.1091,rated well above this program's usual recruit,,0,0,0,45,212,0.9155,46160022,https://247sports.com/player/kingston-allen-46160022/high-school-339801/
2027,Braylon Otis,Edge,3-star,Boston College Eagles,2026-02-09,2026-05-18,0.108,1 power offer(s) since committing,,0,0,1,98,212,0.865,46160185,https://247sports.com/player/braylon-otis-46160185/high-school-340054/
2027,Jaylen Scott,S,4-star,Oklahoma Sooners,2026-03-07,2026-05-18,0.1074,10 power offer(s) since committing; has decommitted before,,0,0,10,72,212,0.9111,46154318,https://247sports.com/player/jaylen-scott-46154318/high-school-326554/
2027,Tasheem Butler,LB,3-star,North Carolina Tar Heels,2026-03-28,2026-05-18,0.1067,1 power offer(s) since committing,,0,0,1,51,212,0.875,46148768,https://247sports.com/player/tasheem-butler-46148768/high-school-312944/
2027,Nico Bland,WR,4-star,Arizona State Sun Devils,2025-12-02,2026-05-18,0.1066,rated well above this program's usual recruit; officially visited his committed school (stabilizing),,0,0,0,167,212,0.9118,46141363,https://247sports.com/player/nico-bland-46141363/high-school-296138/
2027,Jok Harris,WR,3-star,Appalachian State Mountaineers,2026-04-14,2026-05-18,0.1055,,,0,0,0,34,212,0.845,46165159,https://247sports.com/player/jok-harris-46165159/high-school-353855/
2027,Titus Osterman,ATH,3-star,Washington Huskies,2026-01-31,2026-05-18,0.1055,,,0,0,0,107,212,0.855,46155383,https://247sports.com/player/titus-osterman-46155383/high-school-329040/
2027,Colt Lumpris,TE,4-star,Alabama Crimson Tide,2025-12-09,2026-05-18,0.1052,2 power offer(s) since committing,,0,0,2,160,212,0.9085,46146982,https://247sports.com/player/colt-lumpris-46146982/high-school-308498/
2027,Mekhi Williams,S,4-star,Florida State Seminoles,2025-03-26,2026-05-18,0.1049,2 unofficial visit(s) elsewhere since committing; 10 power offer(s) since committing,"Florida State Seminoles For Their Game Against Alabama., Florida State Seminoles For Their Game Against Miami.",0,2,10,418,212,0.9238,46151842,https://247sports.com/player/mekhi-williams-46151842/high-school-320517/
2027,Jamir Dean,WR,4-star,Penn State Nittany Lions,2026-05-01,2026-05-18,0.1044,2 power offer(s) since committing,,0,0,2,17,212,0.9133,46161173,https://247sports.com/player/jamir-dean-46161173/high-school-344297/
2027,Tommy Riordan,DL,3-star,Iowa Hawkeyes,2026-04-07,2026-05-18,0.1038,,,0,0,0,41,212,0.8867,46154685,https://247sports.com/player/tommy-riordan-46154685/high-school-327680/
2027,Tank White,ATH,3-star,Syracuse Orange,2024-06-07,2026-05-18,0.1038,1 power offer(s) since committing,,0,0,1,710,212,0.8644,46144117,https://247sports.com/player/tank-white-46144117/high-school-302311/
2027,Colton McComb,LB,4-star,Kansas State Wildcats,2026-04-04,2026-05-18,0.1036,,,0,0,0,44,212,0.89,46155703,https://247sports.com/player/colton-mccomb-46155703/high-school-329633/
2027,Sa'Nir Brooks,RB,3-star,Syracuse Orange,2026-01-24,2026-05-18,0.1028,1 power offer(s) since committing,,0,0,1,114,212,0.8878,46147313,https://247sports.com/player/sanir-brooks-46147313/high-school-308975/
2027,Caleb Green,LB,3-star,Missouri Tigers,2026-04-26,2026-05-18,0.1026,1 power offer(s) since committing,,0,0,1,22,212,0.8756,46163791,https://247sports.com/player/caleb-green-46163791/high-school-349579/
2027,De'Voun Kendrick,DL,3-star,Florida Gators,2026-04-27,2026-05-18,0.1026,1 power offer(s) since committing,,0,0,1,21,212,0.875,46158317,https://247sports.com/player/devoun-kendrick-46158317/high-school-337297/
2027,Edward Rivera,ATH,3-star,Sacramento State Hornets,2025-06-26,2026-05-18,0.1025,,,0,0,0,326,212,0.83,46157636,https://247sports.com/player/edward-rivera-46157636/high-school-335863/
2027,Greg Hargrow,RB,3-star,Minnesota Golden Gophers,2026-02-19,2026-05-18,0.1022,,,0,0,0,88,212,0.87,46153434,https://247sports.com/player/greg-hargrow-46153434/high-school-324496/
2027,Giacamo SanFilippo,LB,3-star,Kansas State Wildcats,2026-04-19,2026-05-18,0.102,,,0,0,0,29,212,0.845,46165251,https://247sports.com/player/giacamo-sanfilippo-46165251/high-school-354988/
2027,Jeremiah Douglas,WR,3-star,Vanderbilt Commodores,2025-12-02,2026-05-18,0.102,2 power offer(s) since committing,,0,0,2,167,212,0.8767,46145101,https://247sports.com/player/jeremiah-douglas-46145101/high-school-304242/
2027,Davon Dericho,CB,3-star,Colorado Buffaloes,2026-02-12,2026-05-18,0.1019,,,0,0,0,95,212,0.87,46154713,https://247sports.com/player/davon-dericho-46154713/high-school-327842/
2027,Lopeti Malupo,DL,3-star,Washington State Cougars,2026-05-06,2026-05-18,0.1018,,,0,0,0,12,212,0.855,46149141,https://247sports.com/player/lopeti-malupo-46149141/high-school-313828/
2027,Jayshon Gibson,RB,4-star,UCLA Bruins,2026-05-02,2026-05-18,0.1015,1 official visit(s) elsewhere since committing; visited elsewhere in the last 30 days,Stanford Cardinal,1,0,0,16,212,0.893,46150802,https://247sports.com/player/jayshon-gibson-46150802/high-school-316578/
2027,Davontrae Kirkland,S,3-star,Baylor Bears,2025-06-14,2026-05-18,0.1006,,,0,0,0,338,212,0.8833,46138988,https://247sports.com/player/davontrae-kirkland-46138988/high-school-291804/
2027,Caleb Unger,IOL,3-star,Mississippi State Bulldogs,2026-01-21,2026-05-18,0.0998,1 official visit(s) elsewhere since committing; visited elsewhere in the last 30 days,Colorado Buffaloes,1,0,0,117,212,0.87,46144014,https://247sports.com/player/caleb-unger-46144014/high-school-302183/
2027,Matt Erickson,OT,3-star,Nebraska Cornhuskers,2025-09-13,2026-05-18,0.099,1 power offer(s) since committing,,0,0,1,247,212,0.8756,46150898,https://247sports.com/player/matt-erickson-46150898/high-school-316757/
2027,Deshawn Laporte,QB,3-star,Delaware State Hornets,2025-11-04,2026-05-18,0.0987,4 power offer(s) since committing,,0,0,4,195,212,0.83,46144157,https://247sports.com/player/deshawn-laporte-46144157/high-school-302368/
2027,Demaje Riley,WR,3-star,Fresno State Bulldogs,2026-04-09,2026-05-18,0.0982,rated well above this program's usual recruit; has decommitted before,,0,0,0,39,212,0.8822,46149273,https://247sports.com/player/demaje-riley-46149273/high-school-314118/
2027,Jerrence Knoblock,DL,4-star,Iowa Hawkeyes,2026-04-14,2026-05-18,0.0977,,,0,0,0,34,212,0.89,46165950,https://247sports.com/player/jerrence-knoblock-46165950/high-school-357484/
2027,Jackson Batch,ATH,3-star,Oregon State Beavers,2026-03-19,2026-05-18,0.0973,,,0,0,0,60,212,0.83,46156843,https://247sports.com/player/jackson-batch-46156843/high-school-333191/
2027,Zay'vion Smith,OT,3-star,Cincinnati Bearcats,2026-04-13,2026-05-18,0.0972,3 power offer(s) since committing,,0,0,3,35,212,0.86,46159818,https://247sports.com/player/zayvion-smith-46159818/high-school-339459/
2027,Tammeron Anderson,QB,3-star,Louisiana Ragin' Cajuns,2026-04-25,2026-05-18,0.0966,,,0,0,0,23,212,0.85,46156392,https://247sports.com/player/tammeron-anderson-46156392/high-school-331321/
2027,Nathaniel Miller,OT,3-star,FIU Panthers,2026-04-04,2026-05-18,0.0964,,,0,0,0,44,212,0.84,46165767,https://247sports.com/player/nathaniel-miller-46165767/high-school-356790/
2027,Ohimai Ozolua,DL,4-star,Michigan State Spartans,2026-04-24,2026-05-18,0.0961,,,0,0,0,24,212,0.8911,46161132,https://247sports.com/player/ohimai-ozolua-46161132/high-school-343957/
2027,Gunner Rivers,QB,4-star,NC State Wolfpack,2026-02-23,2026-05-18,0.0953,rated well above this program's usual recruit; officially visited his committed school (stabilizing),,0,0,0,84,212,0.9411,46143876,https://247sports.com/player/gunner-rivers-46143876/high-school-301976/
2027,Christian Alexander,RB,4-star,Mississippi State Bulldogs,2026-04-16,2026-05-18,0.0953,,,0,0,0,32,212,0.9037,46153433,https://247sports.com/player/christian-alexander-46153433/high-school-324495/
2027,Kendray Porter Jr.,RB,3-star,Houston Cougars,2026-04-22,2026-05-18,0.0942,,,0,0,0,26,212,0.8833,46157588,https://247sports.com/player/kendray-porter-jr-46157588/high-school-335799/
2027,Maurice Williams,CB,3-star,Washington Huskies,2025-12-24,2026-05-18,0.0938,1 power offer(s) since committing,,0,0,1,145,212,0.8811,46142087,https://247sports.com/player/maurice-williams-46142087/high-school-337678/
2027,K'Adrian Redmond,DL,4-star,Texas Tech Red Raiders,2025-09-18,2026-05-18,0.0931,1 unofficial visit(s) elsewhere since committing; rated well above this program's usual recruit,Texas A&M,0,1,0,242,212,0.9283,46150263,https://247sports.com/player/kadrian-redmond-46150263/high-school-315712/
2027,Charles Davis,WR,4-star,California Golden Bears,2026-04-10,2026-05-18,0.0925,2 official visit(s) elsewhere since committing; visited elsewhere in the last 30 days; rated well above this program's usual recruit,"Smu Mustangs, Ucla",2,0,0,38,212,0.9546,46154972,https://247sports.com/player/charles-davis-46154972/high-school-328332/
2027,Trey Smith,WR,3-star,Arizona Wildcats,2025-12-01,2026-05-18,0.0918,1 power offer(s) since committing,,0,0,1,168,212,0.87,46155030,https://247sports.com/player/trey-smith-46155030/high-school-328418/
2027,Max Brown,LB,3-star,Clemson Tigers,2025-06-03,2026-05-18,0.0918,4 power offer(s) since committing,,0,0,4,349,212,0.8778,46132000,https://247sports.com/player/max-brown-46132000/high-school-278218/
2027,Max Bates,LB,3-star,UNLV Rebels,2026-03-11,2026-05-18,0.0917,,,0,0,0,68,212,0.8,46162105,https://247sports.com/player/max-bates-46162105/high-school-346158/
2027,Semajay Robinson,CB,3-star,Penn State Nittany Lions,2026-03-28,2026-05-18,0.0913,1 power offer(s) since committing,,0,0,1,51,212,0.8851,46164246,https://247sports.com/player/semajay-robinson-46164246/high-school-350763/
2027,Benjamin Lowther,OT,3-star,Stanford Cardinal,2026-04-21,2026-05-18,0.091,1 official visit(s) elsewhere since committing; visited elsewhere in the last 30 days; has decommitted before,Arizona State,1,0,0,27,212,0.8789,46149593,https://247sports.com/player/benjamin-lowther-46149593/high-school-314651/
2027,Christian Freeman,RB,3-star,NC State Wolfpack,2025-07-04,2026-05-18,0.0909,2 power offer(s) since committing; officially visited his committed school (stabilizing),,0,0,2,318,212,0.865,46147767,https://247sports.com/player/christian-freeman-46147767/high-school-309937/
2027,Brooklyn Maxey,ATH,3-star,Louisville Cardinals,2026-04-20,2026-05-18,0.0902,1 power offer(s) since committing,,0,0,1,28,212,0.8733,46164107,https://247sports.com/player/brooklyn-maxey-46164107/high-school-350473/
2027,Isaiah Hansen,RB,4-star,Iowa State Cyclones,2026-03-04,2026-05-18,0.0896,,,0,0,0,75,212,0.8938,46159309,https://247sports.com/player/isaiah-hansen-46159309/high-school-338760/
2027,Derrick Baker,QB,3-star,Tennessee Volunteers,2026-02-11,2026-05-18,0.0881,1 unofficial visit(s) elsewhere since committing; 2 power offer(s) since committing,Tennessee Volunteers For Spring Practice,0,1,2,96,212,0.8756,46145594,https://247sports.com/player/derrick-baker-46145594/high-school-305458/
2027,Dallas Crescenzo,WR,3-star,Purdue Boilermakers,2025-10-16,2026-05-18,0.0862,2 power offer(s) since committing,,0,0,2,214,212,0.845,46152773,https://247sports.com/player/dallas-crescenzo-46152773/high-school-344747/
2027,Jack Sorgi,QB,4-star,Wisconsin Badgers,2026-04-24,2026-05-18,0.0862,has decommitted before,,0,0,0,24,212,0.9015,46159348,https://247sports.com/player/jack-sorgi-46159348/high-school-338807/
2027,Titus Vidlak,QB,3-star,Montana State Bobcats,2025-12-21,2026-05-18,0.0861,,,0,0,0,148,212,0.83,46153943,https://247sports.com/player/titus-vidlak-46153943/high-school-325500/
2027,Isaiah Stephens,RB,3-star,North Carolina Tar Heels,2026-03-28,2026-05-18,0.086,,,0,0,0,51,212,0.86,46158899,https://247sports.com/player/isaiah-stephens-46158899/high-school-338088/
2027,JP Peace,LB,3-star,Tennessee Volunteers,2025-06-16,2026-05-18,0.0858,1 unofficial visit(s) elsewhere since committing; 2 power offer(s) since committing,Tennessee Volunteers For Spring Practice,0,1,2,336,212,0.8822,46155309,https://247sports.com/player/jp-peace-46155309/high-school-350440/
2027,Mason Moore,S,3-star,Ole Miss Rebels,2026-05-01,2026-05-18,0.0858,,,0,0,0,17,212,0.86,46165559,https://247sports.com/player/mason-moore-46165559/high-school-355625/
2027,Luke Babin,QB,4-star,Baylor Bears,2026-03-31,2026-05-18,0.0849,has decommitted before,,0,0,0,48,212,0.8961,46145533,https://247sports.com/player/luke-babin-46145533/high-school-305260/
2027,Ty'ire Clark,S,3-star,Michigan State Spartans,2026-04-04,2026-05-18,0.0848,,,0,0,0,44,212,0.855,46153352,https://247sports.com/player/tyire-clark-46153352/high-school-324337/
2027,Levi Babin,ATH,3-star,Maryland Terrapins,2025-10-22,2026-05-18,0.0848,1 power offer(s) since committing,,0,0,1,208,212,0.86,46160979,https://247sports.com/player/levi-babin-46160979/high-school-343580/
2027,Eli Diane,DL,4-star,Minnesota Golden Gophers,2025-04-12,2026-05-18,0.0843,2 power offer(s) since committing; rated well above this program's usual recruit,,0,0,2,401,212,0.9171,46155226,https://247sports.com/player/eli-diane-46155226/high-school-328764/
2027,Anthony Cavallaro,Edge,4-star,Florida State Seminoles,2026-01-30,2026-05-18,0.0842,2 power offer(s) since committing,,0,0,2,108,212,0.8997,46150644,https://247sports.com/player/anthony-cavallaro-46150644/high-school-316333/
2027,Mike Davis Jr.,LB,3-star,UCLA Bruins,2026-02-04,2026-05-18,0.0841,2 higher-rated commits at his position,,0,0,0,103,212,0.85,46155017,https://247sports.com/player/mike-davis-jr-46155017/high-school-328404/
2027,Mikhail McCreary,CB,4-star,Oklahoma Sooners,2025-09-29,2026-05-18,0.0839,3 power offer(s) since committing,,0,0,3,231,212,0.9047,46150609,https://247sports.com/player/mikhail-mccreary-46150609/high-school-316286/
2027,Colton McKibben,LB,4-star,UCLA Bruins,2026-03-27,2026-05-18,0.0838,,,0,0,0,52,212,0.9033,46157901,https://247sports.com/player/colton-mckibben-46157901/high-school-336417/
2027,Kelsey Adams,OT,4-star,Georgia Bulldogs,2025-09-27,2026-05-18,0.0835,1 official visit(s) elsewhere since committing; 2 power offer(s) since committing; 3 other decommits from this school in 60 days,Georgia Tech,1,0,2,233,212,0.9449,46149618,https://247sports.com/player/kelsey-adams-46149618/high-school-314683/
2027,Luke Wilson,OT,3-star,Oklahoma Sooners,2025-08-07,2026-05-18,0.0834,1 power offer(s) since committing,,0,0,1,284,212,0.8844,46159294,https://247sports.com/player/luke-wilson-46159294/high-school-338745/
2027,Jaden Jefferson,QB,3-star,Hawaii Rainbow Warriors,2026-04-22,2026-05-18,0.0832,has decommitted before,,0,0,0,26,212,0.84,46152184,https://247sports.com/player/jaden-jefferson-46152184/high-school-321720/
2027,Jamarkus Pittman,DL,4-star,Ole Miss Rebels,2025-06-07,2026-05-18,0.0823,6 power offer(s) since committing,,0,0,6,345,212,0.8994,46155088,https://247sports.com/player/jamarkus-pittman-46155088/high-school-328532/
2027,Karnell James,S,4-star,Texas Longhorns,2025-12-03,2026-05-18,0.0818,7 power offer(s) since committing,,0,0,7,166,212,0.9096,46149925,https://247sports.com/player/karnell-james-46149925/high-school-315127/
2027,Miles Schirmer,Edge,3-star,California Golden Bears,2026-04-16,2026-05-18,0.0818,,,0,0,0,32,212,0.88,46152745,https://247sports.com/player/miles-schirmer-46152745/high-school-328126/
2027,Sione Kaho,QB,4-star,Stanford Cardinal,2026-04-30,2026-05-18,0.0815,,,0,0,0,18,212,0.8933,46143572,https://247sports.com/player/sione-kaho-46143572/high-school-301050/
2027,Seth Price,WR,3-star,Idaho Vandals,2026-04-21,2026-05-18,0.081,,,0,0,0,27,212,0.83,46157489,https://247sports.com/player/seth-price-46157489/high-school-335533/
2027,Easton Royal,WR,5-star,Texas Longhorns,2025-11-29,2026-05-18,0.0808,1 unofficial visit(s) elsewhere since committing; 2 power offer(s) since committing; rated well above this program's usual recruit,Tennessee Volunteers (March 27-28) For Spring Practice,0,1,2,170,212,0.9969,46154901,https://247sports.com/player/easton-royal-46154901/high-school-328203/
2027,Ben'Jarvius Shumaker,DL,4-star,Ole Miss Rebels,2026-03-06,2026-05-18,0.0783,rated well above this program's usual recruit,,0,0,0,73,212,0.9712,46149682,https://247sports.com/player/benjarvius-shumaker-46149682/high-school-314764/
2027,Jaxx DeJean,ATH,3-star,Iowa Hawkeyes,2025-12-21,2026-05-18,0.0777,,,0,0,0,148,212,0.8867,46148046,https://247sports.com/player/jaxx-dejean-46148046/high-school-310774/
2027,Qua Ford,IOL,4-star,SMU Mustangs,2026-04-06,2026-05-18,0.0768,,,0,0,0,42,212,0.895,46146546,https://247sports.com/player/qua-ford-46146546/high-school-307757/
2027,Drake Mikkelsen,TE,4-star,Minnesota Golden Gophers,2026-04-06,2026-05-18,0.0768,rated well above this program's usual recruit,,0,0,0,42,212,0.9079,46158520,https://247sports.com/player/drake-mikkelsen-46158520/high-school-337556/
2027,Trae'kerrion Collins,S,3-star,Mississippi State Bulldogs,2026-04-09,2026-05-18,0.0765,1 power offer(s) since committing; has decommitted before,,0,0,1,39,212,0.8812,46148878,https://247sports.com/player/traekerrion-collins-46148878/high-school-313143/
2027,Brice McCurdy,QB,3-star,TCU Horned Frogs,2026-02-14,2026-05-18,0.0763,1 power offer(s) since committing,,0,0,1,93,212,0.87,46156809,https://247sports.com/player/brice-mccurdy-46156809/high-school-332858/
2027,Nate Brenneman,OT,3-star,Iowa Hawkeyes,2026-04-05,2026-05-18,0.076,,,0,0,0,43,212,0.885,46161858,https://247sports.com/player/nate-brenneman-46161858/high-school-345318/
2027,Matamatagi Uiagalelei,DL,3-star,Washington Huskies,2026-02-22,2026-05-18,0.0755,,,0,0,0,85,212,0.8633,46149944,https://247sports.com/player/matamatagi-uiagalelei-46149944/high-school-315146/
2027,Hakim Frampton,ATH,4-star,Texas A&M Aggies,2025-09-27,2026-05-18,0.0752,,,0,0,0,233,212,0.8911,46142344,https://247sports.com/player/hakim-frampton-46142344/high-school-319002/
2027,Drew Almquist,ATH,3-star,Montana Grizzlies,2026-04-03,2026-05-18,0.0752,,,0,0,0,45,212,0.84,46155207,https://247sports.com/player/drew-almquist-46155207/high-school-328729/
2027,James Cocozzo,IOL,3-star,Rutgers Scarlet Knights,2026-04-04,2026-05-18,0.0739,,,0,0,0,44,212,0.885,46161116,https://247sports.com/player/james-cocozzo-46161116/high-school-343916/
2027,Oakley Keegan,TE,3-star,Alabama Crimson Tide,2026-03-21,2026-05-18,0.0738,,,0,0,0,58,212,0.855,46150496,https://247sports.com/player/oakley-keegan-46150496/high-school-316085/
2027,Rufai Azeez,ATH,3-star,Nevada Wolf Pack,2026-03-13,2026-05-18,0.0736,,,0,0,0,66,212,0.84,46142279,https://247sports.com/player/rufai-azeez-46142279/high-school-297941/
2027,Braylon Lane,WR,3-star,Houston Cougars,2026-03-31,2026-05-18,0.0733,1 official visit(s) elsewhere since committing; 1 power offer(s) since committing,Kansas,1,0,1,48,212,0.8678,46158603,https://247sports.com/player/braylon-lane-46158603/high-school-337663/
2027,Quinton Cypher,LB,4-star,Ohio State Buckeyes,2025-12-19,2026-05-18,0.0733,,,0,0,0,150,212,0.9149,46150300,https://247sports.com/player/quinton-cypher-46150300/high-school-315754/
2027,Clint Lundin,OT,3-star,Stanford Cardinal,2026-05-01,2026-05-18,0.0731,,,0,0,0,17,212,0.85,46158853,https://247sports.com/player/clint-lundin-46158853/high-school-338000/
2027,Koen Hinzman,IOL,3-star,Iowa State Cyclones,2026-04-08,2026-05-18,0.0729,,,0,0,0,40,212,0.865,46164004,https://247sports.com/player/koen-hinzman-46164004/high-school-350298/
2027,Derek Gonzalez,OT,3-star,Kansas Jayhawks,2026-02-11,2026-05-18,0.0729,,,0,0,0,96,212,0.87,46160850,https://247sports.com/player/derek-gonzalez-46160850/high-school-343219/
2027,Ian McDuffie,LB,3-star,Syracuse Orange,2026-04-13,2026-05-18,0.0727,,,0,0,0,35,212,0.8778,46166273,https://247sports.com/player/ian-mcduffie-46166273/high-school-358549/
2027,Luke Farrell,QB,3-star,UNLV Rebels,2026-03-05,2026-05-18,0.0724,,,0,0,0,74,212,0.86,46154842,https://247sports.com/player/luke-farrell-46154842/high-school-328118/
2027,Wyatt Frey,TE,3-star,Northwestern Wildcats,2025-11-18,2026-05-18,0.0721,,,0,0,0,181,212,0.87,46160348,https://247sports.com/player/wyatt-frey-46160348/high-school-340482/
2027,Princeton Uwaifo,OT,4-star,Tennessee Volunteers,2025-11-02,2026-05-18,0.0717,1 unofficial visit(s) elsewhere since committing,Tennessee Volunteers For Spring Practice,0,1,0,197,212,0.924,46155232,https://247sports.com/player/princeton-uwaifo-46155232/high-school-328771/
2027,Jernard Albright,S,4-star,South Carolina Gamecocks,2025-12-25,2026-05-18,0.0714,5 power offer(s) since committing,,0,0,5,144,212,0.9318,46158199,https://247sports.com/player/jernard-albright-46158199/high-school-337129/
2027,Omarii Sanders,LB,4-star,Vanderbilt Commodores,2025-11-29,2026-05-18,0.0713,3 power offer(s) since committing; rated well above this program's usual recruit,,0,0,3,170,212,0.9781,46151797,https://247sports.com/player/omarii-sanders-46151797/high-school-319464/
2027,Bryce Coleman,TE,3-star,Louisiana Ragin' Cajuns,2026-03-22,2026-05-18,0.0711,,,0,0,0,57,212,0.87,46165667,https://247sports.com/player/bryce-coleman-46165667/high-school-356145/
2027,Brady Hull,IOL,3-star,Kentucky Wildcats,2026-02-05,2026-05-18,0.071,4 power offer(s) since committing; 2 higher-rated commits at his position,,0,0,4,102,212,0.8689,46147908,https://247sports.com/player/brady-hull-46147908/high-school-310311/
2027,Jaxsen Stokes,RB,3-star,California Golden Bears,2026-04-26,2026-05-18,0.0709,,,0,0,0,22,212,0.8767,46148611,https://247sports.com/player/jaxsen-stokes-46148611/high-school-312617/
2027,Travis Miles,S,3-star,Syracuse Orange,2025-03-26,2026-05-18,0.0707,,,0,0,0,418,212,0.8767,46157065,https://247sports.com/player/travis-miles-46157065/high-school-334203/
2027,Elijah Wright,Edge,3-star,Wake Forest Demon Deacons,2026-04-19,2026-05-18,0.0702,,,0,0,0,29,212,0.87,46163569,https://247sports.com/player/elijah-wright-46163569/high-school-348954/
2027,Jackson Tucker,S,3-star,Boston College Eagles,2024-10-07,2026-05-18,0.0701,,,0,0,0,588,212,0.88,46150339,https://247sports.com/player/jackson-tucker-46150339/high-school-315816/
2027,Broncs Baker,LB,3-star,West Virginia Mountaineers,2026-04-10,2026-05-18,0.0701,has decommitted before,,0,0,0,38,212,0.8722,46155019,https://247sports.com/player/broncs-baker-46155019/high-school-328406/
2027,CJ Jordan II,TE,3-star,NC State Wolfpack,2026-03-07,2026-05-18,0.07,,,0,0,0,72,212,0.86,46159044,https://247sports.com/player/cj-jordan-ii-46159044/high-school-338297/
2027,Jaylyn Jones,S,4-star,Miami Hurricanes,2025-06-23,2026-05-18,0.0696,10 power offer(s) since committing,,0,0,10,329,212,0.9029,46143706,https://247sports.com/player/jaylyn-jones-46143706/high-school-338906/
2027,Bradley Cassier,QB,3-star,New Mexico Lobos,2026-05-07,2026-05-18,0.0693,,,0,0,0,11,212,0.85,46148425,https://247sports.com/player/bradley-cassier-46148425/high-school-311913/
2027,Alexander Taylor,DL,3-star,Virginia Tech Hokies,2026-03-19,2026-05-18,0.0689,,,0,0,0,60,212,0.8711,46155091,https://247sports.com/player/alexander-taylor-46155091/high-school-328540/
2027,Eli Thornton,DL,3-star,Arkansas Razorbacks,2026-04-26,2026-05-18,0.0681,,,0,0,0,22,212,0.865,46163675,https://247sports.com/player/eli-thornton-46163675/high-school-349234/
2027,Ben Musser,QB,3-star,Appalachian State Mountaineers,2026-02-09,2026-05-18,0.0679,1 unofficial visit(s) elsewhere since committing; 2 power offer(s) since committing; has decommitted before,Purdue,0,1,2,98,212,0.8711,46147264,https://247sports.com/player/ben-musser-46147264/high-school-308888/
2027,Jaden Butler,ATH,3-star,Tennessee Volunteers,2026-03-26,2026-05-18,0.0676,1 unofficial visit(s) elsewhere since committing,Tennessee Volunteers For Spring Game,0,1,0,53,212,0.8822,46153272,https://247sports.com/player/jaden-butler-46153272/high-school-324139/
2027,Brody McNeel,OT,4-star,Ohio State Buckeyes,2025-11-18,2026-05-18,0.0672,,,0,0,0,181,212,0.9042,46157011,https://247sports.com/player/brody-mcneel-46157011/high-school-334008/
2027,George VanSandt,TE,3-star,Arkansas Razorbacks,2026-04-13,2026-05-18,0.0669,1 power offer(s) since committing,,0,0,1,35,212,0.86,46161991,https://247sports.com/player/george-vansandt-46161991/high-school-345855/
2027,Cameron Horne,DL,3-star,Appalachian State Mountaineers,2026-03-21,2026-05-18,0.0668,,,0,0,0,58,212,0.855,46165769,https://247sports.com/player/cameron-horne-46165769/high-school-356792/
2027,Brady Johnson,TE,3-star,Northwestern Wildcats,2026-02-04,2026-05-18,0.0664,1 power offer(s) since committing,,0,0,1,103,212,0.855,46158974,https://247sports.com/player/brady-johnson-46158974/high-school-338198/
2027,Brody Pfannenstiel,Edge,3-star,Texas Tech Red Raiders,2026-03-13,2026-05-18,0.0662,,,0,0,0,66,212,0.8778,46159291,https://247sports.com/player/brody-pfannenstiel-46159291/high-school-338741/
2027,Josiah Wallace,OT,3-star,Northwestern Wildcats,2026-02-11,2026-05-18,0.0661,1 power offer(s) since committing,,0,0,1,96,212,0.88,46158394,https://247sports.com/player/josiah-wallace-46158394/high-school-337415/
2027,Jackson Roper,IOL,4-star,UCLA Bruins,2026-05-01,2026-05-18,0.0661,1 official visit(s) elsewhere since committing; visited elsewhere in the last 30 days,Colorado Buffaloes,1,0,0,17,212,0.91,46153223,https://247sports.com/player/jackson-roper-46153223/high-school-339571/
2027,Sutton Gutting,ATH,3-star,Mississippi State Bulldogs,2026-04-24,2026-05-18,0.0658,,,0,0,0,24,212,0.88,46164646,https://247sports.com/player/sutton-gutting-46164646/high-school-351645/
2027,Richie Flanigan,DL,4-star,Notre Dame Fighting Irish,2025-09-25,2026-05-18,0.0657,,,0,0,0,235,212,0.8933,46154687,https://247sports.com/player/richie-flanigan-46154687/high-school-327687/
2027,Isaiah Rogers,RB,4-star,Notre Dame Fighting Irish,2026-03-30,2026-05-18,0.0653,,,0,0,0,49,212,0.9263,46152517,https://247sports.com/player/isaiah-rogers-46152517/high-school-322260/
2027,Lee Prince Jr.,RB,3-star,West Virginia Mountaineers,2026-04-03,2026-05-18,0.0653,,,0,0,0,45,212,0.875,46151663,https://247sports.com/player/lee-prince-jr-46151663/high-school-318308/
2027,Demarcus Deroche,ATH,4-star,Miami Hurricanes,2025-08-19,2026-05-18,0.065,1 unofficial visit(s) elsewhere since committing; 7 power offer(s) since committing,Florida State Seminoles For Their Game Against East Texas A&M.,0,1,7,272,212,0.9021,46154729,https://247sports.com/player/demarcus-deroche-46154729/high-school-327862/
2027,Jack Henderson,Edge,3-star,Utah Utes,2026-04-07,2026-05-18,0.065,,,0,0,0,41,212,0.86,46159907,https://247sports.com/player/jack-henderson-46159907/high-school-339587/
2027,Andrew Beard,RB,4-star,Florida Gators,2026-05-08,2026-05-18,0.0649,,,0,0,0,10,212,0.9318,46142377,https://247sports.com/player/andrew-beard-46142377/high-school-314685/
2027,Bobby Coleman Jr.,QB,3-star,Georgia State Panthers,2026-03-31,2026-05-18,0.0647,,,0,0,0,48,212,0.8735,46141764,https://247sports.com/player/bobby-coleman-jr-46141764/high-school-296891/
2027,Jhadyn Nelson,LB,4-star,Texas Tech Red Raiders,2026-03-18,2026-05-18,0.0647,1 official visit(s) elsewhere since committing; visited elsewhere in the last 30 days; rated well above this program's usual recruit,Smu Mustangs,1,0,0,61,212,0.9747,46164194,https://247sports.com/player/jhadyn-nelson-46164194/high-school-350620/
2027,Justin Johnson,CB,4-star,Illinois Fighting Illini,2026-03-04,2026-05-18,0.0647,rated well above this program's usual recruit; officially visited his committed school (stabilizing),,0,0,0,75,212,0.9206,46157797,https://247sports.com/player/justin-johnson-46157797/high-school-336134/
2027,David Rushing,WR,3-star,Kansas State Wildcats,2026-04-20,2026-05-18,0.0645,,,0,0,0,28,212,0.87,46159969,https://247sports.com/player/david-rushing-46159969/high-school-339716/
2027,Peyton Miller,IOL,4-star,Florida Gators,2026-04-27,2026-05-18,0.0645,1 official visit(s) elsewhere since committing; visited elsewhere in the last 30 days,Smu Mustangs,1,0,0,21,212,0.9437,46144299,https://247sports.com/player/peyton-miller-46144299/high-school-302543/
2027,Elijah Brown,DL,4-star,Kentucky Wildcats,2026-04-10,2026-05-18,0.0642,,,0,0,0,38,212,0.9123,46150880,https://247sports.com/player/elijah-brown-46150880/high-school-316725/
2027,Kaden Estep,QB,3-star,Miami (OH) RedHawks,2026-02-01,2026-05-18,0.0642,,,0,0,0,106,212,0.86,46165474,https://247sports.com/player/kaden-estep-46165474/high-school-355446/
2027,Zac Katz,QB,3-star,FIU Golden Panthers,2025-09-03,2026-05-18,0.064,,,0,0,0,257,212,0.85,46140627,https://247sports.com/player/zac-katz-46140627/high-school-322975/
2027,Jamar Taylor,WR,3-star,Rutgers Scarlet Knights,2026-05-13,2026-05-18,0.0639,,,0,0,0,5,212,0.885,46157712,https://247sports.com/player/jamar-taylor-46157712/high-school-335985/
2027,Brock Frisby,DL,3-star,Virginia Tech Hokies,2026-04-03,2026-05-18,0.0634,2 higher-rated commits at his position,,0,0,0,45,212,0.87,46164037,https://247sports.com/player/brock-frisby-46164037/high-school-350387/
2027,Zachary Gleason Jr.,CB,3-star,Penn State Nittany Lions,2026-03-31,2026-05-18,0.0627,1 power offer(s) since committing; 2 higher-rated commits at his position,,0,0,1,48,212,0.8767,46150434,https://247sports.com/player/zachary-gleason-jr-46150434/high-school-322026/
2027,John Archer,DL,4-star,South Carolina Gamecocks,2026-04-29,2026-05-18,0.062,,,0,0,0,19,212,0.9333,46146916,https://247sports.com/player/john-archer-46146916/high-school-308410/
2027,Alex Patton,CB,3-star,Duke Blue Devils,2026-05-10,2026-05-18,0.061,,,0,0,0,8,212,0.88,46137071,https://247sports.com/player/alex-patton-46137071/high-school-287790/
2027,Savior Owens,RB,3-star,Michigan State Spartans,2026-01-25,2026-05-18,0.0609,,,0,0,0,113,212,0.86,46158711,https://247sports.com/player/savior-owens-46158711/high-school-337802/
2027,Isaia Vandermade,DL,3-star,USC Trojans,2026-02-17,2026-05-18,0.0609,,,0,0,0,90,212,0.8722,46149062,https://247sports.com/player/isaia-vandermade-46149062/high-school-329166/
2027,Carter Blattner,DL,3-star,Penn State Nittany Lions,2026-04-04,2026-05-18,0.0608,,,0,0,0,44,212,0.8889,46155280,https://247sports.com/player/carter-blattner-46155280/high-school-328875/
2027,Ben Hynek,TE,4-star,Kansas State Wildcats,2026-04-20,2026-05-18,0.0608,,,0,0,0,28,212,0.8911,46156875,https://247sports.com/player/ben-hynek-46156875/high-school-333403/
2027,Sam Ngata,LB,3-star,Oregon Ducks,2026-01-24,2026-05-18,0.0608,,,0,0,0,114,212,0.8822,46157095,https://247sports.com/player/sam-ngata-46157095/high-school-334360/
2027,Brady Edmunds,QB,4-star,Ohio State Buckeyes,2024-12-02,2026-05-18,0.0605,2 power offer(s) since committing,,0,0,2,532,212,0.9206,46140325,https://247sports.com/player/brady-edmunds-46140325/high-school-293940/
2027,Will Zaccagnino,DL,3-star,Wisconsin Badgers,2026-04-30,2026-05-18,0.0599,,,0,0,0,18,212,0.86,46165561,https://247sports.com/player/will-zaccagnino-46165561/high-school-355627/
2027,Coderro McDaniel,OT,3-star,Ole Miss Rebels,2026-04-20,2026-05-18,0.0598,,,0,0,0,28,212,0.8822,46157224,https://247sports.com/player/coderro-mcdaniel-46157224/high-school-334796/
2027,Gavin Stecker,LB,4-star,Iowa Hawkeyes,2025-12-09,2026-05-18,0.0598,,,0,0,0,160,212,0.8922,46153320,https://247sports.com/player/gavin-stecker-46153320/high-school-324228/
2027,Gregory Batson,LB,4-star,Florida State Seminoles,2025-11-07,2026-05-18,0.0598,3 power offer(s) since committing,,0,0,3,192,212,0.8933,46154728,https://247sports.com/player/gregory-batson-46154728/high-school-327861/
2027,Jordan Haskins,S,3-star,Louisville Cardinals,2026-03-06,2026-05-18,0.0597,,,0,0,0,73,212,0.8889,46144831,https://247sports.com/player/jordan-haskins-46144831/high-school-303825/
2027,Marcus Watson,ATH,3-star,Houston Cougars,2026-04-03,2026-05-18,0.0591,,,0,0,0,45,212,0.87,46163630,https://247sports.com/player/marcus-watson-46163630/high-school-349101/
2027,Keegan Croucher,QB,4-star,Ole Miss Rebels,2025-10-05,2026-05-18,0.059,3 power offer(s) since committing; rated well above this program's usual recruit; officially visited his committed school (stabilizing),,0,0,3,225,212,0.9413,46149869,https://247sports.com/player/keegan-croucher-46149869/high-school-350639/
2027,Chris Harris Jr.,WR,4-star,Missouri Tigers,2026-03-17,2026-05-18,0.0587,,,0,0,0,62,212,0.9245,46161018,https://247sports.com/player/chris-harris-jr-46161018/high-school-343681/
2027,John Amofah Jr.,DL,3-star,Cincinnati Bearcats,2026-04-18,2026-05-18,0.0586,,,0,0,0,30,212,0.84,46162577,https://247sports.com/player/john-amofah-jr-46162577/high-school-346780/
2027,Tommy Scott,RB,3-star,Florida Atlantic Owls,2026-04-15,2026-05-18,0.058,,,0,0,0,33,212,0.85,46166356,https://247sports.com/player/tommy-scott-46166356/high-school-358736/
2027,Saleh Atariwa,TE,3-star,Rutgers Scarlet Knights,2026-04-11,2026-05-18,0.058,,,0,0,0,37,212,0.86,46164509,https://247sports.com/player/saleh-atariwa-46164509/high-school-351388/
2027,Canaan Smith,IOL,3-star,Kansas State Wildcats,2026-03-16,2026-05-18,0.0576,,,0,0,0,63,212,0.855,46165295,https://247sports.com/player/canaan-smith-46165295/high-school-355229/
2027,Steele Fletcher,WR,3-star,Wake Forest Demon Deacons,2026-02-12,2026-05-18,0.0575,,,0,0,0,95,212,0.85,46151886,https://247sports.com/player/steele-fletcher-46151886/high-school-321087/
2027,Julius LaRosa III,DL,3-star,NC State Wolfpack,2026-05-11,2026-05-18,0.0575,,,0,0,0,7,212,0.865,46157287,https://247sports.com/player/julius-larosa-iii-46157287/high-school-335018/
2027,Kingston Johnson,QB,3-star,Tulane Green Wave,2026-02-03,2026-05-18,0.0569,,,0,0,0,104,212,0.83,46150199,https://247sports.com/player/kingston-johnson-46150199/high-school-315625/
2027,Amir Brown,RB,4-star,Nebraska Cornhuskers,2025-11-23,2026-05-18,0.0569,1 power offer(s) since committing; has decommitted before,,0,0,1,176,212,0.8953,46149072,https://247sports.com/player/amir-brown-46149072/high-school-313626/
2027,Camden Hughes,QB,3-star,Cincinnati Bearcats,2026-04-18,2026-05-18,0.0569,,,0,0,0,30,212,0.85,46154779,https://247sports.com/player/camden-hughes-46154779/high-school-327978/
2027,Tucker Ingersoll,QB,3-star,Wyoming Cowboys,2026-04-13,2026-05-18,0.0567,,,0,0,0,35,212,0.835,46166301,https://247sports.com/player/tucker-ingersoll-46166301/high-school-358598/
2027,Will Endicott,IOL,3-star,South Carolina Gamecocks,2026-04-27,2026-05-18,0.0566,,,0,0,0,21,212,0.865,46160366,https://247sports.com/player/will-endicott-46160366/high-school-340628/
2027,Moses Poku-Kankam,S,3-star,Rutgers Scarlet Knights,2026-04-28,2026-05-18,0.0564,,,0,0,0,20,212,0.865,46158388,https://247sports.com/player/moses-poku-kankam-46158388/high-school-337408/
2027,Gianni Porfilio,CB,3-star,Purdue Boilermakers,2026-05-14,2026-05-18,0.0558,,,0,0,0,4,212,0.85,46154163,https://247sports.com/player/gianni-porfilio-46154163/high-school-326144/
2027,Furian Inferrera,QB,3-star,Minnesota Golden Gophers,2025-06-21,2026-05-18,0.0557,,,0,0,0,331,212,0.835,46137213,https://247sports.com/player/furian-inferrera-46137213/high-school-296340/
2027,Jahnai Weaver,ATH,3-star,Clark Atlanta Panthers,2025-11-01,2026-05-18,0.0553,,,0,0,0,198,212,0.83,46147292,https://247sports.com/player/jahnai-weaver-46147292/high-school-308949/
2027,Blake Nadler,QB,3-star,Nevada Wolf Pack,2025-11-15,2026-05-18,0.0553,,,0,0,0,184,212,0.8,46157749,https://247sports.com/player/blake-nadler-46157749/high-school-336047/
2027,Kahden Davis,QB,3-star,Columbia Lions,2026-01-23,2026-05-18,0.0551,,,0,0,0,115,212,0.84,46135683,https://247sports.com/player/kahden-davis-46135683/high-school-339225/
2027,Trae Proctor,TE,3-star,Kentucky Wildcats,2026-04-16,2026-05-18,0.0549,,,0,0,0,32,212,0.8789,46157910,https://247sports.com/player/trae-proctor-46157910/high-school-349087/
2027,Roye Oliver III,WR,4-star,USC Trojans,2026-03-27,2026-05-18,0.0543,1 power offer(s) since committing; rated well above this program's usual recruit,,0,0,1,52,212,0.9595,46154068,https://247sports.com/player/roye-oliver-iii-46154068/high-school-325855/
2027,Zahir Mitchell,CB,3-star,Boston College Eagles,2025-10-02,2026-05-18,0.0541,,,0,0,0,228,212,0.86,46159943,https://247sports.com/player/zahir-mitchell-46159943/high-school-339669/
2027,Greydon Howell,ATH,4-star,Oklahoma Sooners,2026-03-08,2026-05-18,0.0541,,,0,0,0,71,212,0.8927,46156828,https://247sports.com/player/greydon-howell-46156828/high-school-333045/
2027,Aamaury Fountain,CB,4-star,Florida Gators,2026-04-11,2026-05-18,0.0531,1 official visit(s) elsewhere since committing; visited elsewhere in the last 30 days; 1 power offer(s) since committing,South Carolina,1,0,1,37,212,0.9273,46161679,https://247sports.com/player/aamaury-fountain-46161679/high-school-345056/
2027,Koby Shabazz,WR,3-star,Sacramento State Hornets,2025-06-01,2026-05-18,0.0526,,,0,0,0,351,212,0.83,46144902,https://247sports.com/player/koby-shabazz-46144902/high-school-303923/
2027,Landon Lehmer,S,3-star,Miami (OH) RedHawks,2026-04-27,2026-05-18,0.0526,,,0,0,0,21,212,0.845,46163979,https://247sports.com/player/landon-lehmer-46163979/high-school-350082/
2027,Tyler Ford,OT,3-star,Miami Hurricanes,2026-04-15,2026-05-18,0.0525,,,0,0,0,33,212,0.8767,46150236,https://247sports.com/player/tyler-ford-46150236/high-school-315681/
2027,Justin Coach,LB,3-star,Washington Huskies,2026-02-12,2026-05-18,0.0524,,,0,0,0,95,212,0.8689,46148569,https://247sports.com/player/justin-coach-46148569/high-school-312276/
2027,Miguel Wilson,CB,3-star,Kentucky Wildcats,2026-04-08,2026-05-18,0.0521,,,0,0,0,40,212,0.87,46158637,https://247sports.com/player/miguel-wilson-46158637/high-school-337719/
2027,Braden Baker,QB,3-star,Houston Cougars,2026-04-03,2026-05-18,0.0521,,,0,0,0,45,212,0.885,46145090,https://247sports.com/player/braden-baker-46145090/high-school-304231/
2027,Mo Poko,WR,3-star,Houston Cougars,2026-02-04,2026-05-18,0.0521,2 higher-rated commits at his position,,0,0,0,103,212,0.85,46164472,https://247sports.com/player/mo-poko-46164472/high-school-351308/
2027,Aiden Gibson,RB,4-star,Penn State Nittany Lions,2026-05-12,2026-05-18,0.0518,,,0,0,0,6,212,0.9197,46151084,https://247sports.com/player/aiden-gibson-46151084/high-school-317033/
2027,DJ Mitchell,CB,3-star,Miami (OH) RedHawks,2026-03-19,2026-05-18,0.0518,,,0,0,0,60,212,0.845,46158514,https://247sports.com/player/dj-mitchell-46158514/high-school-337550/
2027,Stanley Montgomery,DL,4-star,Penn State Nittany Lions,2026-04-30,2026-05-18,0.0518,1 official visit(s) elsewhere since committing; visited elsewhere in the last 30 days; rated well above this program's usual recruit; has decommitted before,Northwestern,1,0,0,18,212,0.9459,46152126,https://247sports.com/player/stanley-montgomery-46152126/high-school-321611/
2027,Godschoice Eboigbodin,Edge,3-star,UCLA Bruins,2026-05-06,2026-05-18,0.0513,,,0,0,0,12,212,0.885,46159650,https://247sports.com/player/godschoice-eboigbodin-46159650/high-school-339207/
2027,Eli Stumpf,QB,3-star,Michigan State Spartans,2026-03-17,2026-05-18,0.0513,,,0,0,0,62,212,0.865,46165351,https://247sports.com/player/eli-stumpf-46165351/high-school-355289/
2027,Carter Temple,ATH,3-star,North Dakota State Bison,2026-05-16,2026-05-18,0.0509,rated well above this program's usual recruit,,0,0,0,2,212,0.865,46161398,https://247sports.com/player/carter-temple-46161398/high-school-344637/
2027,Sean Kraft,LS,3-star,Notre Dame Fighting Irish,2025-06-24,2026-05-18,0.0508,,,0,0,0,328,212,0.8,46159806,https://247sports.com/player/sean-kraft-46159806/high-school-339445/
2027,Braylen Ross,WR,3-star,Arizona Wildcats,2026-05-01,2026-05-18,0.0507,,,0,0,0,17,212,0.855,46155489,https://247sports.com/player/braylen-ross-46155489/high-school-329167/
2027,Samuel Nelson,Edge,3-star,Oklahoma Sooners,2026-04-30,2026-05-18,0.0507,,,0,0,0,18,212,0.885,46163732,https://247sports.com/player/samuel-nelson-46163732/high-school-349428/
2027,Magnus Talma,WR,3-star,Boston College Eagles,2026-04-23,2026-05-18,0.0507,,,0,0,0,25,212,0.855,46160698,https://247sports.com/player/magnus-talma-46160698/high-school-341729/
2027,Eisa Nealy,WR,3-star,James Madison Dukes,2026-04-05,2026-05-18,0.0506,,,0,0,0,43,212,0.855,46153305,https://247sports.com/player/eisa-nealy-46153305/high-school-324190/
2027,John Walker V,WR,3-star,Louisiana Ragin' Cajuns,2026-05-13,2026-05-18,0.0499,,,0,0,0,5,212,0.86,46165754,https://247sports.com/player/john-walker-v-46165754/high-school-356773/
2027,Ezra Sanelivi,RB,3-star,BYU Cougars,2026-04-08,2026-05-18,0.0499,,,0,0,0,40,212,0.86,46153455,https://247sports.com/player/ezra-sanelivi-46153455/high-school-324520/
2027,EJ Coleman,ATH,3-star,Washington State Cougars,2026-05-14,2026-05-18,0.0499,,,0,0,0,4,212,0.86,46155759,https://247sports.com/player/ej-coleman-46155759/high-school-329729/
2027,Rick Brown,LB,3-star,West Virginia Mountaineers,2026-04-17,2026-05-18,0.0498,2 higher-rated commits at his position,,0,0,0,31,212,0.8689,46157833,https://247sports.com/player/rick-brown-46157833/high-school-358776/
2027,Aiden Hartnett,IOL,3-star,Wake Forest Demon Deacons,2026-04-03,2026-05-18,0.0497,,,0,0,0,45,212,0.85,46158735,https://247sports.com/player/aiden-hartnett-46158735/high-school-337830/
2027,Sydney Padilla,TE,3-star,Rutgers Scarlet Knights,2026-01-23,2026-05-18,0.0497,,,0,0,0,115,212,0.87,46151032,https://247sports.com/player/sydney-padilla-46151032/high-school-316944/
2027,Dane Olmstead,P,3-star,Missouri Tigers,2026-03-19,2026-05-18,0.0495,,,0,0,0,60,212,0.805,46163374,https://247sports.com/player/dane-olmstead-46163374/high-school-348371/
2027,Jayce Johnson,QB,4-star,Texas A&M Aggies,2025-08-03,2026-05-18,0.049,2 unofficial visit(s) elsewhere since committing,"Auburn, Florida State Seminoles For Their Game Against Virginia Tech.",0,2,0,288,212,0.9245,46146222,https://247sports.com/player/jayce-johnson-46146222/high-school-306845/
2027,Levi Porter,LB,3-star,Appalachian State Mountaineers,2026-04-26,2026-05-18,0.049,,,0,0,0,22,212,0.845,46166217,https://247sports.com/player/levi-porter-46166217/high-school-358423/
2027,Ta'kiesse Barnes,RB,3-star,Temple Owls,2026-05-04,2026-05-18,0.049,,,0,0,0,14,212,0.86,46166808,https://247sports.com/player/takiesse-barnes-46166808/high-school-359584/
2027,Hawken Anderson,IOL,3-star,Boston College Eagles,2026-02-15,2026-05-18,0.0489,,,0,0,0,92,212,0.855,46148562,https://247sports.com/player/hawken-anderson-46148562/high-school-312261/
2027,Wesley Flamer,LB,3-star,West Virginia Mountaineers,2026-04-18,2026-05-18,0.0489,,,0,0,0,30,212,0.87,46159365,https://247sports.com/player/wesley-flamer-46159365/high-school-338825/
2027,Jackie Ryder,QB,3-star,Purdue Boilermakers,2026-04-13,2026-05-18,0.0486,,,0,0,0,35,212,0.865,46165524,https://247sports.com/player/jackie-ryder-46165524/high-school-355587/
2027,Mason Cerovac,LB,3-star,West Virginia Mountaineers,2026-04-02,2026-05-18,0.0482,3 higher-rated commits at his position,,0,0,0,46,212,0.86,46158734,https://247sports.com/player/mason-cerovac-46158734/high-school-337829/
2027,Deven Robertson,DL,4-star,Oklahoma Sooners,2026-01-10,2026-05-18,0.048,,,0,0,0,128,212,0.8911,46149305,https://247sports.com/player/deven-robertson-46149305/high-school-314207/
2027,Tory Pittman III,S,4-star,Nebraska Cornhuskers,2025-08-15,2026-05-18,0.0477,rated well above this program's usual recruit,,0,0,0,276,212,0.9782,46139694,https://247sports.com/player/tory-pittman-iii-46139694/high-school-292878/
2027,Gage Esty,IOL,3-star,UCLA Bruins,2026-05-08,2026-05-18,0.0477,,,0,0,0,10,212,0.855,46164078,https://247sports.com/player/gage-esty-46164078/high-school-350441/
2027,Josiah Rand,LB,3-star,Washington State Cougars,2026-04-25,2026-05-18,0.0476,,,0,0,0,23,212,0.84,46158134,https://247sports.com/player/josiah-rand-46158134/high-school-336988/
2027,Edwin Guzman,IOL,3-star,Syracuse Orange,2026-01-23,2026-05-18,0.0476,,,0,0,0,115,212,0.855,46157063,https://247sports.com/player/edwin-guzman-46157063/high-school-334201/
2027,Jadell Carter,Edge,3-star,NC State Wolfpack,2026-05-13,2026-05-18,0.0469,,,0,0,0,5,212,0.875,46162046,https://247sports.com/player/jadell-carter-46162046/high-school-345977/
2027,Gunnar Perry,LB,3-star,California Golden Bears,2026-02-06,2026-05-18,0.0469,,,0,0,0,101,212,0.85,46161368,https://247sports.com/player/gunnar-perry-46161368/high-school-354710/
2027,Will Mettee,LB,3-star,Boston College Eagles,2026-04-11,2026-05-18,0.0469,,,0,0,0,37,212,0.86,46162773,https://247sports.com/player/will-mettee-46162773/high-school-347184/
2027,Zach Albright,TE,3-star,Washington Huskies,2026-04-27,2026-05-18,0.0468,,,0,0,0,21,212,0.885,46155034,https://247sports.com/player/zach-albright-46155034/high-school-328422/
2027,Kingston Celifie,ATH,4-star,UCLA Bruins,2026-05-08,2026-05-18,0.0462,,,0,0,0,10,212,0.8944,46150169,https://247sports.com/player/kingston-celifie-46150169/high-school-315556/
2027,Larron Westmoreland,S,3-star,Kentucky Wildcats,2026-02-13,2026-05-18,0.0461,,,0,0,0,94,212,0.8889,46154799,https://247sports.com/player/larron-westmoreland-46154799/high-school-328021/
2027,Trenton Lynch,RB,3-star,Rutgers Scarlet Knights,2026-05-01,2026-05-18,0.0459,,,0,0,0,17,212,0.86,46155054,https://247sports.com/player/trenton-lynch-46155054/high-school-328472/
2027,Blake Gunter,WR,3-star,California Golden Bears,2026-03-07,2026-05-18,0.0459,,,0,0,0,72,212,0.86,46157583,https://247sports.com/player/blake-gunter-46157583/high-school-335794/
2027,Trey Johnson,CB,3-star,North Carolina Tar Heels,2026-05-15,2026-05-18,0.0458,,,0,0,0,3,212,0.87,46159985,https://247sports.com/player/trey-johnson-46159985/high-school-339740/
2027,Ace Alston,CB,4-star,Notre Dame Fighting Irish,2025-12-09,2026-05-18,0.0457,3 power offer(s) since committing; rated well above this program's usual recruit,,0,0,3,160,212,0.963,46141063,https://247sports.com/player/ace-alston-46141063/high-school-295378/
2027,Collin Boff,QB,3-star,Bowling Green Falcons,2026-03-27,2026-05-18,0.0456,,,0,0,0,52,212,0.86,46152867,https://247sports.com/player/collin-boff-46152867/high-school-322732/
2027,Ryan Taylor,WR,3-star,UTSA Roadrunners,2026-05-06,2026-05-18,0.0456,,,0,0,0,12,212,0.855,46153377,https://247sports.com/player/ryan-taylor-46153377/high-school-324365/
2027,Xavier Muhammad,DL,4-star,Michigan Wolverines,2026-05-14,2026-05-18,0.0454,rated well above this program's usual recruit,,0,0,0,4,212,0.9563,46147250,https://247sports.com/player/xavier-muhammad-46147250/high-school-308861/
2027,Connor Long,IOL,3-star,Syracuse Orange,2025-10-22,2026-05-18,0.045,,,0,0,0,208,212,0.8611,46157064,https://247sports.com/player/connor-long-46157064/high-school-334202/
2027,Jack Devine,QB,3-star,San Diego State Aztecs,2026-02-20,2026-05-18,0.045,,,0,0,0,87,212,0.84,46149098,https://247sports.com/player/jack-devine-46149098/high-school-313695/
2027,Jack Schuler,Edge,3-star,Michigan State Spartans,2026-04-30,2026-05-18,0.0448,,,0,0,0,18,212,0.86,46156931,https://247sports.com/player/jack-schuler-46156931/high-school-333724/
2027,Charlie Reece,OT,3-star,Wake Forest Demon Deacons,2026-02-05,2026-05-18,0.0448,,,0,0,0,102,212,0.86,46164942,https://247sports.com/player/charlie-reece-46164942/high-school-352487/
2027,Chris Butler,WR,3-star,Liberty Flames,2026-04-20,2026-05-18,0.0448,,,0,0,0,28,212,0.845,46163547,https://247sports.com/player/chris-butler-46163547/high-school-348864/
2027,Jett Feeney,QB,3-star,Minnesota Golden Gophers,2026-03-09,2026-05-18,0.0443,,,0,0,0,70,212,0.8767,46153665,https://247sports.com/player/jett-feeney-46153665/high-school-324850/
2027,Jacobi Pasley,ATH,3-star,West Virginia Mountaineers,2026-05-01,2026-05-18,0.0443,,,0,0,0,17,212,0.87,46166750,https://247sports.com/player/jacobi-pasley-46166750/high-school-359495/
2027,Matthew Baer,QB,3-star,James Madison Dukes,2026-04-26,2026-05-18,0.0443,,,0,0,0,22,212,0.845,46151320,https://247sports.com/player/matthew-baer-46151320/high-school-352714/
2027,Karson McKenzie,WR,3-star,Wyoming Cowboys,2026-04-06,2026-05-18,0.0442,,,0,0,0,42,212,0.82,46157266,https://247sports.com/player/karson-mckenzie-46157266/high-school-334934/
2027,Tre Warren III,IOL,3-star,NC State Wolfpack,2026-05-14,2026-05-18,0.0442,,,0,0,0,4,212,0.8722,46146805,https://247sports.com/player/tre-warren-iii-46146805/high-school-308164/
2027,Bradyn Paulozzi,Edge,3-star,Syracuse Orange,2026-04-13,2026-05-18,0.0442,,,0,0,0,35,212,0.86,46161487,https://247sports.com/player/bradyn-paulozzi-46161487/high-school-344765/
2027,Zivad Robinson,DL,3-star,Iowa State Cyclones,2026-05-06,2026-05-18,0.0442,,,0,0,0,12,212,0.84,46163294,https://247sports.com/player/zivad-robinson-46163294/high-school-348181/
2027,Cade Reikowski,IOL,3-star,Northwestern Wildcats,2026-02-01,2026-05-18,0.044,,,0,0,0,106,212,0.88,46159359,https://247sports.com/player/cade-reikowski-46159359/high-school-338819/
2027,Tyler Frederick,DL,3-star,Northwestern Wildcats,2026-05-15,2026-05-18,0.0439,,,0,0,0,3,212,0.86,46165766,https://247sports.com/player/tyler-frederick-46165766/high-school-356789/
2027,Duece Jones-Drew,RB,3-star,UCLA Bruins,2026-05-03,2026-05-18,0.0439,,,0,0,0,15,212,0.8733,46143364,https://247sports.com/player/duece-jones-drew-46143364/high-school-300370/
2027,Gage Geyer,DL,3-star,Minnesota Golden Gophers,2026-04-11,2026-05-18,0.0439,,,0,0,0,37,212,0.8611,46162137,https://247sports.com/player/gage-geyer-46162137/high-school-346193/
2027,Noah Collins-Howard,WR,3-star,Syracuse Orange,2026-03-25,2026-05-18,0.0439,,,0,0,0,54,212,0.86,46151033,https://247sports.com/player/noah-collins-howard-46151033/high-school-353144/
2027,Caiden Wade,QB,3-star,Southern Miss Golden Eagles,2026-03-26,2026-05-18,0.0438,,,0,0,0,53,212,0.85,46153160,https://247sports.com/player/caiden-wade-46153160/high-school-323967/
2027,Josh Johnson,DL,3-star,Miami Hurricanes,2026-03-24,2026-05-18,0.0438,1 power offer(s) since committing,,0,0,1,55,212,0.8678,46161168,https://247sports.com/player/josh-johnson-46161168/high-school-344045/
2027,Robenson Duclona,LB,3-star,North Dakota State Bison,2026-03-10,2026-05-18,0.0436,,,0,0,0,69,212,0.84,46159715,https://247sports.com/player/robenson-duclona-46159715/high-school-339287/
2027,Jack Carlson,OT,3-star,Michigan State Spartans,2026-03-17,2026-05-18,0.0435,,,0,0,0,62,212,0.885,46153995,https://247sports.com/player/jack-carlson-46153995/high-school-325607/
2027,Aaron Strader,QB,3-star,Kent State Golden Flashes,2026-04-06,2026-05-18,0.0433,,,0,0,0,42,212,0.84,46165188,https://247sports.com/player/aaron-strader-46165188/high-school-354268/
2027,Jackson Hill,OT,3-star,Notre Dame Fighting Irish,2026-05-14,2026-05-18,0.0433,2 higher-rated commits at his position,,0,0,0,4,212,0.88,46158175,https://247sports.com/player/jackson-hill-46158175/high-school-337062/
2027,Charlie Foulke IV,QB,3-star,Syracuse Orange,2026-04-11,2026-05-18,0.0433,,,0,0,0,37,212,0.8511,46142630,https://247sports.com/player/charlie-foulke-iv-46142630/high-school-358250/
2027,Andre Phillip II,QB,3-star,West Virginia Mountaineers,2026-05-08,2026-05-18,0.0432,,,0,0,0,10,212,0.86,46162112,https://247sports.com/player/andre-phillip-ii-46162112/high-school-346166/
2027,George Lamons Jr.,TE,4-star,Auburn Tigers,2026-04-18,2026-05-18,0.043,has decommitted before,,0,0,0,30,212,0.9167,46148928,https://247sports.com/player/george-lamons-jr-46148928/high-school-313242/
2027,Jerry Outhouse Jr.,CB,4-star,UCLA Bruins,2026-05-01,2026-05-18,0.043,rated well above this program's usual recruit; has decommitted before; officially visited his committed school (stabilizing),,0,0,0,17,212,0.9538,46145113,https://247sports.com/player/jerry-outhouse-jr-46145113/high-school-304256/
2027,Michael Vander Luitgaren,QB,3-star,Wyoming Cowboys,2026-05-17,2026-05-18,0.0429,,,0,0,0,1,212,0.84,46159090,https://247sports.com/player/michael-vander-luitgaren-46159090/high-school-338399/
2027,John Gay,S,3-star,Notre Dame Fighting Irish,2026-04-22,2026-05-18,0.0427,,,0,0,0,26,212,0.875,46151827,https://247sports.com/player/john-gay-46151827/high-school-320081/
2027,Antwoine Higgins,LB,3-star,Kentucky Wildcats,2026-04-22,2026-05-18,0.0426,1 official visit(s) elsewhere since committing; visited elsewhere in the last 30 days,Indiana,1,0,0,26,212,0.8844,46145225,https://247sports.com/player/antwoine-higgins-46145225/high-school-304503/
2027,Jaylon Moore,IOL,3-star,Auburn Tigers,2026-04-29,2026-05-18,0.0426,,,0,0,0,19,212,0.875,46158466,https://247sports.com/player/jaylon-moore-46158466/high-school-337494/
2027,Kei'Shjuan Telfair,CB,4-star,Penn State Nittany Lions,2026-04-19,2026-05-18,0.0425,rated well above this program's usual recruit,,0,0,0,29,212,0.9601,46153238,https://247sports.com/player/keishjuan-telfair-46153238/high-school-324101/
2027,Aidan O'Neil,Edge,4-star,Notre Dame Fighting Irish,2026-05-01,2026-05-18,0.0424,1 official visit(s) elsewhere since committing; visited elsewhere in the last 30 days,Indiana,1,0,0,17,212,0.9392,46153666,https://247sports.com/player/aidan-oneil-46153666/high-school-324851/
2027,Layton von Brandt,OT,4-star,Auburn Tigers,2026-05-18,2026-05-18,0.0421,rated well above this program's usual recruit; has decommitted before,,0,0,0,0,212,0.9725,46141884,https://247sports.com/player/layton-von-brandt-46141884/high-school-297053/
2027,Troy Bowens,DL,4-star,California Golden Bears,2026-03-13,2026-05-18,0.0417,rated well above this program's usual recruit,,0,0,0,66,212,0.9114,46152083,https://247sports.com/player/troy-bowens-46152083/high-school-321436/
2027,Dustin Roach,S,3-star,Wisconsin Badgers,2026-01-23,2026-05-18,0.0417,,,0,0,0,115,212,0.8678,46160026,https://247sports.com/player/dustin-roach-46160026/high-school-339805/
2027,Champ Smith,QB,3-star,Harvard Crimson,2026-04-13,2026-05-18,0.0415,,,0,0,0,35,212,0.835,46146284,https://247sports.com/player/champ-smith-46146284/high-school-318824/
2027,Matthias Burrell,IOL,3-star,Kentucky Wildcats,2026-03-28,2026-05-18,0.0412,,,0,0,0,51,212,0.875,46154627,https://247sports.com/player/matthias-burrell-46154627/high-school-355990/
2027,Walter Hudson,LB,3-star,Pittsburgh Panthers,2026-04-21,2026-05-18,0.0411,,,0,0,0,27,212,0.85,46156389,https://247sports.com/player/walter-hudson-46156389/high-school-331310/
2027,Hudson Whitenight,IOL,3-star,Baylor Bears,2026-04-17,2026-05-18,0.0411,,,0,0,0,31,212,0.84,46152665,https://247sports.com/player/hudson-whitenight-46152665/high-school-322444/
2027,Tycen Johnson,WR,3-star,Arizona State Sun Devils,2026-02-06,2026-05-18,0.0404,officially visited his committed school (stabilizing),,0,0,0,101,212,0.87,46150049,https://247sports.com/player/tycen-johnson-46150049/high-school-315295/
2027,Owen Reilly,IOL,3-star,Penn State Nittany Lions,2026-04-17,2026-05-18,0.0403,,,0,0,0,31,212,0.88,46150639,https://247sports.com/player/owen-reilly-46150639/high-school-316325/
2027,Jon Ioane,DL,4-star,Washington Huskies,2026-03-26,2026-05-18,0.0403,,,0,0,0,53,212,0.9083,46140157,https://247sports.com/player/jon-ioane-46140157/high-school-293598/
2027,Louis Esposito,IOL,3-star,Michigan Wolverines,2025-07-20,2026-05-18,0.0402,6 power offer(s) since committing,,0,0,6,302,212,0.8689,46153225,https://247sports.com/player/louis-esposito-46153225/high-school-324078/
2027,Jashaun Shaffer,CB,3-star,Northern Arizona Lumberjacks,2026-04-27,2026-05-18,0.0398,,,0,0,0,21,212,0.82,46161556,https://247sports.com/player/jashaun-shaffer-46161556/high-school-344907/
2027,Ryker Reynolds,TE,3-star,Pittsburgh Panthers,2026-05-06,2026-05-18,0.0398,,,0,0,0,12,212,0.84,46145116,https://247sports.com/player/ryker-reynolds-46145116/high-school-304259/
2027,Armani Hill,WR,3-star,Boston College Eagles,2026-05-05,2026-05-18,0.0396,,,0,0,0,13,212,0.86,46164405,https://247sports.com/player/armani-hill-46164405/high-school-351223/
2027,DJ Mitchell,QB,3-star,Cal Poly Mustangs,2026-05-18,2026-05-18,0.0396,,,0,0,0,0,212,0.85,46145321,https://247sports.com/player/dj-mitchell-46145321/high-school-304751/
2027,Zak Walker,CB,3-star,Minnesota Golden Gophers,2026-05-13,2026-05-18,0.0394,,,0,0,0,5,212,0.87,46159910,https://247sports.com/player/zak-walker-46159910/high-school-339595/
2027,Mekhi Graham,RB,3-star,Maryland Terrapins,2026-03-27,2026-05-18,0.0394,,,0,0,0,52,212,0.86,46152123,https://247sports.com/player/mekhi-graham-46152123/high-school-321608/
2027,Taye Reich,RB,3-star,Minnesota Golden Gophers,2026-02-24,2026-05-18,0.0394,,,0,0,0,83,212,0.8678,46150424,https://247sports.com/player/taye-reich-46150424/high-school-315960/
2027,Carter Jamison,S,3-star,Tennessee Volunteers,2026-05-02,2026-05-18,0.0394,,,0,0,0,16,212,0.865,46165375,https://247sports.com/player/carter-jamison-46165375/high-school-355324/
2027,Josiah Morgan,WR,3-star,Houston Cougars,2026-05-02,2026-05-18,0.0394,,,0,0,0,16,212,0.8678,46164724,https://247sports.com/player/josiah-morgan-46164724/high-school-351817/
2027,Brooks Bakko,TE,4-star,Minnesota Golden Gophers,2026-04-07,2026-05-18,0.039,rated well above this program's usual recruit,,0,0,0,41,212,0.9408,46153720,https://247sports.com/player/brooks-bakko-46153720/high-school-324976/
2027,Jeremiah Williams,DL,4-star,BYU Cougars,2026-04-23,2026-05-18,0.0388,rated well above this program's usual recruit,,0,0,0,25,212,0.9069,46149609,https://247sports.com/player/jeremiah-williams-46149609/high-school-314672/
2027,Darrien Neal,DL,3-star,TCU Horned Frogs,2026-05-02,2026-05-18,0.0388,,,0,0,0,16,212,0.86,46148173,https://247sports.com/player/darrien-neal-46148173/high-school-311095/
2027,Landon Hicks,WR,3-star,Virginia Cavaliers,2026-02-02,2026-05-18,0.0388,,,0,0,0,105,212,0.86,46160246,https://247sports.com/player/landon-hicks-46160246/high-school-360824/
2027,Jamal Robinson Jr.,WR,3-star,UCF Knights,2026-04-20,2026-05-18,0.0385,,,0,0,0,28,212,0.865,46157677,https://247sports.com/player/jamal-robinson-jr-46157677/high-school-335916/
2027,Jackson Ballinger,TE,4-star,Florida Gators,2026-02-24,2026-05-18,0.0385,2 power offer(s) since committing,,0,0,2,83,212,0.8911,46150696,https://247sports.com/player/jackson-ballinger-46150696/high-school-316425/
2027,Elijah Patmon,DL,4-star,Texas A&M Aggies,2025-10-11,2026-05-18,0.0382,1 power offer(s) since committing,,0,0,1,219,212,0.9296,46149821,https://247sports.com/player/elijah-patmon-46149821/high-school-314986/
2027,Will Caston,S,3-star,Arkansas Razorbacks,2026-04-14,2026-05-18,0.0382,,,0,0,0,34,212,0.85,46160190,https://247sports.com/player/will-caston-46160190/high-school-340061/
2027,Donivan Moore,DL,4-star,Auburn Tigers,2026-02-12,2026-05-18,0.038,,,0,0,0,95,212,0.9376,46152917,https://247sports.com/player/donivan-moore-46152917/high-school-322840/
2027,Elijah Hutcheson,OT,4-star,Florida Gators,2026-05-05,2026-05-18,0.038,rated well above this program's usual recruit,,0,0,0,13,212,0.9553,46149785,https://247sports.com/player/elijah-hutcheson-46149785/high-school-355624/
2027,Kharim Hughley,QB,4-star,Clemson Tigers,2025-07-10,2026-05-18,0.038,,,0,0,0,312,212,0.9346,46154755,https://247sports.com/player/kharim-hughley-46154755/high-school-327921/
2027,Noah Robinson,DL,3-star,UCF Knights,2026-05-02,2026-05-18,0.038,,,0,0,0,16,212,0.86,46163615,https://247sports.com/player/noah-robinson-46163615/high-school-349064/
2027,Michael Farinas,WR,3-star,UCLA Bruins,2026-02-02,2026-05-18,0.0375,,,0,0,0,105,212,0.865,46155269,https://247sports.com/player/michael-farinas-46155269/high-school-328858/
2027,Myson Johnson-Cook,RB,4-star,Auburn Tigers,2026-04-25,2026-05-18,0.0375,rated well above this program's usual recruit,,0,0,0,23,212,0.9791,46143247,https://247sports.com/player/myson-johnson-cook-46143247/high-school-300059/
2027,Masiia Acrey,CB,3-star,Syracuse Orange,2026-05-10,2026-05-18,0.0372,,,0,0,0,8,212,0.87,46155214,https://247sports.com/player/masiia-acrey-46155214/high-school-328752/
2027,Khalil Terry,S,4-star,UCLA Bruins,2026-04-21,2026-05-18,0.0372,has decommitted before,,0,0,0,27,212,0.9014,46142775,https://247sports.com/player/khalil-terry-46142775/high-school-298756/
2027,Tyson Robinson,RB,4-star,Michigan Wolverines,2026-05-16,2026-05-18,0.0372,,,0,0,0,2,212,0.9207,46148323,https://247sports.com/player/tyson-robinson-46148323/high-school-311683/
2027,Griffin Cockerham,TE,3-star,NC State Wolfpack,2025-09-23,2026-05-18,0.0369,officially visited his committed school (stabilizing),,0,0,0,237,212,0.8678,46146890,https://247sports.com/player/griffin-cockerham-46146890/high-school-308357/
2027,Amari Vickerson,DL,3-star,SMU Mustangs,2026-01-18,2026-05-18,0.0369,1 power offer(s) since committing,,0,0,1,120,212,0.8822,46150219,https://247sports.com/player/amari-vickerson-46150219/high-school-315653/
2027,Isaiah Leilua,LB,3-star,Washington Huskies,2026-03-10,2026-05-18,0.0363,,,0,0,0,69,212,0.88,46148664,https://247sports.com/player/isaiah-leilua-46148664/high-school-312717/
2027,Kenneth Simon II,LB,4-star,Alabama Crimson Tide,2026-05-11,2026-05-18,0.0361,,,0,0,0,7,212,0.9407,46155530,https://247sports.com/player/kenneth-simon-ii-46155530/high-school-341758/
2027,Jesiah Fields,DL,3-star,Louisville Cardinals,2026-05-18,2026-05-18,0.0359,,,0,0,0,0,212,0.8811,46155882,https://247sports.com/player/jesiah-fields-46155882/high-school-329923/
2027,Jabarri Lofton,S,3-star,Missouri Tigers,2026-03-07,2026-05-18,0.0359,1 official visit(s) elsewhere since committing,Illinois,1,0,0,72,212,0.87,46159927,https://247sports.com/player/jabarri-lofton-46159927/high-school-339653/
2027,Mason Wilt,IOL,4-star,Ohio State Buckeyes,2025-11-02,2026-05-18,0.0359,,,0,0,0,197,212,0.8986,46152255,https://247sports.com/player/mason-wilt-46152255/high-school-321832/
2027,Reece Mallinger,IOL,3-star,Wisconsin Badgers,2026-04-01,2026-05-18,0.0359,,,0,0,0,47,212,0.8711,46159433,https://247sports.com/player/reece-mallinger-46159433/high-school-338918/
2027,Kase Betz,WR,3-star,Montana State Bobcats,2026-04-02,2026-05-18,0.0359,,,0,0,0,46,212,0.83,46152918,https://247sports.com/player/kase-betz-46152918/high-school-322841/
2027,Cameron Wagner,OT,4-star,Oregon Ducks,2026-05-11,2026-05-18,0.0358,,,0,0,0,7,212,0.9,46148737,https://247sports.com/player/cameron-wagner-46148737/high-school-312872/
2027,Weston Nielsen,QB,4-star,Arizona State Sun Devils,2025-12-13,2026-05-18,0.0356,1 power offer(s) since committing; officially visited his committed school (stabilizing),,0,0,1,156,212,0.8911,46144165,https://247sports.com/player/weston-nielsen-46144165/high-school-302376/
2027,Pole Moala,S,4-star,UCLA Bruins,2026-04-12,2026-05-18,0.0355,rated well above this program's usual recruit; officially visited his committed school (stabilizing),,0,0,0,36,212,0.9292,46154623,https://247sports.com/player/pole-moala-46154623/high-school-327527/
2027,Marquis Bryant,S,4-star,Kentucky Wildcats,2026-04-29,2026-05-18,0.0354,has decommitted before,,0,0,0,19,212,0.89,46148086,https://247sports.com/player/marquis-bryant-46148086/high-school-310938/
2027,William Wood,QB,3-star,Penn State Nittany Lions,2026-05-15,2026-05-18,0.0353,,,0,0,0,3,212,0.8867,46157474,https://247sports.com/player/william-wood-46157474/high-school-335469/
2027,Grant Adloff,IOL,3-star,Michigan State Spartans,2026-01-31,2026-05-18,0.0353,,,0,0,0,107,212,0.875,46155708,https://247sports.com/player/grant-adloff-46155708/high-school-329640/
2027,Taven Epps,LB,4-star,Oklahoma Sooners,2026-01-10,2026-05-18,0.0353,rated well above this program's usual recruit; has decommitted before,,0,0,0,128,212,0.9532,46146822,https://247sports.com/player/taven-epps-46146822/high-school-308205/
2027,David Tarawallie,OT,4-star,Penn State Nittany Lions,2026-05-07,2026-05-18,0.0353,,,0,0,0,11,212,0.9034,46165876,https://247sports.com/player/david-tarawallie-46165876/high-school-357208/
2027,Wyatt Liebentritt,S,3-star,Minnesota Golden Gophers,2026-05-01,2026-05-18,0.0353,,,0,0,0,17,212,0.875,46161143,https://247sports.com/player/wyatt-liebentritt-46161143/high-school-343968/
2027,Kindrid Outland,DL,3-star,South Florida Bulls,2026-05-04,2026-05-18,0.0351,,,0,0,0,14,212,0.86,46155402,https://247sports.com/player/kindrid-outland-46155402/high-school-329064/
2027,Trey Wimbley,WR,4-star,Clemson Tigers,2025-12-04,2026-05-18,0.0348,,,0,0,0,165,212,0.9043,46158664,https://247sports.com/player/trey-wimbley-46158664/high-school-337751/
2027,RJ Gory,WR,3-star,Northern Arizona Lumberjacks,2026-04-10,2026-05-18,0.0347,,,0,0,0,38,212,0.82,46159731,https://247sports.com/player/rj-gory-46159731/high-school-352133/
2027,Carsten Campbell,IOL,3-star,Fresno State Bulldogs,2026-04-21,2026-05-18,0.0347,,,0,0,0,27,212,0.84,46156358,https://247sports.com/player/carsten-campbell-46156358/high-school-331270/
2027,Christian Chancellor Jr.,CB,3-star,Clemson Tigers,2025-07-25,2026-05-18,0.0345,,,0,0,0,297,212,0.8711,90720,https://247sports.com/player/christian-chancellor-jr-90720/high-school-174249/
2027,Roscoe Hayes,WR,3-star,West Virginia Mountaineers,2026-03-13,2026-05-18,0.0344,1 power offer(s) since committing,,0,0,1,66,212,0.86,46147294,https://247sports.com/player/roscoe-hayes-46147294/high-school-308951/
2027,Kyler Van Maanen,LB,3-star,Iowa Hawkeyes,2026-05-05,2026-05-18,0.0344,,,0,0,0,13,212,0.855,46164761,https://247sports.com/player/kyler-van-maanen-46164761/high-school-351865/
2027,Rilee Drew,CB,3-star,Wake Forest Demon Deacons,2026-04-17,2026-05-18,0.0342,,,0,0,0,31,212,0.85,46150244,https://247sports.com/player/rilee-drew-46150244/high-school-315689/
2027,Caden Gutzmer,QB,3-star,North Dakota Fighting Hawks,2026-04-07,2026-05-18,0.0341,rated well above this program's usual recruit,,0,0,0,41,212,0.865,46150824,https://247sports.com/player/caden-gutzmer-46150824/high-school-316616/
2027,Mikel Stephen,RB,3-star,Duke Blue Devils,2026-04-16,2026-05-18,0.0341,,,0,0,0,32,212,0.8644,46151588,https://247sports.com/player/mikel-stephen-46151588/high-school-318017/
2027,Garyon Hobbs,ATH,3-star,Indiana Hoosiers,2026-01-10,2026-05-18,0.0341,1 power offer(s) since committing; officially visited his committed school (stabilizing),,0,0,1,128,212,0.8833,46145024,https://247sports.com/player/garyon-hobbs-46145024/high-school-349013/
2027,Mamadee Sangaray,LB,3-star,Boston College Eagles,2026-05-18,2026-05-18,0.0341,,,0,0,0,0,212,0.86,46161606,https://247sports.com/player/mamadee-sangaray-46161606/high-school-344967/
2027,Jaxon Elston,IOL,3-star,South Carolina Gamecocks,2026-05-10,2026-05-18,0.0331,,,0,0,0,8,212,0.855,46159470,https://247sports.com/player/jaxon-elston-46159470/high-school-338992/
2027,Will Lynch,IOL,3-star,Colorado State Rams,2026-05-07,2026-05-18,0.0331,,,0,0,0,11,212,0.84,46144737,https://247sports.com/player/will-lynch-46144737/high-school-303662/
2027,Matt Williams,CB,3-star,Vanderbilt Commodores,2026-04-20,2026-05-18,0.033,1 official visit(s) elsewhere since committing; visited elsewhere in the last 30 days,Nc State,1,0,0,28,212,0.885,46150248,https://247sports.com/player/matt-williams-46150248/high-school-315697/
2027,Kaeden Scott,OT,4-star,Texas A&M Aggies,2026-01-18,2026-05-18,0.033,2 higher-rated commits at his position,,0,0,0,120,212,0.9295,46146544,https://247sports.com/player/kaeden-scott-46146544/high-school-307755/
2027,Henry Frazier,IOL,3-star,Arkansas Razorbacks,2026-04-12,2026-05-18,0.033,,,0,0,0,36,212,0.85,46165568,https://247sports.com/player/henry-frazier-46165568/high-school-355641/
2027,Kesean Bowman,WR,4-star,Tennessee Volunteers,2026-03-28,2026-05-18,0.0327,rated well above this program's usual recruit; has decommitted before,,0,0,0,51,212,0.9768,46147214,https://247sports.com/player/kesean-bowman-46147214/high-school-308812/
2027,Ryan Harrington,QB,3-star,Washington State Cougars,2026-04-30,2026-05-18,0.0322,,,0,0,0,18,212,0.835,46160162,https://247sports.com/player/ryan-harrington-46160162/high-school-340008/
2027,Mason McDermott,OT,4-star,Indiana Hoosiers,2026-05-17,2026-05-18,0.0318,rated well above this program's usual recruit,,0,0,0,1,212,0.9061,46154754,https://247sports.com/player/mason-mcdermott-46154754/high-school-327920/
2027,Jonah Mailei,RB,3-star,Utah Utes,2026-05-12,2026-05-18,0.0318,,,0,0,0,6,212,0.86,46162441,https://247sports.com/player/jonah-mailei-46162441/high-school-346598/
2027,Trent Buttles,S,3-star,Rutgers Scarlet Knights,2026-04-10,2026-05-18,0.0317,,,0,0,0,38,212,0.87,46161176,https://247sports.com/player/trent-buttles-46161176/high-school-344300/
2027,Demarcus Brown,WR,4-star,Virginia Tech Hokies,2026-05-03,2026-05-18,0.0316,,,0,0,0,15,212,0.8911,46158622,https://247sports.com/player/demarcus-brown-46158622/high-school-337694/
2027,Kenny Fairley,DL,3-star,Colorado Buffaloes,2026-04-24,2026-05-18,0.0313,,,0,0,0,24,212,0.87,46164146,https://247sports.com/player/kenny-fairley-46164146/high-school-350527/
2027,Caleb Camping,TE,3-star,Arizona State Sun Devils,2026-03-30,2026-05-18,0.031,officially visited his committed school (stabilizing),,0,0,0,49,212,0.87,46160665,https://247sports.com/player/caleb-camping-46160665/high-school-341589/
2027,Jaden Upshaw,WR,5-star,Texas A&M Aggies,2026-04-15,2026-05-18,0.031,rated well above this program's usual recruit,,0,0,0,33,212,0.9813,46148432,https://247sports.com/player/jaden-upshaw-46148432/high-school-311924/
2027,Chukwuma Odoh,RB,3-star,Penn State Nittany Lions,2026-05-14,2026-05-18,0.031,,,0,0,0,4,212,0.875,46158167,https://247sports.com/player/chukwuma-odoh-46158167/high-school-337031/
2027,Chase Johnson,CB,4-star,Virginia Tech Hokies,2026-05-07,2026-05-18,0.0309,,,0,0,0,11,212,0.8967,46151739,https://247sports.com/player/chase-johnson-46151739/high-school-318996/
2027,Karece Hoyt,ATH,4-star,Baylor Bears,2025-10-11,2026-05-18,0.0304,4 power offer(s) since committing,,0,0,4,219,212,0.9024,46144142,https://247sports.com/player/karece-hoyt-46144142/high-school-302338/
2027,Gary Chatman Jr.,QB,3-star,Auburn Tigers,2026-05-09,2026-05-18,0.0303,has decommitted before,,0,0,0,9,212,0.86,46165849,https://247sports.com/player/gary-chatman-jr-46165849/high-school-357125/
2027,Keaton Wollan,LB,3-star,Wisconsin Badgers,2026-05-13,2026-05-18,0.0303,,,0,0,0,5,212,0.87,46165223,https://247sports.com/player/keaton-wollan-46165223/high-school-354708/
2027,Amare Nugent,CB,4-star,Florida Gators,2026-01-24,2026-05-18,0.0303,3 power offer(s) since committing,,0,0,3,114,212,0.9247,46154654,https://247sports.com/player/amare-nugent-46154654/high-school-327586/
2027,Joseph Hamer,OT,3-star,Minnesota Golden Gophers,2026-05-09,2026-05-18,0.0303,,,0,0,0,9,212,0.865,46158419,https://247sports.com/player/joseph-hamer-46158419/high-school-337443/
2027,Anthony Sweeney,Edge,5-star,Texas Tech Red Raiders,2026-04-13,2026-05-18,0.0301,rated well above this program's usual recruit,,0,0,0,35,212,0.9883,46149177,https://247sports.com/player/anthony-sweeney-46149177/high-school-313907/
2027,Luke Burger,OT,3-star,Vanderbilt Commodores,2026-05-16,2026-05-18,0.03,,,0,0,0,2,212,0.86,46165425,https://247sports.com/player/luke-burger-46165425/high-school-355395/
2027,Kaden McCarty,Edge,4-star,Texas A&M Aggies,2025-12-08,2026-05-18,0.03,2 power offer(s) since committing,,0,0,2,161,212,0.9283,46145112,https://247sports.com/player/kaden-mccarty-46145112/high-school-304255/
2027,Ty Ashley,LB,3-star,Kentucky Wildcats,2026-03-12,2026-05-18,0.03,,,0,0,0,67,212,0.8789,46159264,https://247sports.com/player/ty-ashley-46159264/high-school-338688/
2027,Ja'Hyde Brown,WR,4-star,Louisville Cardinals,2026-03-30,2026-05-18,0.03,has decommitted before,,0,0,0,49,212,0.9105,46147494,https://247sports.com/player/jahyde-brown-46147494/high-school-309207/
2027,Abram Eisenhower,OT,3-star,Georgia Bulldogs,2026-04-04,2026-05-18,0.03,1 official visit(s) elsewhere since committing; visited elsewhere in the last 30 days; 3 other decommits from this school in 60 days,South Carolina,1,0,0,44,212,0.8822,46148984,https://247sports.com/player/abram-eisenhower-46148984/high-school-313356/
2027,Iveon Lewis,WR,4-star,Kentucky Wildcats,2026-05-09,2026-05-18,0.03,,,0,0,0,9,212,0.9015,46147135,https://247sports.com/player/iveon-lewis-46147135/high-school-308698/
2027,Will Slagle,IOL,4-star,Iowa State Cyclones,2026-04-17,2026-05-18,0.03,has decommitted before,,0,0,0,31,212,0.8911,46151966,https://247sports.com/player/will-slagle-46151966/high-school-321229/
2027,Donte Wright,CB,5-star,Miami Hurricanes,2026-05-09,2026-05-18,0.0298,rated well above this program's usual recruit,,0,0,0,9,212,0.9945,46147050,https://247sports.com/player/donte-wright-46147050/high-school-308579/
2027,Xavier Ratica,TE,3-star,Louisville Cardinals,2026-03-18,2026-05-18,0.0298,1 power offer(s) since committing,,0,0,1,61,212,0.8578,46150797,https://247sports.com/player/xavier-ratica-46150797/high-school-316573/
2027,Taylor Daniels,S,3-star,Minnesota Golden Gophers,2026-05-16,2026-05-18,0.0297,,,0,0,0,2,212,0.885,46148093,https://247sports.com/player/taylor-daniels-46148093/high-school-310958/
2027,Cooper Hackett,OT,5-star,Oklahoma Sooners,2025-09-25,2026-05-18,0.0295,rated well above this program's usual recruit,,0,0,0,235,212,0.9813,46156728,https://247sports.com/player/cooper-hackett-46156728/high-school-332344/
2027,David Mack,WR,3-star,Minnesota Golden Gophers,2026-03-03,2026-05-18,0.0291,,,0,0,0,76,212,0.8733,46154535,https://247sports.com/player/david-mack-46154535/high-school-327346/
2027,Sean Rice,LB,3-star,Illinois Fighting Illini,2026-05-15,2026-05-18,0.0288,,,0,0,0,3,212,0.87,46162165,https://247sports.com/player/sean-rice-46162165/high-school-346240/
2027,Hunter Mallinger,IOL,4-star,Wisconsin Badgers,2026-04-01,2026-05-18,0.0287,,,0,0,0,47,212,0.8928,46158059,https://247sports.com/player/hunter-mallinger-46158059/high-school-336839/
2027,Jon Sassic,IOL,3-star,Penn State Nittany Lions,2026-04-19,2026-05-18,0.0285,1 official visit(s) elsewhere since committing; visited elsewhere in the last 30 days,Nc State,1,0,0,29,212,0.86,46159197,https://247sports.com/player/jon-sassic-46159197/high-school-338576/
2027,Peter Bourque,QB,4-star,Virginia Tech Hokies,2026-05-14,2026-05-18,0.0284,rated well above this program's usual recruit; has decommitted before,,0,0,0,4,212,0.9643,46149965,https://247sports.com/player/peter-bourque-46149965/high-school-315181/
2027,Ka'ron Ceaser,ATH,3-star,Penn State Nittany Lions,2026-04-01,2026-05-18,0.0278,,,0,0,0,47,212,0.87,46150557,https://247sports.com/player/karon-ceaser-46150557/high-school-342131/
2027,Allen Evans,CB,4-star,Louisville Cardinals,2026-01-10,2026-05-18,0.0278,rated well above this program's usual recruit,,0,0,0,128,212,0.9388,46150051,https://247sports.com/player/allen-evans-46150051/high-school-315297/
2027,Tate Wallace,LB,4-star,Minnesota Golden Gophers,2026-05-10,2026-05-18,0.0275,,,0,0,0,8,212,0.8978,46144698,https://247sports.com/player/tate-wallace-46144698/high-school-303595/
2027,Cameron Kruse,QB,3-star,Kansas State Wildcats,2026-04-28,2026-05-18,0.0272,,,0,0,0,20,212,0.88,46162966,https://247sports.com/player/cameron-kruse-46162966/high-school-347498/
2027,Sean Tatum,IOL,4-star,Miami Hurricanes,2026-04-10,2026-05-18,0.0269,,,0,0,0,38,212,0.9381,46146512,https://247sports.com/player/sean-tatum-46146512/high-school-307687/
2027,Zac Fares,TE,4-star,UCLA Bruins,2026-04-11,2026-05-18,0.0265,,,0,0,0,37,212,0.8933,46149288,https://247sports.com/player/zac-fares-46149288/high-school-314146/
2027,Mikey Barth,K,3-star,Arizona State Sun Devils,2026-03-31,2026-05-18,0.0261,officially visited his committed school (stabilizing),,0,0,0,48,212,0.81,46162759,https://247sports.com/player/mikey-barth-46162759/high-school-347158/
2027,Cael Thigpen,Edge,3-star,Houston Cougars,2026-03-28,2026-05-18,0.0261,,,0,0,0,51,212,0.845,46159176,https://247sports.com/player/cael-thigpen-46159176/high-school-338528/
2027,Ryan Wooten,CB,3-star,BYU Cougars,2026-05-03,2026-05-18,0.0259,,,0,0,0,15,212,0.88,46150316,https://247sports.com/player/ryan-wooten-46150316/high-school-315790/
2027,Kellen Wymer,IOL,4-star,Ohio State Buckeyes,2025-11-02,2026-05-18,0.0259,,,0,0,0,197,212,0.9651,46157139,https://247sports.com/player/kellen-wymer-46157139/high-school-334481/
2027,Jalen Brewster,DL,5-star,Texas Tech Red Raiders,2025-10-04,2026-05-18,0.0257,1 official visit(s) elsewhere since committing; visited elsewhere in the last 30 days; rated well above this program's usual recruit,"Florida, Indiana",1,2,0,226,212,0.9995,46145095,https://247sports.com/player/jalen-brewster-46145095/high-school-304236/
2027,Emmett Queen,QB,3-star,Wake Forest Demon Deacons,2026-03-23,2026-05-18,0.0253,,,0,0,0,56,212,0.855,46147781,https://247sports.com/player/emmett-queen-46147781/high-school-309975/
2027,Corey Hadley Jr.,S,4-star,Nebraska Cornhuskers,2026-04-26,2026-05-18,0.0249,rated well above this program's usual recruit,,0,0,0,22,212,0.9423,46148607,https://247sports.com/player/corey-hadley-jr-46148607/high-school-312603/
2027,SaRod Baker,RB,4-star,Texas Tech Red Raiders,2026-04-27,2026-05-18,0.0249,rated well above this program's usual recruit,,0,0,0,21,212,0.9544,46158129,https://247sports.com/player/sarod-baker-46158129/high-school-336981/
2027,Tyson Ross,IOL,3-star,Oklahoma Sooners,2026-03-07,2026-05-18,0.0247,2 higher-rated commits at his position,,0,0,0,72,212,0.8756,46161904,https://247sports.com/player/tyson-ross-46161904/high-school-345420/
2027,Duvay Williams,CB,4-star,California Golden Bears,2026-05-06,2026-05-18,0.0247,rated well above this program's usual recruit,,0,0,0,12,212,0.9115,46142570,https://247sports.com/player/duvay-williams-46142570/high-school-298441/
2027,Ethan McIntosh,OT,3-star,Wisconsin Badgers,2025-11-12,2026-05-18,0.0245,,,0,0,0,187,212,0.8733,46158692,https://247sports.com/player/ethan-mcintosh-46158692/high-school-337781/
2027,Myels Smith,DL,4-star,Texas A&M Aggies,2025-12-20,2026-05-18,0.0241,rated well above this program's usual recruit,,0,0,0,149,212,0.9786,46153654,https://247sports.com/player/myels-smith-46153654/high-school-324839/
2027,Kemon Spell,RB,5-star,Georgia Bulldogs,2026-02-02,2026-05-18,0.0241,3 other decommits from this school in 60 days; rated well above this program's usual recruit; has decommitted before,,0,0,0,105,212,0.9968,46144644,https://247sports.com/player/kemon-spell-46144644/high-school-303391/
2027,Peyton Houston,QB,4-star,LSU Tigers,2025-09-15,2026-05-18,0.024,rated well above this program's usual recruit,,0,0,0,245,212,0.9612,46135085,https://247sports.com/player/peyton-houston-46135085/high-school-283370/
2027,Logan Steele,ATH,3-star,Wake Forest Demon Deacons,2026-04-08,2026-05-18,0.0237,,,0,0,0,40,212,0.875,46151677,https://247sports.com/player/logan-steele-46151677/high-school-318333/
2027,Jaiden Bryant,Edge,5-star,LSU Tigers,2026-01-03,2026-05-18,0.0236,rated well above this program's usual recruit,,0,0,0,135,212,0.9902,46149624,https://247sports.com/player/jaiden-bryant-46149624/high-school-314690/
2027,Josiah Pouncy,LB,3-star,Louisville Cardinals,2026-02-07,2026-05-18,0.0231,2 power offer(s) since committing,,0,0,2,100,212,0.8822,46154601,https://247sports.com/player/josiah-pouncy-46154601/high-school-327482/
2027,Cade Haug,LB,3-star,Texas Longhorns,2026-02-02,2026-05-18,0.0229,,,0,0,0,105,212,0.8822,46145106,https://247sports.com/player/cade-haug-46145106/high-school-304248/
2027,Reilly Newman,IOL,4-star,Iowa Hawkeyes,2026-03-30,2026-05-18,0.0228,,,0,0,0,49,212,0.8913,46154860,https://247sports.com/player/reilly-newman-46154860/high-school-328145/
2027,Brylan Oduor,WR,4-star,Auburn Tigers,2026-05-02,2026-05-18,0.0225,1 official visit(s) elsewhere since committing; visited elsewhere in the last 30 days,Indiana,1,0,0,16,212,0.8911,46158916,https://247sports.com/player/brylan-oduor-46158916/high-school-338111/
2027,Jake Thies,S,3-star,Iowa Hawkeyes,2026-03-28,2026-05-18,0.0224,2 official visit(s) elsewhere since committing; visited elsewhere in the last 30 days,"Illinois, Northwestern",2,0,0,51,212,0.885,46154011,https://247sports.com/player/jake-thies-46154011/high-school-325670/
2027,Joseph Buchanan,DL,4-star,Virginia Tech Hokies,2026-04-16,2026-05-18,0.0222,,,0,0,0,32,212,0.906,46152586,https://247sports.com/player/joseph-buchanan-46152586/high-school-322340/
2027,Josiah Poyer,LB,3-star,USC Trojans,2026-03-29,2026-05-18,0.0219,,,0,0,0,50,212,0.8733,46157985,https://247sports.com/player/josiah-poyer-46157985/high-school-336630/
2027,Dawayne Jones,DL,3-star,Kansas State Wildcats,2026-04-28,2026-05-18,0.0219,has decommitted before,,0,0,0,20,212,0.885,46147331,https://247sports.com/player/dawayne-jones-46147331/high-school-309003/
2027,George Toia,DL,4-star,UCLA Bruins,2026-04-30,2026-05-18,0.0216,rated well above this program's usual recruit; officially visited his committed school (stabilizing),,0,0,0,18,212,0.942,46147998,https://247sports.com/player/george-toia-46147998/high-school-344442/
2027,Jeremy Adeyanju,RB,4-star,Washington Huskies,2026-03-15,2026-05-18,0.0215,,,0,0,0,64,212,0.901,46162240,https://247sports.com/player/jeremy-adeyanju-46162240/high-school-346340/
2027,Brayden Tyson,ATH,4-star,South Carolina Gamecocks,2026-05-15,2026-05-18,0.0214,,,0,0,0,3,212,0.8983,46141748,https://247sports.com/player/brayden-tyson-46141748/high-school-296856/
2027,Ah'Mari Stevens,WR,4-star,LSU Tigers,2026-04-17,2026-05-18,0.021,,,0,0,0,31,212,0.9001,46145571,https://247sports.com/player/ahmari-stevens-46145571/high-school-327626/
2027,Zerek Sidney,WR,3-star,Washington Huskies,2026-01-29,2026-05-18,0.0207,,,0,0,0,109,212,0.8778,46153693,https://247sports.com/player/zerek-sidney-46153693/high-school-324888/
2027,Trey Haralson,WR,4-star,SMU Mustangs,2026-04-11,2026-05-18,0.0207,rated well above this program's usual recruit,,0,0,0,37,212,0.9174,46144141,https://247sports.com/player/trey-haralson-46144141/high-school-302337/
2027,Aaryn Washington,CB,4-star,USC Trojans,2026-01-10,2026-05-18,0.0206,,,0,0,0,128,212,0.951,46141493,https://247sports.com/player/aaryn-washington-46141493/high-school-349684/
2027,Kamarui Dorsey,S,5-star,Texas A&M Aggies,2025-11-01,2026-05-18,0.0206,rated well above this program's usual recruit,,0,0,0,198,212,0.9916,46153198,https://247sports.com/player/kamarui-dorsey-46153198/high-school-324024/
2027,Jake Nawrot,QB,4-star,Kentucky Wildcats,2026-04-12,2026-05-18,0.0206,rated well above this program's usual recruit,,0,0,0,36,212,0.9752,46154682,https://247sports.com/player/jake-nawrot-46154682/high-school-327661/
2027,Gavin Williams,S,4-star,USC Trojans,2026-05-17,2026-05-18,0.0206,,,0,0,0,1,212,0.9337,46150907,https://247sports.com/player/gavin-williams-46150907/high-school-316767/
2027,Ezekiel Ayangbile,DL,4-star,Miami Hurricanes,2026-05-08,2026-05-18,0.0201,,,0,0,0,10,212,0.93,46146266,https://247sports.com/player/ezekiel-ayangbile-46146266/high-school-306942/
2027,Bryce Kish,LB,4-star,Clemson Tigers,2026-03-08,2026-05-18,0.0201,1 official visit(s) elsewhere since committing,Purdue,1,0,0,71,212,0.9323,46153145,https://247sports.com/player/bryce-kish-46153145/high-school-323946/
2027,Judah Lancaster,TE,3-star,South Carolina Gamecocks,2026-05-01,2026-05-18,0.0199,,,0,0,0,17,212,0.8744,46145705,https://247sports.com/player/judah-lancaster-46145705/high-school-317356/
2027,Semaj Stanford,S,4-star,Oregon Ducks,2026-04-23,2026-05-18,0.0198,rated well above this program's usual recruit,,0,0,0,25,212,0.9617,46146499,https://247sports.com/player/semaj-stanford-46146499/high-school-341055/
2027,Anthony Roberts,WR,3-star,Virginia Tech Hokies,2026-04-25,2026-05-18,0.0197,1 official visit(s) elsewhere since committing; visited elsewhere in the last 30 days,Nc State,1,0,0,23,212,0.8891,46151283,https://247sports.com/player/anthony-roberts-46151283/high-school-317385/
2027,Justin Ortiz,OT,3-star,Fresno State Bulldogs,2026-01-30,2026-05-18,0.0197,,,0,0,0,108,212,0.84,46154070,https://247sports.com/player/justin-ortiz-46154070/high-school-325857/
2027,DJ Jacobs,Edge,5-star,Ohio State Buckeyes,2025-12-29,2026-05-18,0.0196,rated well above this program's usual recruit,,0,0,0,140,212,0.9986,46150239,https://247sports.com/player/dj-jacobs-46150239/high-school-315684/
2027,Isaac Coughran,IOL,3-star,Oklahoma Sooners,2026-03-31,2026-05-18,0.0193,,,0,0,0,48,212,0.8822,46143928,https://247sports.com/player/isaac-coughran-46143928/high-school-302063/
2027,Elijah Haven,QB,5-star,Alabama Crimson Tide,2026-04-25,2026-05-18,0.0189,rated well above this program's usual recruit,,0,0,0,23,212,0.9876,46144331,https://247sports.com/player/elijah-haven-46144331/high-school-302584/
2027,Lathan Whisenton,RB,4-star,Notre Dame Fighting Irish,2026-03-25,2026-05-18,0.0188,1 official visit(s) elsewhere since committing; visited elsewhere in the last 30 days,Smu Mustangs,1,0,0,54,212,0.9361,46142921,https://247sports.com/player/lathan-whisenton-46142921/high-school-299011/
2027,Julian Caldwell,WR,4-star,Texas Tech Red Raiders,2026-05-09,2026-05-18,0.0185,rated well above this program's usual recruit,,0,0,0,9,212,0.9528,46151294,https://247sports.com/player/julian-caldwell-46151294/high-school-317398/
2027,Quinterrius Gipson,RB,4-star,Georgia Tech Yellow Jackets,2026-05-01,2026-05-18,0.0183,,,0,0,0,17,212,0.9083,46144461,https://247sports.com/player/quinterrius-gipson-46144461/high-school-303038/
2027,Jaxon Dollar,TE,5-star,Georgia Bulldogs,2026-04-30,2026-05-18,0.0183,3 other decommits from this school in 60 days; rated well above this program's usual recruit,,0,0,0,18,212,0.9855,46156822,https://247sports.com/player/jaxon-dollar-46156822/high-school-332969/
2027,Ryan Massie-Cable,IOL,3-star,Cincinnati Bearcats,2026-01-17,2026-05-18,0.0183,,,0,0,0,121,212,0.865,46161234,https://247sports.com/player/ryan-massie-cable-46161234/high-school-344378/
2027,Munir Lewis,Edge,3-star,Louisville Cardinals,2026-04-22,2026-05-18,0.0183,,,0,0,0,26,212,0.88,46161980,https://247sports.com/player/munir-lewis-46161980/high-school-345844/
2027,Joe Vinyard,TE,3-star,Iowa State Cyclones,2026-05-02,2026-05-18,0.0183,,,0,0,0,16,212,0.845,46159469,https://247sports.com/player/joe-vinyard-46159469/high-school-338990/
2027,Victor Scott,RB,4-star,North Texas Mean Green,2026-05-12,2026-05-18,0.0183,rated well above this program's usual recruit,,0,0,0,6,212,0.8943,46145117,https://247sports.com/player/victor-scott-46145117/high-school-304260/
2027,Austin Busso,WR,3-star,South Florida Bulls,2026-05-04,2026-05-18,0.018,,,0,0,0,14,212,0.865,46146367,https://247sports.com/player/austin-busso-46146367/high-school-307361/
2027,Cole Reiter,OT,4-star,Wisconsin Badgers,2026-03-26,2026-05-18,0.018,rated well above this program's usual recruit,,0,0,0,53,212,0.929,46150737,https://247sports.com/player/cole-reiter-46150737/high-school-316487/
2027,Brandon Leavell,ATH,3-star,Tennessee Volunteers,2026-05-18,2026-05-18,0.0179,,,0,0,0,0,212,0.885,46164965,https://247sports.com/player/brandon-leavell-46164965/high-school-352545/
2027,Keysan Taylor,Edge,4-star,Ole Miss Rebels,2026-04-18,2026-05-18,0.0178,1 official visit(s) elsewhere since committing; visited elsewhere in the last 30 days,Indiana,1,0,0,30,212,0.901,46159687,https://247sports.com/player/keysan-taylor-46159687/high-school-339258/
2027,Eli Johnson,S,4-star,Ohio State Buckeyes,2025-11-15,2026-05-18,0.0178,1 power offer(s) since committing,,0,0,1,184,212,0.9241,46147058,https://247sports.com/player/eli-johnson-46147058/high-school-308588/
2027,Demare Dezeurn,WR,4-star,Oklahoma Sooners,2025-09-09,2026-05-18,0.0178,,,0,0,0,251,212,0.9379,46149635,https://247sports.com/player/demare-dezeurn-46149635/high-school-314708/
2027,Tristan Willis,RB,3-star,Georgia Tech Yellow Jackets,2026-05-01,2026-05-18,0.0178,,,0,0,0,17,212,0.88,46153677,https://247sports.com/player/tristan-willis-46153677/high-school-324869/
2027,Gus Corsair,IOL,4-star,Oregon Ducks,2026-05-07,2026-05-18,0.0176,,,0,0,0,11,212,0.9071,46150698,https://247sports.com/player/gus-corsair-46150698/high-school-316427/
2027,Landon Blum,WR,4-star,Penn State Nittany Lions,2026-04-04,2026-05-18,0.0175,,,0,0,0,44,212,0.9062,46149188,https://247sports.com/player/landon-blum-46149188/high-school-313933/
2027,Cain Van Norden,DL,3-star,Florida Gators,2026-05-15,2026-05-18,0.0174,,,0,0,0,3,212,0.875,46161949,https://247sports.com/player/cain-van-norden-46161949/high-school-345700/
2027,Conrad Hart,TE,3-star,Kentucky Wildcats,2026-04-24,2026-05-18,0.0173,,,0,0,0,24,212,0.86,46164679,https://247sports.com/player/conrad-hart-46164679/high-school-351687/
2027,RJ Day,QB,3-star,Northwestern Wildcats,2026-05-10,2026-05-18,0.0169,,,0,0,0,8,212,0.84,46146897,https://247sports.com/player/rj-day-46146897/high-school-308387/
2027,Kelvin Morrison,RB,3-star,Virginia Tech Hokies,2026-04-23,2026-05-18,0.0166,,,0,0,0,25,212,0.8822,46157177,https://247sports.com/player/kelvin-morrison-46157177/high-school-334621/
2027,Jayden Travers,DL,3-star,Nebraska Cornhuskers,2025-12-10,2026-05-18,0.0164,,,0,0,0,159,212,0.8756,46155240,https://247sports.com/player/jayden-travers-46155240/high-school-328797/
2027,Stevan Thornton III,Edge,3-star,Alabama Crimson Tide,2026-04-21,2026-05-18,0.0163,1 power offer(s) since committing,,0,0,1,27,212,0.87,46164070,https://247sports.com/player/stevan-thornton-iii-46164070/high-school-350432/
2027,Savoy Guidry,S,3-star,Stanford Cardinal,2026-05-09,2026-05-18,0.0163,,,0,0,0,9,212,0.87,46157640,https://247sports.com/player/savoy-guidry-46157640/high-school-335868/
2027,Mark Matthews,OT,5-star,Texas A&M Aggies,2026-05-15,2026-05-18,0.0163,rated well above this program's usual recruit,,0,0,0,3,212,0.9984,46145576,https://247sports.com/player/mark-matthews-46145576/high-school-305414/
2027,Jaden Wuerth,DL,3-star,Clemson Tigers,2026-04-11,2026-05-18,0.0162,1 official visit(s) elsewhere since committing; visited elsewhere in the last 30 days,Nc State,1,0,0,37,212,0.8867,46149710,https://247sports.com/player/jaden-wuerth-46149710/high-school-314795/
2027,Isaiah Phelps,LB,3-star,San Diego State Aztecs,2026-05-18,2026-05-18,0.0162,,,0,0,0,0,212,0.88,46145484,https://247sports.com/player/isaiah-phelps-46145484/high-school-305135/
2027,Maxwell Hiller,IOL,5-star,Florida Gators,2026-04-08,2026-05-18,0.0162,rated well above this program's usual recruit,,0,0,0,40,212,0.9989,46148811,https://247sports.com/player/maxwell-hiller-46148811/high-school-313028/
2027,Israel Abrams,QB,5-star,Miami Hurricanes,2026-04-03,2026-05-18,0.0162,rated well above this program's usual recruit,,0,0,0,45,212,0.984,46139676,https://247sports.com/player/israel-abrams-46139676/high-school-292860/
2027,Jonathan Galette,ATH,3-star,Penn State Nittany Lions,2026-04-18,2026-05-18,0.0162,,,0,0,0,30,212,0.8767,46143310,https://247sports.com/player/jonathan-galette-46143310/high-school-300209/
2027,Braylen Warren,QB,4-star,Missouri Tigers,2025-12-04,2026-05-18,0.0162,,,0,0,0,165,212,0.8938,46152790,https://247sports.com/player/braylen-warren-46152790/high-school-322625/
2027,JuJu Johnson,ATH,5-star,UCLA Bruins,2026-05-02,2026-05-18,0.0162,rated well above this program's usual recruit,,0,0,0,16,212,0.9804,46146860,https://247sports.com/player/juju-johnson-46146860/high-school-308270/
2027,Ty Knutson,QB,3-star,Texas Longhorns,2026-02-07,2026-05-18,0.0162,,,0,0,0,100,212,0.8822,46157568,https://247sports.com/player/ty-knutson-46157568/high-school-335774/
2027,Trent Seaborn,QB,4-star,Alabama Crimson Tide,2025-10-20,2026-05-18,0.0161,,,0,0,0,210,212,0.9077,46136488,https://247sports.com/player/trent-seaborn-46136488/high-school-286707/
2027,Zayden Gamble,S,4-star,Notre Dame Fighting Irish,2026-04-25,2026-05-18,0.0159,,,0,0,0,23,212,0.9386,46145579,https://247sports.com/player/zayden-gamble-46145579/high-school-305417/
2027,Jimmy Kalis,OT,4-star,Ohio State Buckeyes,2026-04-17,2026-05-18,0.0157,1 official visit(s) elsewhere since committing; visited elsewhere in the last 30 days,Georgia,1,0,0,31,212,0.9028,46150552,https://247sports.com/player/jimmy-kalis-46150552/high-school-316169/
2027,Andre Adams,QB,4-star,Colorado Buffaloes,2026-04-14,2026-05-18,0.0153,rated well above this program's usual recruit,,0,0,0,34,212,0.9282,46151463,https://247sports.com/player/andre-adams-46151463/high-school-317681/
2027,Tristin Hughes,ATH,4-star,Kentucky Wildcats,2026-04-18,2026-05-18,0.0153,has decommitted before,,0,0,0,30,212,0.8965,46158815,https://247sports.com/player/tristin-hughes-46158815/high-school-337942/
2027,Darion Moseley,WR,3-star,Arkansas Razorbacks,2026-05-02,2026-05-18,0.0148,,,0,0,0,16,212,0.8865,46149637,https://247sports.com/player/darion-moseley-46149637/high-school-314710/
2027,Mikyal Davis,CB,3-star,Oklahoma Sooners,2025-11-18,2026-05-18,0.0145,1 power offer(s) since committing,,0,0,1,181,212,0.8844,46149592,https://247sports.com/player/mikyal-davis-46149592/high-school-314650/
2027,Ty Keys,RB,4-star,Miami Hurricanes,2026-05-01,2026-05-18,0.0145,,,0,0,0,17,212,0.9223,46145046,https://247sports.com/player/ty-keys-46145046/high-school-304163/
2027,Jett Watson,CB,3-star,Boston College Eagles,2026-05-15,2026-05-18,0.0144,,,0,0,0,3,212,0.86,46149847,https://247sports.com/player/jett-watson-46149847/high-school-315032/
2027,David Hill,DL,3-star,Wisconsin Badgers,2026-05-01,2026-05-18,0.0143,,,0,0,0,17,212,0.8845,46154801,https://247sports.com/player/david-hill-46154801/high-school-328024/
2027,Luke Injaychock,IOL,3-star,Missouri Tigers,2026-05-01,2026-05-18,0.0142,,,0,0,0,17,212,0.87,46154262,https://247sports.com/player/luke-injaychock-46154262/high-school-326384/
2027,Myles Baker,S,4-star,California Golden Bears,2026-03-29,2026-05-18,0.0142,rated well above this program's usual recruit,,0,0,0,50,212,0.9156,46149978,https://247sports.com/player/myles-baker-46149978/high-school-315206/
2027,Braylon Calais,ATH,4-star,LSU Tigers,2026-04-20,2026-05-18,0.0142,,,0,0,0,28,212,0.9272,46147011,https://247sports.com/player/braylon-calais-46147011/high-school-308537/
2027,Rob Larson,WR,3-star,UCLA Bruins,2026-05-03,2026-05-18,0.0141,,,0,0,0,15,212,0.8811,46149565,https://247sports.com/player/rob-larson-46149565/high-school-314615/
2027,Carter Bonner,ATH,4-star,West Virginia Mountaineers,2026-04-27,2026-05-18,0.0141,,,0,0,0,21,212,0.8944,46143010,https://247sports.com/player/carter-bonner-46143010/high-school-299230/
2027,Antwon Sanders,RB,3-star,California Golden Bears,2026-04-11,2026-05-18,0.0139,,,0,0,0,37,212,0.86,46157633,https://247sports.com/player/antwon-sanders-46157633/high-school-335860/
2027,Temorris Campbell Jr.,LB,3-star,Georgia Bulldogs,2026-05-13,2026-05-18,0.0137,3 other decommits from this school in 60 days,,0,0,0,5,212,0.87,46158153,https://247sports.com/player/temorris-campbell-jr-46158153/high-school-337010/
2027,Wayne Shanks Jr.,RB,3-star,Arizona Wildcats,2026-05-15,2026-05-18,0.0137,,,0,0,0,3,212,0.8811,46145118,https://247sports.com/player/wayne-shanks-jr-46145118/high-school-304261/
2027,Trey Stewart,LB,3-star,Kansas Jayhawks,2026-05-03,2026-05-18,0.0134,,,0,0,0,15,212,0.865,46154916,https://247sports.com/player/trey-stewart-46154916/high-school-328245/
2027,Antayvious Ellis,WR,3-star,Nebraska Cornhuskers,2025-11-03,2026-05-18,0.0131,,,0,0,0,196,212,0.8778,46142374,https://247sports.com/player/antayvious-ellis-46142374/high-school-298143/
2027,Rashad Streets,Edge,5-star,Oregon Ducks,2026-04-03,2026-05-18,0.013,rated well above this program's usual recruit,,0,0,0,45,212,0.9824,46154888,https://247sports.com/player/rashad-streets-46154888/high-school-328182/
2027,Josiah Molden,CB,4-star,Oregon Ducks,2026-04-12,2026-05-18,0.0128,,,0,0,0,36,212,0.9159,46140791,https://247sports.com/player/josiah-molden-46140791/high-school-294780/
2027,Jack Frassetto,LB,3-star,Northwestern Wildcats,2026-05-12,2026-05-18,0.0128,,,0,0,0,6,212,0.86,46160596,https://247sports.com/player/jack-frassetto-46160596/high-school-341410/
2027,Zane Rowe,DL,4-star,Oregon Ducks,2026-03-13,2026-05-18,0.0124,has decommitted before,,0,0,0,66,212,0.9429,46139730,https://247sports.com/player/zane-rowe-46139730/high-school-292923/
2027,Ai'King Hall,CB,4-star,Miami Hurricanes,2026-05-17,2026-05-18,0.0124,rated well above this program's usual recruit,,0,0,0,1,212,0.9625,46162625,https://247sports.com/player/aiking-hall-46162625/high-school-346869/
2027,Kamden Lopati,QB,4-star,Michigan Wolverines,2026-04-15,2026-05-18,0.0123,rated well above this program's usual recruit; has decommitted before,,0,0,0,33,212,0.9456,46148735,https://247sports.com/player/kamden-lopati-46148735/high-school-312870/
2027,Amos Bradford,RB,3-star,Purdue Boilermakers,2026-04-12,2026-05-18,0.012,,,0,0,0,36,212,0.87,46152053,https://247sports.com/player/amos-bradford-46152053/high-school-321385/
2027,Kaleb Exume,DL,3-star,Louisville Cardinals,2026-04-19,2026-05-18,0.012,,,0,0,0,29,212,0.8722,46149458,https://247sports.com/player/kaleb-exume-46149458/high-school-314461/
2027,Branden Sharpe,WR,3-star,Indiana Hoosiers,2026-05-18,2026-05-18,0.0118,,,0,0,0,0,212,0.8888,46154499,https://247sports.com/player/branden-sharpe-46154499/high-school-327279/
2027,Lual Aleu,OT,3-star,Missouri Tigers,2026-03-09,2026-05-18,0.0118,,,0,0,0,70,212,0.8667,46148687,https://247sports.com/player/lual-aleu-46148687/high-school-312750/
2027,Will Clausen,IOL,3-star,Minnesota Golden Gophers,2026-04-19,2026-05-18,0.0118,,,0,0,0,29,212,0.86,46160871,https://247sports.com/player/will-clausen-46160871/high-school-342736/
2027,Kael Snyder,QB,3-star,Boise State Broncos,2025-10-19,2026-05-18,0.0118,,,0,0,0,211,212,0.8711,46150670,https://247sports.com/player/kael-snyder-46150670/high-school-316397/
2027,Jarrell Chandler,S,4-star,Clemson Tigers,2026-05-18,2026-05-18,0.0118,,,0,0,0,0,212,0.9144,46156727,https://247sports.com/player/jarrell-chandler-46156727/high-school-332341/
2027,Eli Woodard,WR,4-star,USC Trojans,2026-02-10,2026-05-18,0.0117,1 power offer(s) since committing; 2 higher-rated commits at his position,,0,0,1,97,212,0.9339,46154551,https://247sports.com/player/eli-woodard-46154551/high-school-327377/
2027,Drew Fielder,OT,4-star,USC Trojans,2026-03-28,2026-05-18,0.0117,,,0,0,0,51,212,0.9411,46158447,https://247sports.com/player/drew-fielder-46158447/high-school-337473/
2027,Carson White,QB,3-star,Oklahoma State Cowboys,2026-04-04,2026-05-18,0.0116,,,0,0,0,44,212,0.8889,46143662,https://247sports.com/player/carson-white-46143662/high-school-301659/
2027,Tommy Douglas,TE,4-star,Florida Gators,2026-04-16,2026-05-18,0.0116,,,0,0,0,32,212,0.89,46161374,https://247sports.com/player/tommy-douglas-46161374/high-school-344601/
2027,Jerry Meyer III,QB,3-star,South Carolina Gamecocks,2026-04-03,2026-05-18,0.0115,has decommitted before; officially visited his committed school (stabilizing),,0,0,0,45,212,0.8667,46150443,https://247sports.com/player/jerry-meyer-iii-46150443/high-school-315996/
2027,Jayce Brewer,Edge,4-star,Michigan Wolverines,2026-05-09,2026-05-18,0.0113,,,0,0,0,9,212,0.9008,46149423,https://247sports.com/player/jayce-brewer-46149423/high-school-314384/
2027,Brayden Santibanez,QB,3-star,Iowa Hawkeyes,2026-04-30,2026-05-18,0.0113,,,0,0,0,18,212,0.86,46165172,https://247sports.com/player/brayden-santibanez-46165172/high-school-353877/
2027,Jeremiah Dent,RB,3-star,Arkansas Razorbacks,2026-05-02,2026-05-18,0.0113,,,0,0,0,16,212,0.8767,46148899,https://247sports.com/player/jeremiah-dent-46148899/high-school-313179/
2027,Alifeleti Tuihalamaka,DL,4-star,USC Trojans,2026-05-02,2026-05-18,0.0113,,,0,0,0,16,212,0.9383,46149194,https://247sports.com/player/alifeleti-tuihalamaka-46149194/high-school-313943/
2027,Kareem Palmer,LB,4-star,Auburn Tigers,2026-05-17,2026-05-18,0.0113,,,0,0,0,1,212,0.89,46161160,https://247sports.com/player/kareem-palmer-46161160/high-school-344031/
2027,Grant Haviland,TE,4-star,Vanderbilt Commodores,2026-04-14,2026-05-18,0.0113,rated well above this program's usual recruit,,0,0,0,34,212,0.9121,46150826,https://247sports.com/player/grant-haviland-46150826/high-school-316618/
2027,Javien Robinson,WR,4-star,South Carolina Gamecocks,2026-05-12,2026-05-18,0.0113,,,0,0,0,6,212,0.8911,46141468,https://247sports.com/player/javien-robinson-46141468/high-school-296356/
2027,Darius Johnson,CB,4-star,Michigan Wolverines,2026-05-18,2026-05-18,0.0113,,,0,0,0,0,212,0.9041,46155021,https://247sports.com/player/darius-johnson-46155021/high-school-328408/
2027,Tanner Ehmen,TE,3-star,UCF Knights,2026-05-15,2026-05-18,0.0113,,,0,0,0,3,212,0.865,46159103,https://247sports.com/player/tanner-ehmen-46159103/high-school-338414/
2027,Jakari Lipsey,OT,4-star,Michigan Wolverines,2026-05-02,2026-05-18,0.0111,rated well above this program's usual recruit,,0,0,0,16,212,0.9517,46153079,https://247sports.com/player/jakari-lipsey-46153079/high-school-323504/
2027,Raylaun Henry,CB,5-star,Texas A&M Aggies,2025-11-15,2026-05-18,0.011,rated well above this program's usual recruit,,0,0,0,184,212,0.9845,46150124,https://247sports.com/player/raylaun-henry-46150124/high-school-315406/
2027,Isala Aisa Wily-Ava,S,4-star,Washington Huskies,2026-05-16,2026-05-18,0.0103,,,0,0,0,2,212,0.8911,46150503,https://247sports.com/player/isala-aisa-wily-ava-46150503/high-school-316092/
2027,Sidney Rouleau,OT,4-star,Michigan Wolverines,2026-03-29,2026-05-18,0.0102,1 official visit(s) elsewhere since committing; visited elsewhere in the last 30 days,Smu Mustangs,1,0,0,50,212,0.8964,46145617,https://247sports.com/player/sidney-rouleau-46145617/high-school-305509/
2027,Sherrod Gourdine,CB,3-star,Miami Hurricanes,2026-03-24,2026-05-18,0.0102,2 higher-rated commits at his position,,0,0,0,55,212,0.88,46152874,https://247sports.com/player/sherrod-gourdine-46152874/high-school-328479/
2027,Tramond Collins,WR,4-star,Florida Gators,2026-03-11,2026-05-18,0.01,has decommitted before,,0,0,0,68,212,0.9483,46156157,https://247sports.com/player/tramond-collins-46156157/high-school-330623/
2027,Tripp Keller,LB,3-star,Duke Blue Devils,2026-03-27,2026-05-18,0.01,,,0,0,0,52,212,0.87,46159278,https://247sports.com/player/tripp-keller-46159278/high-school-338721/
2027,Jack Baker,LB,3-star,Duke Blue Devils,2026-03-31,2026-05-18,0.01,,,0,0,0,48,212,0.86,46161585,https://247sports.com/player/jack-baker-46161585/high-school-344944/
2027,Mason Halliman,IOL,3-star,Illinois Fighting Illini,2026-05-09,2026-05-18,0.01,,,0,0,0,9,212,0.8878,46155221,https://247sports.com/player/mason-halliman-46155221/high-school-328759/
2027,Taelyn Mayo,CB,4-star,Ole Miss Rebels,2026-05-01,2026-05-18,0.01,,,0,0,0,17,212,0.9107,46142231,https://247sports.com/player/taelyn-mayo-46142231/high-school-297841/
2027,JayQuan Snell,S,5-star,Texas A&M Aggies,2025-11-16,2026-05-18,0.01,rated well above this program's usual recruit,,0,0,0,183,212,0.9844,46136314,https://247sports.com/player/jayquan-snell-46136314/high-school-286245/
2027,Avery Michael,OT,4-star,Oregon Ducks,2026-02-01,2026-05-18,0.01,1 power offer(s) since committing,,0,0,1,106,212,0.8911,46157076,https://247sports.com/player/avery-michael-46157076/high-school-334249/
2027,Jamier Brown,WR,5-star,Ohio State Buckeyes,2024-11-23,2026-05-18,0.01,1 power offer(s) since committing; rated well above this program's usual recruit,,0,0,1,541,212,0.9874,46144180,https://247sports.com/player/jamier-brown-46144180/high-school-302393/
2027,Danny Lang,CB,4-star,USC Trojans,2026-03-25,2026-05-18,0.01,rated well above this program's usual recruit,,0,0,0,54,212,0.9705,46146837,https://247sports.com/player/danny-lang-46146837/high-school-308242/
2027,Reis Russell,IOL,3-star,Washington Huskies,2026-05-04,2026-05-18,0.0099,,,0,0,0,14,212,0.865,46145499,https://247sports.com/player/reis-russell-46145499/high-school-305185/
2027,Stive-Bentley Keumajou Yondui,DL,3-star,Florida Gators,2026-05-06,2026-05-18,0.0098,,,0,0,0,12,212,0.8844,46164398,https://247sports.com/player/stive-bentley-keumajou-yondui-46164398/high-school-351211/
2027,Nick Lennear,WR,5-star,Miami Hurricanes,2026-03-05,2026-05-18,0.0098,rated well above this program's usual recruit,,0,0,0,74,212,0.992,46147407,https://247sports.com/player/nick-lennear-46147407/high-school-309101/
2027,Ryan Robbins,OT,3-star,Penn State Nittany Lions,2026-04-25,2026-05-18,0.0098,,,0,0,0,23,212,0.875,46159835,https://247sports.com/player/ryan-robbins-46159835/high-school-339489/
2027,D'Angelo White,TE,4-star,Louisville Cardinals,2026-01-11,2026-05-18,0.0093,rated well above this program's usual recruit,,0,0,0,127,212,0.9219,46147386,https://247sports.com/player/dangelo-white-46147386/high-school-309075/
2027,Keyon Standifer,WR,3-star,Georgia Tech Yellow Jackets,2026-04-20,2026-05-18,0.0093,has decommitted before,,0,0,0,28,212,0.8689,46154346,https://247sports.com/player/keyon-standifer-46154346/high-school-326672/
2027,Seneca Driver,TE,5-star,Oklahoma Sooners,2026-03-07,2026-05-18,0.0093,rated well above this program's usual recruit,,0,0,0,72,212,0.9839,46145686,https://247sports.com/player/seneca-driver-46145686/high-school-305674/
2027,DJ Huggins,WR,3-star,South Carolina Gamecocks,2026-04-30,2026-05-18,0.0093,,,0,0,0,18,212,0.8878,46159642,https://247sports.com/player/dj-huggins-46159642/high-school-339195/
2027,Skyler Smith,IOL,3-star,Duke Blue Devils,2026-05-13,2026-05-18,0.0092,,,0,0,0,5,212,0.85,46158505,https://247sports.com/player/skyler-smith-46158505/high-school-337540/
2027,JT Geraci,TE,3-star,Texas Longhorns,2025-12-18,2026-05-18,0.0092,,,0,0,0,151,212,0.8822,46152256,https://247sports.com/player/jt-geraci-46152256/high-school-321833/
2027,Cooper Terwilliger,TE,4-star,Penn State Nittany Lions,2026-04-13,2026-05-18,0.009,,,0,0,0,35,212,0.9179,46150536,https://247sports.com/player/cooper-terwilliger-46150536/high-school-316144/
2027,Trae Taylor,QB,4-star,Nebraska Cornhuskers,2025-05-01,2026-05-18,0.0086,rated well above this program's usual recruit,,0,0,0,382,212,0.9794,46134912,https://247sports.com/player/trae-taylor-46134912/high-school-350309/
2027,Quentin Burrell,WR,4-star,Michigan Wolverines,2026-05-13,2026-05-18,0.0085,rated well above this program's usual recruit,,0,0,0,5,212,0.9608,46139675,https://247sports.com/player/quentin-burrell-46139675/high-school-292859/
2027,Blake Roskopf,QB,4-star,Washington Huskies,2026-04-07,2026-05-18,0.0085,rated well above this program's usual recruit,,0,0,0,41,212,0.9319,46155022,https://247sports.com/player/blake-roskopf-46155022/high-school-328409/
2027,Honor Fa'alave-Johnson,ATH,5-star,USC Trojans,2026-03-14,2026-05-18,0.0081,rated well above this program's usual recruit,,0,0,0,65,212,0.9905,46150112,https://247sports.com/player/honor-faalave-johnson-46150112/high-school-315391/
2027,Justice Hardy,RB,3-star,Louisville Cardinals,2026-04-24,2026-05-18,0.0081,,,0,0,0,24,212,0.87,46159912,https://247sports.com/player/justice-hardy-46159912/high-school-354263/
2027,Ahmad Hudson,TE,5-star,LSU Tigers,2026-05-03,2026-05-18,0.0069,rated well above this program's usual recruit,,0,0,0,15,212,0.9896,46143677,https://247sports.com/player/ahmad-hudson-46143677/high-school-301677/
2027,Malachi Zeigler,QB,4-star,SMU Mustangs,2025-10-19,2026-05-18,0.0069,,,0,0,0,211,212,0.9087,46149737,https://247sports.com/player/malachi-zeigler-46149737/high-school-314864/
2027,Noah Roberts,RB,4-star,Texas Longhorns,2026-05-01,2026-05-18,0.0069,,,0,0,0,17,212,0.9144,46151437,https://247sports.com/player/noah-roberts-46151437/high-school-317644/
2027,Jameson Purcell,QB,3-star,Indiana Hoosiers,2025-07-21,2026-05-18,0.0069,officially visited his committed school (stabilizing),,0,0,0,301,212,0.8822,46143376,https://247sports.com/player/jameson-purcell-46143376/high-school-300387/
2027,Brandon Lockley,LB,4-star,Oregon Ducks,2026-04-26,2026-05-18,0.0069,,,0,0,0,22,212,0.9018,46151331,https://247sports.com/player/brandon-lockley-46151331/high-school-317499/
2027,Rico Jackson,S,3-star,Indiana Hoosiers,2026-05-16,2026-05-18,0.0069,,,0,0,0,2,212,0.87,46159697,https://247sports.com/player/rico-jackson-46159697/high-school-339268/
2027,Krew Jones,Edge,4-star,Oklahoma Sooners,2025-11-29,2026-05-18,0.0069,1 power offer(s) since committing,,0,0,1,170,212,0.9253,46143771,https://247sports.com/player/krew-jones-46143771/high-school-301798/
2027,DeMarrion Johnson,OT,4-star,Texas A&M Aggies,2025-08-12,2026-05-18,0.0068,3 higher-rated commits at his position,,0,0,0,279,212,0.9133,46146968,https://247sports.com/player/demarrion-johnson-46146968/high-school-308479/
2027,Connail Jackson,RB,3-star,UCF Knights,2026-05-02,2026-05-18,0.0068,,,0,0,0,16,212,0.875,46154698,https://247sports.com/player/connail-jackson-46154698/high-school-327824/
2027,Titus Hawk,TE,4-star,Notre Dame Fighting Irish,2026-05-04,2026-05-18,0.0066,,,0,0,0,14,212,0.8967,46155052,https://247sports.com/player/titus-hawk-46155052/high-school-328470/
2027,Elija Harmon,DL,4-star,Oklahoma Sooners,2025-12-07,2026-05-18,0.0066,,,0,0,0,162,212,0.9129,46146443,https://247sports.com/player/elija-harmon-46146443/high-school-307511/
2027,Cameron Pritchett,Edge,4-star,Oregon Ducks,2025-06-02,2026-05-18,0.0061,,,0,0,0,350,212,0.9165,46145331,https://247sports.com/player/cameron-pritchett-46145331/high-school-304768/
2027,Stanley Smart,ATH,3-star,Virginia Tech Hokies,2026-04-29,2026-05-18,0.0061,,,0,0,0,19,212,0.87,46151805,https://247sports.com/player/stanley-smart-46151805/high-school-319546/
2027,Ian Walker,IOL,4-star,Kentucky Wildcats,2026-05-11,2026-05-18,0.0061,,,0,0,0,7,212,0.8911,46158691,https://247sports.com/player/ian-walker-46158691/high-school-337780/
2027,Blake Betton,LB,3-star,Penn State Nittany Lions,2026-04-11,2026-05-18,0.0061,,,0,0,0,37,212,0.8896,46155301,https://247sports.com/player/blake-betton-46155301/high-school-328910/
2027,Recarder Kitchen,Edge,4-star,Michigan Wolverines,2025-11-30,2026-05-18,0.0061,,,0,0,0,169,212,0.9368,46144124,https://247sports.com/player/recarder-kitchen-46144124/high-school-302320/
2027,Korz Loken,TE,4-star,Wisconsin Badgers,2026-01-10,2026-05-18,0.0058,,,0,0,0,128,212,0.907,46150467,https://247sports.com/player/korz-loken-46150467/high-school-316026/
2027,Jack Brown,TE,4-star,Missouri Tigers,2026-03-17,2026-05-18,0.0056,rated well above this program's usual recruit,,0,0,0,62,212,0.9461,46149605,https://247sports.com/player/jack-brown-46149605/high-school-314667/
2027,Cooper Witten,ATH,5-star,Oklahoma Sooners,2026-03-03,2026-05-18,0.0056,rated well above this program's usual recruit,,0,0,0,76,212,0.985,46150577,https://247sports.com/player/cooper-witten-46150577/high-school-316213/
2027,Charles Woodson Jr.,S,3-star,Michigan Wolverines,2026-05-15,2026-05-18,0.0056,,,0,0,0,3,212,0.8744,46151869,https://247sports.com/player/charles-woodson-jr-46151869/high-school-320984/
2027,Jayvon Dawson,Edge,3-star,Miami Hurricanes,2026-05-17,2026-05-18,0.0056,,,0,0,0,1,212,0.885,46155166,https://247sports.com/player/jayvon-dawson-46155166/high-school-328628/
2027,Mekai Brown,Edge,5-star,USC Trojans,2026-04-17,2026-05-18,0.0054,rated well above this program's usual recruit,,0,0,0,31,212,0.9829,46154818,https://247sports.com/player/mekai-brown-46154818/high-school-328072/
2027,Zyron Forstall,Edge,4-star,Texas A&M Aggies,2026-03-31,2026-05-18,0.0054,rated well above this program's usual recruit,,0,0,0,48,212,0.9782,46151892,https://247sports.com/player/zyron-forstall-46151892/high-school-341050/
2027,Kennedy Brown,OT,5-star,Texas A&M Aggies,2026-04-26,2026-05-18,0.0048,rated well above this program's usual recruit,,0,0,0,22,212,0.984,46152521,https://247sports.com/player/kennedy-brown-46152521/high-school-322264/
2027,Davis Seaman,IOL,4-star,Ohio State Buckeyes,2026-04-27,2026-05-18,0.0048,2 higher-rated commits at his position,,0,0,0,21,212,0.892,46154793,https://247sports.com/player/davis-seaman-46154793/high-school-328012/
2027,Keyon Hemphill-Woods,IOL,3-star,Texas Longhorns,2026-04-03,2026-05-18,0.0048,,,0,0,0,45,212,0.8889,46154227,https://247sports.com/player/keyon-hemphill-woods-46154227/high-school-326278/
2027,David Folorunsho,DL,5-star,Notre Dame Fighting Irish,2026-05-15,2026-05-18,0.0048,rated well above this program's usual recruit,,0,0,0,3,212,0.9852,46158874,https://247sports.com/player/david-folorunsho-46158874/high-school-338057/
2027,Kavian Bryant,QB,4-star,Texas Tech Red Raiders,2025-11-01,2026-05-18,0.0047,rated well above this program's usual recruit,,0,0,0,198,212,0.9748,46145096,https://247sports.com/player/kavian-bryant-46145096/high-school-304237/
2027,Wyatt Smith,Edge,4-star,Ohio State Buckeyes,2026-05-17,2026-05-18,0.0047,,,0,0,0,1,212,0.9663,46162554,https://247sports.com/player/wyatt-smith-46162554/high-school-346745/
2027,Brock Williams,TE,4-star,Texas Longhorns,2026-05-15,2026-05-18,0.0035,rated well above this program's usual recruit,,0,0,0,3,212,0.9658,46153758,https://247sports.com/player/brock-williams-46153758/high-school-325071/
2027,Cameron Hall,DL,4-star,Texas Longhorns,2026-01-28,2026-05-18,0.0035,,,0,0,0,110,212,0.938,46157610,https://247sports.com/player/cameron-hall-46157610/high-school-335833/
2027,Kailib Dillard,S,4-star,Florida Gators,2026-05-05,2026-05-18,0.0027,,,0,0,0,13,212,0.8952,46159825,https://247sports.com/player/kailib-dillard-46159825/high-school-339476/
2027,Anthony Jennings,WR,4-star,Florida Gators,2026-04-25,2026-05-18,0.0027,,,0,0,0,23,212,0.9117,46155223,https://247sports.com/player/anthony-jennings-46155223/high-school-328761/
2027,CaDarius McMiller,RB,4-star,Oregon Ducks,2026-02-14,2026-05-18,0.0027,,,0,0,0,93,212,0.935,46144140,https://247sports.com/player/cadarius-mcmiller-46144140/high-school-302336/
2027,Jace Cannon,TE,3-star,USC Trojans,2026-04-11,2026-05-18,0.0027,,,0,0,0,37,212,0.8822,46155201,https://247sports.com/player/jace-cannon-46155201/high-school-328704/
2027,James Halter,OT,4-star,Notre Dame Fighting Irish,2025-10-22,2026-05-18,0.0024,rated well above this program's usual recruit,,0,0,0,208,212,0.961,46156925,https://247sports.com/player/james-halter-46156925/high-school-333707/
2027,Quentin Hale,WR,4-star,USC Trojans,2026-02-20,2026-05-18,0.0024,rated well above this program's usual recruit,,0,0,0,87,212,0.9767,46152565,https://247sports.com/player/quentin-hale-46152565/high-school-322316/
2027,Will Mencl,QB,4-star,Oregon Ducks,2026-04-22,2026-05-18,0.0024,rated well above this program's usual recruit,,0,0,0,26,212,0.9694,46156781,https://247sports.com/player/will-mencl-46156781/high-school-332771/
2027,Derwin Fields,Edge,4-star,Texas Longhorns,2026-04-18,2026-05-18,0.0024,,,0,0,0,30,212,0.9218,46157223,https://247sports.com/player/derwin-fields-46157223/high-school-334795/
2027,Oluwasemilore Olubobola,OT,5-star,Notre Dame Fighting Irish,2026-05-12,2026-05-18,0.0024,rated well above this program's usual recruit,,0,0,0,6,212,0.9912,46151027,https://247sports.com/player/oluwasemilore-olubobola-46151027/high-school-316939/
2027,Davin Davidson,QB,4-star,Florida Gators,2026-04-09,2026-05-18,0.0024,,,0,0,0,39,212,0.9497,46151041,https://247sports.com/player/davin-davidson-46151041/high-school-338830/
2027,Jamison Roberts,QB,4-star,Oklahoma Sooners,2026-03-07,2026-05-18,0.0022,,,0,0,0,72,212,0.9163,46158183,https://247sports.com/player/jamison-roberts-46158183/high-school-337082/
2027,Jackson Cook,IOL,3-star,Texas Longhorns,2026-03-30,2026-05-18,0.0022,,,0,0,0,49,212,0.8689,46154645,https://247sports.com/player/jackson-cook-46154645/high-school-327577/
2027,Jackson Coleman,WR,3-star,Notre Dame Fighting Irish,2026-05-04,2026-05-18,0.0022,,,0,0,0,14,212,0.87,46156590,https://247sports.com/player/jackson-coleman-46156590/high-school-331665/
2027,Amarri Irvin,LB,4-star,Notre Dame Fighting Irish,2025-11-26,2026-05-18,0.0012,,,0,0,0,173,212,0.909,46142805,https://247sports.com/player/amarri-irvin-46142805/high-school-318827/
2027,Kaeden Penny,IOL,5-star,Oklahoma Sooners,2025-09-25,2026-05-18,0.0011,rated well above this program's usual recruit,,0,0,0,235,212,0.9835,46151261,https://247sports.com/player/kaeden-penny-46151261/high-school-317340/
2027,Wonderful Monds IV,QB,4-star,Notre Dame Fighting Irish,2026-05-01,2026-05-18,0.0011,,,0,0,0,17,212,0.9132,46150691,https://247sports.com/player/wonderful-monds-iv-46150691/high-school-316420/
