board_rank,texas_opportunity_label,texas_opportunity_reasons,texas_context_tags,staff_action,data_confidence,data_notes,staff_priority,staff_owner,analyst_status,last_contact_date,next_action,texas_offer,texas_visit,texas_recruiting,do_not_pursue,staff_notes,class_year,player_id,name,position,committed_team,commitment_type,is_signed_or_enrolled,is_power_team_guess,live_commitment_strength_score,commitment_strength_score,live_strength_tier,model_decommit_flip_probability,model_stick_probability,estimated_decommit_flip_probability,estimated_stick_probability,star_bucket,national_rank,committed_date,high_school,home_city,home_state,home_lat,home_lon,target_team,target_state,target_lat,target_lon,home_to_target_miles,target_distance_bucket,geography_precision,committed_school_distance_bucket,post_commit_other_school_official_visits,post_commit_other_school_visits,post_commit_other_school_offers,post_commit_committed_school_visits,why_flagged,profile_url
1,Attack Now,geographic fit; regional/rival school; 4-star; active after commitment,nearby; 4-star; regional/rival commit; other-school visit after commit,Call Today,High,city-level geography; commit date captured; post-commit activity captured,,,,,,,,,,,2027,46150263,K'Adrian Redmond,DL,Texas Tech,Hard Commit,no,yes,32.0,35,Weak / Attack,72.4%,27.6%,55.5%,44.5%,4-star,157,9/18/2025,"DeSoto (DeSoto, TX)",DeSoto,TX,32.599349,-96.862941,Texas,TX,30.26715,-97.74306,169,nearby,city,regional,0,1,0,0,very early commit; first commitment; thin position group; 4-star; other-school visit after commit,https://247sports.com/player/kadrian-redmond-46150263/
2,Attack Now,regional proximity; regional/rival school; 4-star; active after commitment,regional; 4-star; regional/rival commit; other-school OV after commit; other-school offers after commit,Call Today,High,city-level geography; commit date captured; post-commit activity captured,,,,,,,,,,,2027,46154318,Jaylen Scott,S,Oklahoma,Hard Commit,no,yes,34.0,52,Weak / Attack,67.2%,32.8%,55.5%,44.5%,4-star,185,3/7/2026,"Williamson (Mobile, AL)",Mobile,AL,30.668246,-88.107853,Texas,TX,30.26715,-97.74306,578,regional,city,regional,1,1,16,0,early commit; first commitment; prior decommit; only commit at position; 4-star,https://247sports.com/player/jaylen-scott-46154318/
3,Attack Now,regional/rival school; 4-star; active after commitment,4-star; regional/rival commit; other-school offers after commit; visited committed school,Call Today,High,city-level geography; commit date captured; post-commit activity captured,,,,,,,,,,,2027,46149821,Elijah Patmon,DL,Texas A&M,Hard Commit,no,yes,33,33,Weak / Attack,61.4%,38.6%,55.5%,44.5%,4-star,175,10/11/2025,"Northside (Warner Robins, GA)",Warner Robins,GA,32.597096,-83.653936,Texas,TX,30.26715,-97.74306,847,far,city,far,0,0,1,1,very early commit; first commitment; thin position group; far; 4-star,https://247sports.com/player/elijah-patmon-46149821/
4,Attack Now,regional proximity; regional/rival school; active after commitment,regional; regional/rival commit; other-school OV after commit; visited committed school,Call Today,High,city-level geography; commit date captured; post-commit activity captured,,,,,,,,,,,2027,46163630,Marcus Watson,ATH,Houston,Hard Commit,no,yes,49.0,53,Weak / Attack,61.1%,38.9%,55.5%,44.5%,3-star,853,4/3/2026,"Baton Rouge Central (Baton Rouge, LA)",Baton Rouge,LA,30.440443,-91.133166,Texas,TX,30.26715,-97.74306,391,regional,city,regional,1,1,0,1,early commit; first commitment; only commit at position; other-school OV after commit,https://247sports.com/player/marcus-watson-46163630/
5,Attack Now,geographic fit; regional/rival school; active after commitment,nearby; regional/rival commit; other-school offers after commit,Call Today,High,city-level geography; commit date captured; post-commit activity captured,,,,,,,,,,,2027,46138988,Davontrae Kirkland,S,Baylor,Hard Commit,no,yes,36.5,38,Weak / Attack,60.3%,39.7%,55.5%,44.5%,3-star,554,6/14/2025,"Waco University (Waco, TX)",Waco,TX,31.557994,-97.18975,Texas,TX,30.26715,-97.74306,95,nearby,city,in_state,0,0,2,0,very early commit; first commitment; only commit at position; other-school offers after commit,https://247sports.com/player/davontrae-kirkland-46138988/
6,Attack Now,regional/rival school; 4-star; active after commitment,4-star; regional/rival commit; other-school visit after commit; visited committed school,Call Today,High,city-level geography; commit date captured; post-commit activity captured,,,,,,,,,,,2027,46146222,Jayce Johnson,QB,Texas A&M,Hard Commit,no,yes,25,25,Weak / Attack,58.7%,41.3%,55.5%,44.5%,4-star,162,8/3/2025,"Lowndes (Valdosta, GA)",Valdosta,GA,30.850126,-83.278833,Texas,TX,30.26715,-97.74306,861,far,city,far,0,2,0,5,very early commit; first commitment; only commit at position; far; 4-star,https://247sports.com/player/jayce-johnson-46146222/
7,Attack Now,geographic fit; regional/rival school; 4-star; active after commitment,nearby; 4-star; regional/rival commit; other-school OV after commit; other-school offers after commit; visited committed school,Call Today,High,city-level geography; commit date captured; post-commit activity captured,,,,,,,,,,,2027,46164607,Raiden Cook,DL,Houston,Hard Commit,no,yes,42.0,52,Weak / Attack,58.3%,41.7%,55.5%,44.5%,4-star,227,2/3/2026,"Barbers Hill (Mont Belvieu, TX)",Mont Belvieu,TX,29.849964,-94.874713,Texas,TX,30.26715,-97.74306,174,nearby,city,nearby,1,1,8,1,early commit; first commitment; only commit at position; 4-star; other-school OV after commit,https://247sports.com/player/raiden-cook-46164607/
8,Attack Now,geographic fit; 4-star; active after commitment,nearby; 4-star; other-school OV after commit; visited committed school,Call Today,High,city-level geography; commit date captured; post-commit activity captured,,,,,,,,,,,2027,46147250,Xavier Muhammad,DL,Michigan,Hard Commit,no,yes,34,54,Weak / Attack,57.4%,42.6%,55.5%,44.5%,4-star,97,5/14/2026,"South Houston (South Houston, TX)",South Houston,TX,29.661024,-95.228361,Texas,TX,30.26715,-97.74306,156,nearby,city,far,4,4,0,1,early commit; first commitment; only commit at position; far; 4-star,https://247sports.com/player/xavier-muhammad-46147250/
9,Attack Now,geographic fit; regional/rival school; 4-star; active after commitment,nearby; 4-star; regional/rival commit; other-school offers after commit,Call Today,High,city-level geography; commit date captured; post-commit activity captured,,,,,,,,,,,2027,46162816,Keldrid Ben,RB,Oklahoma,Hard Commit,no,yes,28.8,34,Weak / Attack,56.2%,43.8%,55.5%,44.5%,4-star,109,12/1/2025,"Montgomery (Montgomery, TX)",Montgomery,TX,30.390385,-95.698168,Texas,TX,30.26715,-97.74306,122,nearby,city,regional,0,0,7,0,very early commit; first commitment; thin position group; 4-star; other-school offers after commit,https://247sports.com/player/keldrid-ben-46162816/
10,Attack Now,geographic fit; regional/rival school; 5-star; active after commitment,nearby; 5-star; regional/rival commit; other-school OV after commit; other-school offers after commit; visited committed school,Call Today,High,city-level geography; commit date captured; post-commit activity captured,,,,,,,,,,,2027,46153369,Benny Easter Jr.,WR,Texas Tech,Hard Commit,no,yes,12,32,Weak / Attack,55.6%,44.4%,55.5%,44.5%,5-star,36,11/20/2025,"Humble Summer Creek (Humble, TX)",Humble,TX,29.988207,-95.264356,Texas,TX,30.26715,-97.74306,149,nearby,city,regional,4,4,8,1,very early commit; first commitment; thin position group; 5-star; other-school OV after commit,https://247sports.com/player/benny-easter-jr-46153369/
11,Attack Now,geographic fit; active after commitment,nearby; other-school OV after commit; other-school offers after commit; visited committed school,Call Today,High,city-level geography; commit date captured; post-commit activity captured,,,,,,,,,,,2027,46145101,Jeremiah Douglas,WR,Vanderbilt,Hard Commit,no,yes,18.0,37,Weak / Attack,53.6%,46.4%,55.5%,44.5%,3-star,705,12/2/2025,"Crandall (Crandall, TX)",Crandall,TX,32.634506,-96.432064,Texas,TX,30.26715,-97.74306,181,nearby,city,regional,3,3,4,1,very early commit; first commitment; only commit at position; other-school OV after commit; other-school offers after commit,https://247sports.com/player/jeremiah-douglas-46145101/
12,Attack Now,geographic fit; regional/rival school; 4-star; active after commitment,nearby; 4-star; regional/rival commit; other-school offers after commit; visited committed school,Call Today,High,city-level geography; commit date captured; post-commit activity captured,,,,,,,,,,,2027,46142344,Hakim Frampton,ATH,Texas A&M,Hard Commit,no,yes,30,30,Weak / Attack,53.6%,46.4%,55.5%,44.5%,4-star,415,9/27/2025,"San Antonio Brandeis (San Antonio, TX)",San Antonio,TX,29.462809,-98.524635,Texas,TX,30.26715,-97.74306,74,nearby,city,nearby,0,0,1,1,very early commit; first commitment; only commit at position; 4-star; other-school offers after commit,https://247sports.com/player/hakim-frampton-46142344/
13,Attack Now,geographic fit; active after commitment,nearby; other-school offers after commit; visited committed school,Call Today,High,city-level geography; commit date captured; post-commit activity captured,,,,,,,,,,,2027,46152773,Dallas Crescenzo,WR,Purdue,Hard Commit,no,yes,28.8,29,Weak / Attack,52.5%,47.5%,55.5%,44.5%,3-star,NA,10/16/2025,"Bastrop (Bastrop, TX)",Bastrop,TX,30.1111,-97.318152,Texas,TX,30.26715,-97.74306,28,nearby,city,far,0,0,3,1,very early commit; first commitment; only commit at position; far; other-school offers after commit,https://247sports.com/player/dallas-crescenzo-46152773/
14,Attack Now,regional proximity; regional/rival school; active after commitment,regional; regional/rival commit; other-school OV after commit; other-school offers after commit; visited committed school,Call Today,High,city-level geography; commit date captured; post-commit activity captured,,,,,,,,,,,2027,46159392,Tra'Von Hall,WR,Oklahoma,Hard Commit,no,yes,23.0,39,Weak / Attack,51.8%,48.2%,55.5%,44.5%,3-star,688,11/30/2025,"Central Tuscaloosa (Tuscaloosa, AL)",Tuscaloosa,AL,33.234404,-87.5283,Texas,TX,30.26715,-97.74306,631,regional,city,regional,2,2,8,1,very early commit; first commitment; thin position group; other-school OV after commit; other-school offers after commit,https://247sports.com/player/travon-hall-46159392/
15,Attack Now,geographic fit; regional/rival school; active after commitment,nearby; regional/rival commit; other-school offers after commit,Call Today,High,city-level geography; commit date captured; post-commit activity captured,,,,,,,,,,,2027,46159294,Luke Wilson,OT,Oklahoma,Hard Commit,no,yes,38.2,39,Weak / Attack,49.7%,50.3%,55.5%,44.5%,3-star,538,8/7/2025,"Southlake Carroll (Southlake, TX)",Southlake,TX,32.954493,-97.148867,Texas,TX,30.26715,-97.74306,188,nearby,city,nearby,0,0,1,0,very early commit; first commitment; thin position group; other-school offers after commit,https://247sports.com/player/luke-wilson-46159294/
16,Attack Now,regional/rival school; 5-star; active after commitment,5-star; regional/rival commit; other-school OV after commit; visited committed school,Call Today,High,city-level geography; commit date captured; post-commit activity captured,,,,,,,,,,,2027,46149624,Jaiden Bryant,Edge,LSU,Hard Commit,no,yes,29.0,45,Weak / Attack,49.5%,50.5%,55.5%,44.5%,5-star,20,1/3/2026,"Irmo (Columbia, SC)",Columbia,SC,34.040519,-80.906099,Texas,TX,30.26715,-97.74306,1010,far,city,regional,3,3,0,1,early commit; first commitment; only commit at position; 5-star; other-school OV after commit,https://247sports.com/player/jaiden-bryant-46149624/
17,Attack Now,geographic fit; active after commitment,nearby; other-school OV after commit,Call Today,High,city-level geography; commit date captured; post-commit activity captured,,,,,,,,,,,2027,46157583,Blake Gunter,WR,California,Hard Commit,no,yes,48.0,54,Weak / Attack,49.1%,50.9%,55.5%,44.5%,3-star,NA,3/7/2026,"Southlake Carroll (Southlake, TX)",Southlake,TX,32.954493,-97.148867,Texas,TX,30.26715,-97.74306,188,nearby,city,far,1,1,0,0,early commit; first commitment; only commit at position; far; other-school OV after commit,https://247sports.com/player/blake-gunter-46157583/
18,Attack Now,geographic fit; regional/rival school; 4-star; active after commitment,nearby; 4-star; regional/rival commit; other-school offers after commit,Call Today,High,city-level geography; commit date captured; post-commit activity captured,,,,,,,,,,,2027,46144142,Karece Hoyt,ATH,Baylor,Hard Commit,no,yes,32.0,35,Weak / Attack,46.9%,53.1%,55.5%,44.5%,4-star,323,10/11/2025,"Frisco Lone Star (Frisco, TX)",Frisco,TX,33.155427,-96.822596,Texas,TX,30.26715,-97.74306,206,nearby,city,nearby,0,0,4,0,very early commit; first commitment; only commit at position; 4-star; other-school offers after commit,https://247sports.com/player/karece-hoyt-46144142/
19,Attack Now,geographic fit; 4-star; active after commitment,nearby; 4-star; other-school offers after commit; visited committed school,Call Today,High,city-level geography; commit date captured; post-commit activity captured,,,,,,,,,,,2027,46144165,Weston Nielsen,QB,Arizona State,Hard Commit,no,yes,30,30,Weak / Attack,42.8%,57.2%,55.5%,44.5%,4-star,415,12/13/2025,"Bastrop (Bastrop, TX)",Bastrop,TX,30.1111,-97.318152,Texas,TX,30.26715,-97.74306,28,nearby,city,far,0,0,1,1,very early commit; first commitment; only commit at position; far; 4-star,https://247sports.com/player/weston-nielsen-46144165/
20,Attack Now,geographic fit; active after commitment,nearby; other-school OV after commit; visited committed school,Call Today,High,city-level geography; commit date captured; post-commit activity captured,,,,,,,,,,,2027,46137071,Alex Patton,CB,Duke,Hard Commit,no,yes,39.0,49,Weak / Attack,40.2%,59.8%,55.5%,44.5%,3-star,608,5/10/2026,"Cibolo Steele (Cibolo, TX)",Cibolo,TX,29.570142,-98.217797,Texas,TX,30.26715,-97.74306,57,nearby,city,far,2,2,0,1,early commit; first commitment; only commit at position; far; other-school OV after commit,https://247sports.com/player/alex-patton-46137071/
21,Attack Now,regional/rival school; 4-star; active after commitment,4-star; regional/rival commit; other-school OV after commit,Call Today,High,city-level geography; commit date captured; post-commit activity captured,,,,,,,,,,,2027,46145571,Ah'Mari Stevens,WR,LSU,Hard Commit,no,yes,39.0,57,Weak / Attack,40.2%,59.8%,55.5%,44.5%,4-star,344,4/17/2026,"Chaminade-Madonna (Hollywood, FL)",Hollywood,FL,26.030967,-80.164609,Texas,TX,30.26715,-97.74306,1110,far,city,regional,3,3,0,0,early commit; first commitment; only commit at position; 4-star; other-school OV after commit,https://247sports.com/player/ahmari-stevens-46145571/
22,Attack Now,geographic fit; 4-star; active after commitment,nearby; 4-star; other-school offers after commit; visited committed school,Call Today,High,city-level geography; commit date captured; post-commit activity captured,,,,,,,,,,,2027,46147058,Eli Johnson,S,Ohio State,Hard Commit,no,yes,33,33,Weak / Attack,39.7%,60.3%,55.5%,44.5%,4-star,173,11/15/2025,"Cibolo Steele (Cibolo, TX)",Cibolo,TX,29.570142,-98.217797,Texas,TX,30.26715,-97.74306,57,nearby,city,far,0,0,1,1,very early commit; first commitment; thin position group; far; 4-star,https://247sports.com/player/eli-johnson-46147058/
23,Attack Now,geographic fit; regional/rival school; 5-star; active after commitment,nearby; 5-star; regional/rival commit; other-school offers after commit,Call Today,High,city-level geography; commit date captured; post-commit activity captured,,,,,,,,,,,2027,46136314,JayQuan Snell,S,Texas A&M,Hard Commit,no,yes,34.2,35,Weak / Attack,39.5%,60.5%,55.5%,44.5%,5-star,29,11/16/2025,"Waxahachie (Waxahachie, TX)",Waxahachie,TX,32.40248,-96.844493,Texas,TX,30.26715,-97.74306,156,nearby,city,nearby,0,0,1,0,very early commit; first commitment; thin position group; 5-star; other-school offers after commit,https://247sports.com/player/jayquan-snell-46136314/
24,Attack Now,geographic fit; 4-star; active after commitment,nearby; 4-star; other-school OV after commit,Call Today,High,city-level geography; commit date captured; post-commit activity captured,,,,,,,,,,,2027,46142921,Lathan Whisenton,RB,Notre Dame,Hard Commit,no,yes,35,55,Weak / Attack,38.9%,61.1%,55.5%,44.5%,4-star,207,3/25/2026,"Waco Midway (Waco, TX)",Waco,TX,31.557994,-97.18975,Texas,TX,30.26715,-97.74306,95,nearby,city,far,5,5,0,0,early commit; first commitment; thin position group; far; 4-star,https://247sports.com/player/lathan-whisenton-46142921/
25,Attack Now,geographic fit; regional/rival school; 5-star; active after commitment,nearby; 5-star; regional/rival commit; other-school OV after commit,Call Today,High,city-level geography; commit date captured; post-commit activity captured,,,,,,,,,,,2027,46145095,Jalen Brewster,DL,Texas Tech,Hard Commit,no,yes,15.0,33,Weak / Attack,38.6%,61.4%,55.5%,44.5%,5-star,1,10/4/2025,"Cedar Hill (Cedar Hill, TX)",Cedar Hill,TX,32.584326,-96.958898,Texas,TX,30.26715,-97.74306,167,nearby,city,regional,2,4,0,0,very early commit; first commitment; thin position group; 5-star; other-school OV after commit,https://247sports.com/player/jalen-brewster-46145095/
26,Attack Now,geographic fit; 4-star; active after commitment,nearby; 4-star; other-school OV after commit; visited committed school,Call Today,High,city-level geography; commit date captured; post-commit activity captured,,,,,,,,,,,2027,46144299,Peyton Miller,IOL,Florida,Hard Commit,no,yes,36,56,Weak / Attack,37.5%,62.5%,55.5%,44.5%,4-star,125,4/27/2026,"Anna (Anna, TX)",Anna,TX,33.348167,-96.553452,Texas,TX,30.26715,-97.74306,224,nearby,city,far,4,4,0,1,early commit; first commitment; thin position group; far; 4-star,https://247sports.com/player/peyton-miller-46144299/
27,Attack Now,geographic fit; regional/rival school; 4-star; active after commitment,nearby; 4-star; regional/rival commit; other-school OV after commit; other-school offers after commit; visited committed school,Call Today,High,city-level geography; commit date captured; post-commit activity captured,,,,,,,,,,,2027,46164194,Jhadyn Nelson,LB,Texas Tech,Hard Commit,no,yes,33,53,Weak / Attack,37.3%,62.7%,55.5%,44.5%,4-star,117,3/18/2026,"Langham Creek (Houston, TX)",Houston,TX,29.785743,-95.388806,Texas,TX,30.26715,-97.74306,147,nearby,city,regional,6,6,1,1,early commit; first commitment; only commit at position; 4-star; other-school OV after commit,https://247sports.com/player/jhadyn-nelson-46164194/
28,Attack Now,regional proximity; regional/rival school; active after commitment,regional; regional/rival commit; other-school OV after commit; visited committed school,Call Today,High,city-level geography; commit date captured; post-commit activity captured,,,,,,,,,,,2027,46163675,Eli Thornton,DL,Arkansas,Hard Commit,no,yes,44.0,60,Weak / Attack,37.1%,62.9%,55.5%,44.5%,3-star,NA,4/26/2026,"Valley View (Jonesboro, AR)",Jonesboro,AR,35.819755,-90.679033,Texas,TX,30.26715,-97.74306,561,regional,city,nearby,3,3,0,1,early commit; first commitment; only commit at position; other-school OV after commit,https://247sports.com/player/eli-thornton-46163675/
29,Attack Now,regional/rival school; 4-star; active after commitment,4-star; regional/rival commit; other-school OV after commit; visited committed school,Call Today,High,city-level geography; commit date captured; post-commit activity captured,,,,,,,,,,,2027,46148432,Jaden Upshaw,WR,Texas A&M,Hard Commit,no,yes,32.0,48,Weak / Attack,36.5%,63.5%,55.5%,44.5%,4-star,49,4/15/2026,"Lee County (Leesburg, GA)",Leesburg,GA,31.732058,-84.168546,Texas,TX,30.26715,-97.74306,810,far,city,regional,3,3,0,1,early commit; first commitment; only commit at position; 4-star; other-school OV after commit,https://247sports.com/player/jaden-upshaw-46148432/
30,Attack Now,regional proximity; regional/rival school; active after commitment,regional; regional/rival commit; other-school OV after commit; visited committed school,Call Today,High,city-level geography; commit date captured; post-commit activity captured,,,,,,,,,,,2027,46159291,Brody Pfannenstiel,Edge,Texas Tech,Hard Commit,no,yes,43.0,59,Weak / Attack,35.7%,64.3%,55.5%,44.5%,3-star,698,3/13/2026,"Hoisington (Hoisington, KS)",Hoisington,KS,38.518083,-98.777421,Texas,TX,30.26715,-97.74306,573,regional,city,regional,3,3,0,1,early commit; first commitment; thin position group; other-school OV after commit,https://247sports.com/player/brody-pfannenstiel-46159291/
31,Attack Now,geographic fit; regional/rival school; 4-star; active after commitment,nearby; 4-star; regional/rival commit; other-school offers after commit,Call Today,High,city-level geography; commit date captured; post-commit activity captured,,,,,,,,,,,2027,46150609,Mikhail McCreary,CB,Oklahoma,Hard Commit,no,yes,37.0,40,Weak / Attack,35.6%,64.4%,55.5%,44.5%,4-star,285,9/29/2025,"Claudia Taylor Johnson (San Antonio, TX)",San Antonio,TX,29.462809,-98.524635,Texas,TX,30.26715,-97.74306,74,nearby,city,regional,0,0,4,0,very early commit; first commitment; 4-star; other-school offers after commit,https://247sports.com/player/mikhail-mccreary-46150609/
32,Attack Now,regional proximity; regional/rival school; 4-star; active after commitment,regional; 4-star; regional/rival commit; other-school offers after commit; visited committed school,Call Today,High,city-level geography; commit date captured; post-commit activity captured,,,,,,,,,,,2027,46149305,Deven Robertson,DL,Oklahoma,Hard Commit,no,yes,53,53,Vulnerable,34.5%,65.5%,33.4%,66.6%,4-star,415,1/10/2026,"Oak Grove (Hattiesburg, MS)",Hattiesburg,MS,31.307305,-89.317434,Texas,TX,30.26715,-97.74306,507,regional,city,regional,0,0,1,1,early commit; first commitment; thin position group; 4-star; other-school offers after commit,https://247sports.com/player/deven-robertson-46149305/
33,Attack Now,geographic fit; 4-star; active after commitment,nearby; 4-star; other-school OV after commit; visited committed school,Call Today,High,city-level geography; commit date captured; post-commit activity captured,,,,,,,,,,,2027,46147998,George Toia,DL,UCLA,Hard Commit,no,yes,45.0,55,Weak / Attack,33.7%,66.3%,55.5%,44.5%,4-star,91,4/30/2026,"Byron Nelson (Trophy Club, TX)",Trophy Club,TX,32.992522,-97.172964,Texas,TX,30.26715,-97.74306,191,nearby,city,far,2,2,0,1,early commit; first commitment; thin position group; far; 4-star,https://247sports.com/player/george-toia-46147998/
34,Attack Now,regional/rival school; active after commitment,regional/rival commit; other-school offers after commit,Call Today,High,city-level geography; commit date captured; post-commit activity captured,,,,,,,,,,,2027,46149592,Mikyal Davis,CB,Oklahoma,Hard Commit,no,yes,43.2,44,Weak / Attack,32.9%,67.1%,55.5%,44.5%,3-star,538,11/18/2025,"Desert Edge (Goodyear, AZ)",Goodyear,AZ,33.254031,-112.366472,Texas,TX,30.26715,-97.74306,884,far,city,far,0,0,1,0,very early commit; first commitment; far; other-school offers after commit,https://247sports.com/player/mikyal-davis-46149592/
35,Attack Now,geographic fit; active after commitment,nearby; other-school OV after commit; visited committed school,Call Today,High,city-level geography; commit date captured; post-commit activity captured,,,,,,,,,,,2027,46157607,Braiden Graves,S,Kansas,Hard Commit,no,yes,51.0,61,Vulnerable,32.7%,67.3%,33.4%,66.6%,3-star,562,5/19/2026,"Bridgeland (Cypress, TX)",Cypress,TX,,,Texas,TX,30.26715,-97.74306,124,nearby,city,regional,2,2,0,1,early commit; first commitment; only commit at position; other-school OV after commit,https://247sports.com/player/braiden-graves-46157607/
36,Attack Now,geographic fit; regional/rival school; 4-star; active after commitment,nearby; 4-star; regional/rival commit; other-school OV after commit; visited committed school,Call Today,High,city-level geography; commit date captured; post-commit activity captured,,,,,,,,,,,2027,46158129,SaRod Baker,RB,Texas Tech,Hard Commit,no,yes,43.0,53,Weak / Attack,30.8%,69.2%,55.5%,44.5%,4-star,146,4/27/2026,"DeSoto (DeSoto, TX)",DeSoto,TX,32.599349,-96.862941,Texas,TX,30.26715,-97.74306,169,nearby,city,regional,2,2,0,1,early commit; first commitment; only commit at position; 4-star; other-school OV after commit,https://247sports.com/player/sarod-baker-46158129/
37,Attack Now,regional proximity; regional/rival school; 4-star; active after commitment,regional; 4-star; regional/rival commit; other-school OV after commit; visited committed school,Call Today,High,city-level geography; commit date captured; post-commit activity captured,,,,,,,,,,,2027,46147011,Braylon Calais,ATH,LSU,Hard Commit,no,yes,43.0,53,Weak / Attack,29.8%,70.2%,55.5%,44.5%,4-star,188,4/20/2026,"Cecilia (Carencro, LA)",Carencro,LA,30.312561,-92.038706,Texas,TX,30.26715,-97.74306,340,regional,city,nearby,2,2,0,1,early commit; first commitment; only commit at position; 4-star; other-school OV after commit,https://247sports.com/player/braylon-calais-46147011/
38,Attack Now,geographic fit; regional/rival school; 4-star; active after commitment,nearby; 4-star; regional/rival commit; other-school offers after commit; visited committed school,Call Today,High,city-level geography; commit date captured; post-commit activity captured,,,,,,,,,,,2027,46145112,Kaden McCarty,Edge,Texas A&M,Hard Commit,no,yes,37.8,38,Weak / Attack,29.5%,70.5%,55.5%,44.5%,4-star,198,12/8/2025,"Cy Falls (Houston, TX)",Houston,TX,29.785743,-95.388806,Texas,TX,30.26715,-97.74306,147,nearby,city,nearby,0,0,3,1,very early commit; first commitment; thin position group; 4-star; other-school offers after commit,https://247sports.com/player/kaden-mccarty-46145112/
39,Attack Now,geographic fit; regional/rival school; active after commitment,nearby; regional/rival commit; other-school OV after commit; visited committed school,Call Today,High,city-level geography; commit date captured; post-commit activity captured,,,,,,,,,,,2027,46145090,Braden Baker,QB,Houston,Hard Commit,no,yes,44.0,54,Weak / Attack,28.9%,71.1%,55.5%,44.5%,3-star,505,4/3/2026,"Cy Ranch (Cypress, TX)",Cypress,TX,,,Texas,TX,30.26715,-97.74306,124,nearby,city,regional,2,2,0,1,early commit; first commitment; only commit at position; other-school OV after commit,https://247sports.com/player/braden-baker-46145090/
40,Attack Now,geographic fit; regional/rival school; active after commitment,nearby; regional/rival commit; other-school OV after commit; other-school offers after commit,Call Today,High,city-level geography; commit date captured; post-commit activity captured,,,,,,,,,,,2027,46150219,Amari Vickerson,DL,SMU,Hard Commit,no,yes,44.2,57,Weak / Attack,28.1%,71.9%,55.5%,44.5%,3-star,562,1/18/2026,"Cy Ranch (Cypress, TX)",Cypress,TX,,,Texas,TX,30.26715,-97.74306,124,nearby,city,nearby,2,2,1,0,early commit; first commitment; only commit at position; other-school OV after commit; other-school offers after commit,https://247sports.com/player/amari-vickerson-46150219/
41,Attack Now,geographic fit; active after commitment,nearby; other-school OV after commit; visited committed school,Call Today,High,city-level geography; commit date captured; post-commit activity captured,,,,,,,,,,,2027,46145118,Wayne Shanks Jr.,RB,Arizona,Hard Commit,no,yes,42.0,52,Weak / Attack,27.9%,72.1%,55.5%,44.5%,3-star,590,5/15/2026,"Houston Kinkaid (Houston, TX)",Houston,TX,29.785743,-95.388806,Texas,TX,30.26715,-97.74306,147,nearby,city,far,2,2,0,1,early commit; first commitment; only commit at position; far; other-school OV after commit,https://247sports.com/player/wayne-shanks-jr-46145118/
42,Attack Now,geographic fit; regional/rival school; 4-star; active after commitment,nearby; 4-star; regional/rival commit; other-school OV after commit; visited committed school,Call Today,High,city-level geography; commit date captured; post-commit activity captured,,,,,,,,,,,2027,46151294,Julian Caldwell,WR,Texas Tech,Hard Commit,no,yes,52.0,62,Vulnerable,27.4%,72.6%,33.4%,66.6%,4-star,93,5/9/2026,"Argyle (Argyle, TX)",Argyle,TX,33.105493,-97.17752,Texas,TX,30.26715,-97.74306,199,nearby,city,regional,2,2,0,1,early commit; first commitment; thin position group; 4-star; other-school OV after commit,https://247sports.com/player/julian-caldwell-46151294/
43,Attack Now,geographic fit; regional/rival school; active after commitment,nearby; regional/rival commit; other-school OV after commit; visited committed school,Call Today,High,city-level geography; commit date captured; post-commit activity captured,,,,,,,,,,,2027,46148173,Darrien Neal,DL,TCU,Hard Commit,no,yes,49.0,59,Weak / Attack,26.3%,73.7%,55.5%,44.5%,3-star,NA,5/2/2026,"Denton Guyer (Denton, TX)",Denton,TX,33.217449,-97.141346,Texas,TX,30.26715,-97.74306,207,nearby,city,nearby,2,2,0,1,early commit; first commitment; only commit at position; other-school OV after commit,https://247sports.com/player/darrien-neal-46148173/
44,Attack Now,regional/rival school; 4-star; active after commitment,4-star; regional/rival commit; other-school offers after commit,Call Today,High,city-level geography; commit date captured; post-commit activity captured,,,,,,,,,,,2027,46143771,Krew Jones,Edge,Oklahoma,Hard Commit,no,yes,32.2,33,Weak / Attack,26.2%,73.8%,55.5%,44.5%,4-star,148,11/29/2025,"Orem (Orem, UT)",Orem,UT,40.298065,-111.699445,Texas,TX,30.26715,-97.74306,1046,far,city,far,0,0,1,0,very early commit; first commitment; thin position group; far; 4-star,https://247sports.com/player/krew-jones-46143771/
45,Attack Now,geographic fit; active after commitment,nearby; other-school OV after commit; visited committed school,Call Today,High,city-level geography; commit date captured; post-commit activity captured,,,,,,,,,,,2027,46150553,Bryson Dossett,S,Kansas State,Hard Commit,no,yes,52.0,62,Vulnerable,23.6%,76.4%,33.4%,66.6%,3-star,NA,5/22/2026,"Fort Bend Ridge Point (Missouri City, TX)",Missouri City,TX,29.562944,-95.535999,Texas,TX,30.26715,-97.74306,139,nearby,city,regional,2,2,0,1,early commit; first commitment; thin position group; other-school OV after commit,https://247sports.com/player/bryson-dossett-46150553/
46,Attack Now,geographic fit; regional/rival school; active after commitment,nearby; regional/rival commit; other-school OV after commit,Call Today,High,city-level geography; commit date captured; post-commit activity captured,,,,,,,,,,,2027,46152665,Hudson Whitenight,IOL,Baylor,Hard Commit,no,yes,48.0,54,Weak / Attack,23.2%,76.8%,55.5%,44.5%,3-star,NA,4/17/2026,"Dripping Springs (Dripping Springs, TX)",Dripping Springs,TX,30.195936,-98.093701,Texas,TX,30.26715,-97.74306,22,nearby,city,nearby,1,1,0,0,early commit; first commitment; only commit at position; other-school OV after commit,https://247sports.com/player/hudson-whitenight-46152665/
47,Attack Now,geographic fit; active after commitment,nearby; other-school OV after commit,Call Today,High,city-level geography; commit date captured; post-commit activity captured,,,,,,,,,,,2027,46157633,Antwon Sanders,RB,California,Hard Commit,no,yes,38.0,56,Weak / Attack,22.7%,77.3%,55.5%,44.5%,3-star,NA,4/11/2026,"C.E. King (Houston, TX)",Houston,TX,29.785743,-95.388806,Texas,TX,30.26715,-97.74306,147,nearby,city,cross_country,3,3,0,0,early commit; first commitment; thin position group; cross country; other-school OV after commit,https://247sports.com/player/antwon-sanders-46157633/
48,Attack Now,geographic fit; active after commitment,nearby; other-school OV after commit; visited committed school,Call Today,High,city-level geography; commit date captured; post-commit activity captured,,,,,,,,,,,2027,46160366,Will Endicott,IOL,South Carolina,Hard Commit,no,yes,46.0,56,Weak / Attack,22.4%,77.6%,55.5%,44.5%,3-star,NA,4/27/2026,"Prosper (Prosper, TX)",Prosper,TX,33.241332,-96.812388,Texas,TX,30.26715,-97.74306,212,nearby,city,far,2,2,0,1,early commit; first commitment; thin position group; far; other-school OV after commit,https://247sports.com/player/will-endicott-46160366/
49,Attack Now,geographic fit; 4-star; active after commitment,nearby; 4-star; other-school OV after commit,Call Today,High,city-level geography; commit date captured; post-commit activity captured,,,,,,,,,,,2027,46145617,Sidney Rouleau,OT,Michigan,Hard Commit,no,yes,47.0,53,Weak / Attack,22.2%,77.8%,55.5%,44.5%,4-star,372,3/29/2026,"The Brook Hill School (Bullard, TX)",Bullard,TX,32.144166,-95.317515,Texas,TX,30.26715,-97.74306,193,nearby,city,far,1,1,0,0,early commit; first commitment; thin position group; far; 4-star,https://247sports.com/player/sidney-rouleau-46145617/
50,Attack Now,regional proximity; regional/rival school; active after commitment,regional; regional/rival commit; other-school OV after commit; visited committed school,Call Today,High,city-level geography; commit date captured; post-commit activity captured,,,,,,,,,,,2027,46149637,Darion Moseley,WR,Arkansas,Hard Commit,no,yes,56.0,72,Vulnerable,22.0%,78.0%,33.4%,66.6%,3-star,494,5/2/2026,"Thompson (Alabaster, AL)",Alabaster,AL,33.214355,-86.82308,Texas,TX,30.26715,-97.74306,674,regional,city,regional,3,3,0,1,early commit; only commit at position; other-school OV after commit,https://247sports.com/player/darion-moseley-46149637/
51,Attack Now,regional/rival school; 5-star; active after commitment,5-star; regional/rival commit; other-school OV after commit,Call Today,High,city-level geography; commit date captured; post-commit activity captured,,,,,,,,,,,2027,46149177,Anthony Sweeney,Edge,Texas Tech,Hard Commit,no,yes,35.0,47,Weak / Attack,21.3%,78.7%,55.5%,44.5%,5-star,23,4/13/2026,"St. Frances Academy (Baltimore, MD)",Baltimore,MD,39.300032,-76.610476,Texas,TX,30.26715,-97.74306,1347,far,city,far,2,2,0,0,early commit; first commitment; thin position group; far; 5-star,https://247sports.com/player/anthony-sweeney-46149177/
52,Attack Now,geographic fit; 4-star; active after commitment,nearby; 4-star; other-school OV after commit; other-school offers after commit; visited committed school,Call Today,High,city-level geography; commit date captured; post-commit activity captured,,,,,,,,,,,2027,46150802,Jayshon Gibson,RB,UCLA,Hard Commit,no,yes,36,56,Weak / Attack,21.3%,78.7%,55.5%,44.5%,4-star,403,5/2/2026,"Richland (North Richland Hills, TX)",North Richland Hills,TX,32.86058,-97.219146,Texas,TX,30.26715,-97.74306,180,nearby,city,far,4,4,1,1,early commit; first commitment; thin position group; far; 4-star,https://247sports.com/player/jayshon-gibson-46150802/
53,Attack Now,geographic fit; regional/rival school; active after commitment,nearby; regional/rival commit; other-school offers after commit,Call Today,High,city-level geography; commit date captured; post-commit activity captured,,,,,,,,,,,2027,46156809,Brice McCurdy,QB,TCU,Hard Commit,no,yes,55.2,56,Vulnerable,20.6%,79.4%,33.4%,66.6%,3-star,851,2/14/2026,"Robinson (Waco, TX)",Waco,TX,31.557994,-97.18975,Texas,TX,30.26715,-97.74306,95,nearby,city,nearby,0,0,1,0,early commit; first commitment; only commit at position; other-school offers after commit,https://247sports.com/player/brice-mccurdy-46156809/
54,Attack Now,geographic fit; active after commitment,nearby; other-school OV after commit; visited committed school,Call Today,High,city-level geography; commit date captured; post-commit activity captured,,,,,,,,,,,2027,46153677,Tristan Willis,RB,Georgia Tech,Hard Commit,no,yes,50.0,60,Vulnerable,20.5%,79.5%,33.4%,66.6%,3-star,608,5/1/2026,"C.E. King (Houston, TX)",Houston,TX,29.785743,-95.388806,Texas,TX,30.26715,-97.74306,147,nearby,city,regional,2,2,0,1,early commit; first commitment; thin position group; other-school OV after commit,https://247sports.com/player/tristan-willis-46153677/
55,Attack Now,regional proximity; regional/rival school; 4-star; active after commitment,regional; 4-star; regional/rival commit; other-school OV after commit; other-school offers after commit; visited committed school,Call Today,High,city-level geography; commit date captured; post-commit activity captured,,,,,,,,,,,2027,46153832,Odaefe Oruru,IOL,Arkansas,Hard Commit,no,yes,52.2,57,Vulnerable,20.3%,79.7%,33.4%,66.6%,4-star,415,4/10/2026,"Jenks (Jenks, OK)",Jenks,OK,35.998219,-95.973404,Texas,TX,30.26715,-97.74306,411,regional,city,nearby,1,1,1,1,early commit; first commitment; thin position group; 4-star; other-school OV after commit,https://247sports.com/player/odaefe-oruru-46153832/
56,Attack Now,geographic fit; active after commitment,nearby; other-school OV after commit,Call Today,High,city-level geography; commit date captured; post-commit activity captured,,,,,,,,,,,2027,46150096,Julian Cromartie,WR,Clemson,Hard Commit,no,yes,56.0,68,Vulnerable,19.9%,80.1%,33.4%,66.6%,3-star,NA,5/29/2026,"College Park (The Woodlands, TX)",The Woodlands,TX,30.172562,-95.509813,Texas,TX,30.26715,-97.74306,135,nearby,city,far,2,2,0,0,early commit; first commitment; far; other-school OV after commit,https://247sports.com/player/julian-cromartie-46150096/
57,Attack Now,geographic fit; regional/rival school; active after commitment,nearby; regional/rival commit; other-school OV after commit,Call Today,High,city-level geography; commit date captured; post-commit activity captured,,,,,,,,,,,2027,46161017,Tavon Bolden,S,Houston,Hard Commit,no,yes,57.0,63,Vulnerable,19.2%,80.8%,33.4%,66.6%,3-star,NA,5/31/2026,"Atascocita (Humble, TX)",Humble,TX,29.988207,-95.264356,Texas,TX,30.26715,-97.74306,149,nearby,city,nearby,1,1,0,0,early commit; first commitment; only commit at position; other-school OV after commit,https://247sports.com/player/tavon-bolden-46161017/
58,Attack Now,geographic fit; regional/rival school; 4-star; active after commitment,nearby; 4-star; regional/rival commit; other-school OV after commit; visited committed school,Call Today,High,city-level geography; commit date captured; post-commit activity captured,,,,,,,,,,,2027,46145533,Luke Babin,QB,Baylor,Hard Commit,no,yes,68.0,72,Stable / Monitor,19.0%,81.0%,17.5%,82.5%,4-star,373,3/31/2026,"Woodville (Woodville, TX)",Woodville,TX,30.774433,-94.422454,Texas,TX,30.26715,-97.74306,201,nearby,city,nearby,1,1,0,1,early commit; prior decommit; only commit at position; 4-star; other-school OV after commit,https://247sports.com/player/luke-babin-46145533/
59,Attack Now,regional proximity; regional/rival school; active after commitment,regional; regional/rival commit; other-school OV after commit; visited committed school,Call Today,High,city-level geography; commit date captured; post-commit activity captured,,,,,,,,,,,2027,46142677,Bryson Brown,S,Oklahoma State,Hard Commit,no,yes,47.0,57,Weak / Attack,17.3%,82.7%,55.5%,44.5%,3-star,NA,5/23/2026,"Broken Arrow (Broken Arrow, OK)",Broken Arrow,OK,36.036529,-95.780996,Texas,TX,30.26715,-97.74306,415,regional,city,nearby,2,2,0,1,early commit; first commitment; only commit at position; other-school OV after commit,https://247sports.com/player/bryson-brown-46142677/
60,Attack Now,regional proximity; regional/rival school; active after commitment,regional; regional/rival commit; other-school OV after commit; visited committed school,Call Today,High,city-level geography; commit date captured; post-commit activity captured,,,,,,,,,,,2027,46148899,Jeremiah Dent,RB,Arkansas,Hard Commit,no,yes,41.0,57,Weak / Attack,17.2%,82.8%,55.5%,44.5%,3-star,728,5/2/2026,"Marion (Marion, AR)",Marion,AR,35.204246,-90.206715,Texas,TX,30.26715,-97.74306,555,regional,city,nearby,3,3,0,1,early commit; first commitment; only commit at position; other-school OV after commit,https://247sports.com/player/jeremiah-dent-46148899/
61,Attack Now,geographic fit; regional/rival school; active after commitment,nearby; regional/rival commit; other-school OV after commit; other-school offers after commit,Call Today,High,city-level geography; commit date captured; post-commit activity captured,,,,,,,,,,,2027,46159176,Cael Thigpen,Edge,Houston,Hard Commit,no,yes,48.2,61,Weak / Attack,17.0%,83.0%,55.5%,44.5%,3-star,NA,3/28/2026,"Jersey Village (Houston, TX)",Houston,TX,29.785743,-95.388806,Texas,TX,30.26715,-97.74306,147,nearby,city,in_state,2,2,1,0,early commit; first commitment; only commit at position; other-school OV after commit; other-school offers after commit,https://247sports.com/player/cael-thigpen-46159176/
62,Attack Now,regional proximity; regional/rival school; 5-star; active after commitment,regional; 5-star; regional/rival commit; other-school OV after commit,Call Today,High,city-level geography; commit date captured; post-commit activity captured,,,,,,,,,,,2027,46143677,Ahmad Hudson,TE,LSU,Hard Commit,no,yes,35.0,47,Weak / Attack,16.5%,83.5%,55.5%,44.5%,5-star,18,5/3/2026,"Ruston (Ruston, LA)",Ruston,LA,32.532986,-92.635327,Texas,TX,30.26715,-97.74306,339,regional,city,nearby,2,2,0,0,early commit; first commitment; only commit at position; 5-star; other-school OV after commit,https://247sports.com/player/ahmad-hudson-46143677/
63,Attack Now,regional proximity; regional/rival school; active after commitment,regional; regional/rival commit; other-school OV after commit,Call Today,High,city-level geography; commit date captured; post-commit activity captured,,,,,,,,,,,2027,46161904,Tyson Ross,IOL,Oklahoma,Hard Commit,no,yes,61.0,67,Vulnerable,15.8%,84.2%,33.4%,66.6%,3-star,729,3/7/2026,"Andover (Andover, KS)",Andover,KS,37.688927,-97.13498,Texas,TX,30.26715,-97.74306,514,regional,city,nearby,1,1,0,0,early commit; first commitment; other-school OV after commit,https://247sports.com/player/tyson-ross-46161904/
64,Attack Now,geographic fit; 4-star; active after commitment,nearby; 4-star; other-school OV after commit,Call Today,High,city-level geography; commit date captured; post-commit activity captured,,,,,,,,,,,2027,46159699,Javian Jones-Priest,RB,Virginia Tech,Hard Commit,no,yes,47.0,59,Weak / Attack,15.5%,84.5%,55.5%,44.5%,4-star,363,5/19/2026,"Arlington Martin (Arlington, TX)",Arlington,TX,32.700708,-97.124691,Texas,TX,30.26715,-97.74306,175,nearby,city,far,2,2,0,0,early commit; first commitment; thin position group; far; 4-star,https://247sports.com/player/javian-jones-priest-46159699/
65,Attack Now,geographic fit; 4-star; active after commitment,nearby; 4-star; other-school OV after commit; visited committed school,Call Today,High,city-level geography; commit date captured; post-commit activity captured,,,,,,,,,,,2027,46145113,Jerry Outhouse Jr.,CB,UCLA,Hard Commit,no,yes,55,75,Vulnerable,14.3%,85.7%,33.4%,66.6%,4-star,100,5/1/2026,"North Crowley (Fort Worth, TX)",Fort Worth,TX,32.781954,-97.348573,Texas,TX,30.26715,-97.74306,172,nearby,city,far,4,4,0,1,early commit; prior decommit; far; 4-star; other-school OV after commit,https://247sports.com/player/jerry-outhouse-jr-46145113/
66,Attack Now,geographic fit; 4-star; active after commitment,nearby; 4-star; other-school OV after commit,Call Today,High,city-level geography; commit date captured; post-commit activity captured,,,,,,,,,,,2027,46155569,DeMarco Jenkins,DL,Miami,Hard Commit,no,yes,52.0,64,Vulnerable,13.8%,86.2%,33.4%,66.6%,4-star,439,5/31/2026,"Pearland (Pearland, TX)",Pearland,TX,29.555732,-95.323012,Texas,TX,30.26715,-97.74306,155,nearby,city,far,2,2,0,0,early commit; first commitment; far; 4-star; other-school OV after commit,https://247sports.com/player/demarco-jenkins-46155569/
67,Attack Now,geographic fit; 4-star; active after commitment,nearby; 4-star; other-school OV after commit; visited committed school,Call Today,High,city-level geography; commit date captured; post-commit activity captured,,,,,,,,,,,2027,46146266,Ezekiel Ayangbile,DL,Miami,Hard Commit,no,yes,48.0,64,Weak / Attack,12.7%,87.3%,55.5%,44.5%,4-star,226,5/8/2026,"Langham Creek (Houston, TX)",Houston,TX,29.785743,-95.388806,Texas,TX,30.26715,-97.74306,147,nearby,city,far,3,3,0,1,early commit; first commitment; far; 4-star; other-school OV after commit,https://247sports.com/player/ezekiel-ayangbile-46146266/
68,Attack Now,geographic fit; regional/rival school; active after commitment,nearby; regional/rival commit; other-school OV after commit,Call Today,High,city-level geography; commit date captured; post-commit activity captured,,,,,,,,,,,2027,46167275,Thomas Muiruri,OT,Houston,Hard Commit,no,yes,59.0,65,Vulnerable,9.3%,90.7%,33.4%,66.6%,3-star,NA,5/30/2026,"Haslet Eaton (Haslet, TX)",Haslet,TX,32.966518,-97.337825,Texas,TX,30.26715,-97.74306,188,nearby,city,nearby,1,1,0,0,early commit; first commitment; thin position group; other-school OV after commit,https://247sports.com/player/thomas-muiruri-46167275/
69,Attack Now,geographic fit; regional/rival school; active after commitment,nearby; regional/rival commit; other-school OV after commit,Call Today,High,city-level geography; commit date captured; post-commit activity captured,,,,,,,,,,,2027,46166839,Sonny Mullen,OT,Houston,Hard Commit,no,yes,47.0,65,Weak / Attack,7.1%,92.9%,55.5%,44.5%,3-star,NA,5/30/2026,"Troy (Troy, TX)",Troy,TX,31.193982,-97.300358,Texas,TX,30.26715,-97.74306,69,nearby,city,nearby,3,3,0,0,early commit; first commitment; thin position group; other-school OV after commit,https://247sports.com/player/sonny-mullen-46166839/
70,Attack Now,geographic fit; regional/rival school; active after commitment,nearby; regional/rival commit; other-school OV after commit; other-school offers after commit; visited committed school,Call Today,High,city-level geography; commit date captured; post-commit activity captured,,,,,,,,,,,2027,46158603,Braylon Lane,WR,Houston,Hard Commit,no,yes,54,74,Vulnerable,6.0%,94.0%,33.4%,66.6%,3-star,NA,3/31/2026,"C.E. King (Houston, TX)",Houston,TX,29.785743,-95.388806,Texas,TX,30.26715,-97.74306,147,nearby,city,in_state,5,5,1,1,early commit; first commitment; other-school OV after commit; other-school offers after commit,https://247sports.com/player/braylon-lane-46158603/
71,Attack Now,regional proximity; regional/rival school; active after commitment,regional; regional/rival commit; other-school OV after commit; visited committed school,Call Today,High,city-level geography; commit date captured; post-commit activity captured,,,,,,,,,,,2027,46164724,Josiah Morgan,WR,Houston,Hard Commit,no,yes,57.0,67,Vulnerable,5.3%,94.7%,33.4%,66.6%,3-star,853,5/2/2026,"Ruston (Ruston, LA)",Ruston,LA,32.532986,-92.635327,Texas,TX,30.26715,-97.74306,339,regional,city,nearby,2,2,0,1,early commit; first commitment; other-school OV after commit,https://247sports.com/player/josiah-morgan-46164724/
72,Attack Now,regional proximity; regional/rival school; 5-star; active after commitment,regional; 5-star; regional/rival commit; other-school OV after commit,Call Today,High,city-level geography; commit date captured; post-commit activity captured,,,,,,,,,,,2027,46159790,Gabriel Osborne Jr.,CB,Oklahoma,Hard Commit,no,yes,45.0,63,Weak / Attack,4.0%,96.0%,55.5%,44.5%,5-star,40,6/1/2026,"Mustang (Mustang, OK)",Mustang,OK,35.391847,-97.72514,Texas,TX,30.26715,-97.74306,354,regional,city,nearby,3,3,0,0,early commit; first commitment; 5-star; other-school OV after commit,https://247sports.com/player/gabriel-osborne-jr-46159790/
73,Attack Now,regional proximity; regional/rival school; active after commitment,regional; regional/rival commit; other-school OV after commit,Call Today,High,city-level geography; commit date captured; post-commit activity captured,,,,,,,,,,,2027,46166311,Gary Burney Jr.,WR,Houston,Hard Commit,no,yes,55.0,73,Vulnerable,2.4%,97.6%,33.4%,66.6%,3-star,608,5/30/2026,"Parkway (Bossier City, LA)",Bossier City,LA,32.523674,-93.655426,Texas,TX,30.26715,-97.74306,283,regional,city,nearby,3,3,0,0,early commit; first commitment; other-school OV after commit,https://247sports.com/player/gary-burney-jr-46166311/
74,Strong Texas Angle,regional/rival school; 5-star,5-star; regional/rival commit; visited committed school,Coach Review,High,city-level geography; commit date captured; post-commit activity captured,,,,,,,,,,,2027,46150124,Raylaun Henry,CB,Texas A&M,Hard Commit,no,yes,25,25,Weak / Attack,66.3%,33.7%,55.5%,44.5%,5-star,26,11/15/2025,"St. Frances Academy (Baltimore, MD)",Baltimore,MD,39.300032,-76.610476,Texas,TX,30.26715,-97.74306,1347,far,city,far,0,0,0,2,very early commit; first commitment; only commit at position; far; 5-star,https://247sports.com/player/raylaun-henry-46150124/
75,Strong Texas Angle,regional/rival school; 4-star,4-star; regional/rival commit,Coach Review,Medium,city-level geography; commit date captured; no post-commit activity captured,,,,,,,,,,,2027,46149635,Demare Dezeurn,WR,Oklahoma,Hard Commit,no,yes,33,33,Weak / Attack,47.9%,52.1%,55.5%,44.5%,4-star,151,9/9/2025,"Westlake (Westlake Village, CA)",Westlake Village,CA,34.136675,-118.817367,Texas,TX,30.26715,-97.74306,1258,far,city,far,0,0,0,0,very early commit; first commitment; thin position group; far; 4-star,https://247sports.com/player/demare-dezeurn-46149635/
76,Strong Texas Angle,regional/rival school; 4-star,4-star; regional/rival commit,Coach Review,Medium,city-level geography; commit date captured; no post-commit activity captured,,,,,,,,,,,2027,46153654,Myels Smith,DL,Texas A&M,Hard Commit,no,yes,53,53,Vulnerable,47.3%,52.7%,33.4%,66.6%,4-star,52,12/20/2025,"Inglewood (Los Angeles, CA)",Los Angeles,CA,34.019394,-118.410825,Texas,TX,30.26715,-97.74306,1225,far,city,far,0,0,0,0,early commit; first commitment; thin position group; far; 4-star,https://247sports.com/player/myels-smith-46153654/
77,Strong Texas Angle,regional/rival school; 5-star,5-star; regional/rival commit; visited committed school,Coach Review,High,city-level geography; commit date captured; post-commit activity captured,,,,,,,,,,,2027,46153198,Kamarui Dorsey,S,Texas A&M,Hard Commit,no,yes,33,33,Weak / Attack,47.0%,53.0%,55.5%,44.5%,5-star,17,11/1/2025,"Hampton (Hampton, GA)",Hampton,GA,33.377704,-84.298974,Texas,TX,30.26715,-97.74306,817,far,city,regional,0,0,0,1,very early commit; first commitment; thin position group; 5-star,https://247sports.com/player/kamarui-dorsey-46153198/
78,Strong Texas Angle,regional proximity; regional/rival school; 4-star,regional; 4-star; regional/rival commit,Coach Review,Medium,city-level geography; commit date captured; no post-commit activity captured,,,,,,,,,,,2027,46156828,Greydon Howell,ATH,Oklahoma,Hard Commit,no,yes,52,52,Vulnerable,47.0%,53.0%,33.4%,66.6%,4-star,406,3/8/2026,"Broken Bow (Broken Bow, OK)",Broken Bow,OK,34.028862,-94.741357,Texas,TX,30.26715,-97.74306,314,regional,city,nearby,0,0,0,0,early commit; first commitment; only commit at position; 4-star,https://247sports.com/player/greydon-howell-46156828/
79,Strong Texas Angle,regional proximity; regional/rival school; 4-star,regional; 4-star; regional/rival commit; visited committed school,Coach Review,High,city-level geography; commit date captured; post-commit activity captured,,,,,,,,,,,2027,46135085,Peyton Houston,QB,LSU,Hard Commit,no,yes,33,33,Weak / Attack,42.8%,57.2%,55.5%,44.5%,4-star,94,9/15/2025,"Evangel Christian Academy (Shreveport, LA)",Shreveport,LA,32.466879,-93.792193,Texas,TX,30.26715,-97.74306,282,regional,city,nearby,0,0,0,3,very early commit; first commitment; only commit at position; 4-star,https://247sports.com/player/peyton-houston-46135085/
80,Strong Texas Angle,geographic fit; regional/rival school; 4-star,nearby; 4-star; regional/rival commit,Coach Review,Medium,city-level geography; commit date captured; no post-commit activity captured,,,,,,,,,,,2027,46145096,Kavian Bryant,QB,Texas Tech,Hard Commit,no,yes,31,31,Weak / Attack,38.6%,61.4%,55.5%,44.5%,4-star,45,11/1/2025,"Palestine Westwood (Palestine, TX)",Palestine,TX,31.754512,-95.646953,Texas,TX,30.26715,-97.74306,162,nearby,city,regional,0,0,0,0,very early commit; first commitment; only commit at position; 4-star,https://247sports.com/player/kavian-bryant-46145096/
81,Strong Texas Angle,geographic fit; 4-star,nearby; 4-star,Coach Review,Medium,city-level geography; commit date captured; no post-commit activity captured,,,,,,,,,,,2027,46144140,CaDarius McMiller,RB,Oregon,Hard Commit,no,yes,45,45,Weak / Attack,37.8%,62.2%,55.5%,44.5%,4-star,186,2/14/2026,"Tyler High (Tyler, TX)",Tyler,TX,32.317258,-95.305886,Texas,TX,30.26715,-97.74306,204,nearby,city,cross_country,0,0,0,0,early commit; first commitment; only commit at position; cross country; 4-star,https://247sports.com/player/cadarius-mcmiller-46144140/
82,Strong Texas Angle,geographic fit; 4-star,nearby; 4-star,Coach Review,Medium,city-level geography; commit date captured; no post-commit activity captured,,,,,,,,,,,2027,46139730,Zane Rowe,DL,Oregon,Hard Commit,no,yes,65,65,Stable / Monitor,34.4%,65.6%,17.5%,82.5%,4-star,114,3/13/2026,"Denton Guyer (Denton, TX)",Denton,TX,33.217449,-97.141346,Texas,TX,30.26715,-97.74306,207,nearby,city,cross_country,0,0,0,0,early commit; prior decommit; only commit at position; cross country; 4-star,https://247sports.com/player/zane-rowe-46139730/
83,Strong Texas Angle,regional/rival school; 4-star,4-star; regional/rival commit,Coach Review,Medium,city-level geography; commit date captured; no post-commit activity captured,,,,,,,,,,,2027,46146443,Elija Harmon,DL,Oklahoma,Hard Commit,no,yes,33,33,Weak / Attack,30.7%,69.3%,55.5%,44.5%,4-star,266,12/7/2025,"Inglewood (Inglewood, CA)",Inglewood,CA,33.956068,-118.344274,Texas,TX,30.26715,-97.74306,1231,far,city,far,0,0,0,0,very early commit; first commitment; thin position group; far; 4-star,https://247sports.com/player/elija-harmon-46146443/
84,Strong Texas Angle,regional/rival school; 5-star,5-star; regional/rival commit,Coach Review,Medium,city-level geography; commit date captured; no post-commit activity captured,,,,,,,,,,,2027,46145686,Seneca Driver,TE,Oklahoma,Hard Commit,no,yes,48,48,Weak / Attack,30.6%,69.4%,55.5%,44.5%,5-star,42,3/7/2026,"Boyle County (Danville, KY)",Danville,KY,37.639256,-84.776013,Texas,TX,30.26715,-97.74306,900,far,city,regional,0,0,0,0,early commit; first commitment; only commit at position; 5-star,https://247sports.com/player/seneca-driver-46145686/
85,Strong Texas Angle,geographic fit; 4-star,nearby; 4-star,Coach Review,Medium,city-level geography; commit date captured; no post-commit activity captured,,,,,,,,,,,2027,46142231,Taelyn Mayo,CB,Ole Miss,Hard Commit,no,yes,51,51,Vulnerable,29.4%,70.6%,33.4%,66.6%,4-star,279,5/1/2026,"Lewisville (Lewisville, TX)",Lewisville,TX,33.050725,-96.974623,Texas,TX,30.26715,-97.74306,197,nearby,city,regional,0,0,0,0,early commit; first commitment; only commit at position; 4-star,https://247sports.com/player/taelyn-mayo-46142231/
86,Strong Texas Angle,regional proximity; regional/rival school; 4-star,regional; 4-star; regional/rival commit,Coach Review,Medium,city-level geography; commit date captured; no post-commit activity captured,,,,,,,,,,,2027,46149737,Malachi Zeigler,QB,SMU,Hard Commit,no,yes,33,33,Weak / Attack,28.6%,71.4%,55.5%,44.5%,4-star,287,10/19/2025,"Benton (Benton, LA)",Benton,LA,32.68958,-93.740132,Texas,TX,30.26715,-97.74306,289,regional,city,nearby,0,0,0,0,very early commit; first commitment; only commit at position; 4-star,https://247sports.com/player/malachi-zeigler-46149737/
87,Strong Texas Angle,regional proximity; regional/rival school; 4-star,regional; 4-star; regional/rival commit; visited committed school,Coach Review,High,city-level geography; commit date captured; post-commit activity captured,,,,,,,,,,,2027,46158183,Jamison Roberts,QB,Oklahoma,Hard Commit,no,yes,51,51,Vulnerable,26.6%,73.4%,33.4%,66.6%,4-star,243,3/7/2026,"Saraland (Saraland, AL)",Saraland,AL,30.854573,-88.109844,Texas,TX,30.26715,-97.74306,574,regional,city,regional,0,0,0,1,early commit; first commitment; only commit at position; 4-star,https://247sports.com/player/jamison-roberts-46158183/
88,Strong Texas Angle,regional/rival school; 4-star,4-star; regional/rival commit; visited committed school,Coach Review,High,city-level geography; commit date captured; post-commit activity captured,,,,,,,,,,,2027,46146822,Taven Epps,LB,Oklahoma,Hard Commit,no,yes,70,70,Stable / Monitor,25.1%,74.9%,17.5%,82.5%,4-star,92,1/10/2026,"Tustin (Tustin, CA)",Tustin,CA,33.73092,-117.810599,Texas,TX,30.26715,-97.74306,1199,far,city,far,0,0,0,1,early commit; prior decommit; thin position group; far; 4-star,https://247sports.com/player/taven-epps-46146822/
89,Strong Texas Angle,regional proximity; regional/rival school; 4-star,regional; 4-star; regional/rival commit,Coach Review,Medium,city-level geography; commit date captured; no post-commit activity captured,,,,,,,,,,,2027,46146546,Qua Ford,IOL,SMU,Hard Commit,no,yes,55,55,Vulnerable,24.0%,76.0%,33.4%,66.6%,4-star,382,4/6/2026,"Texas High (Texarkana, TX)",Texarkana,TX,33.449204,-94.085008,Texas,TX,30.26715,-97.74306,308,regional,city,nearby,0,0,0,0,early commit; first commitment; only commit at position; 4-star,https://247sports.com/player/qua-ford-46146546/
90,Strong Texas Angle,regional/rival school; 5-star,5-star; regional/rival commit,Coach Review,Medium,city-level geography; commit date captured; no post-commit activity captured,,,,,,,,,,,2027,46151892,Zyron Forstall,Edge,Texas A&M,Hard Commit,no,yes,50,50,Vulnerable,21.2%,78.8%,33.4%,66.6%,5-star,44,3/31/2026,"IMG Academy (Bradenton, FL)",Bradenton,FL,27.489798,-82.576804,Texas,TX,30.26715,-97.74306,937,far,city,far,0,0,0,0,early commit; first commitment; thin position group; far; 5-star,https://247sports.com/player/zyron-forstall-46151892/
91,Strong Texas Angle,geographic fit; regional/rival school; 4-star,nearby; 4-star; regional/rival commit; visited committed school,Coach Review,High,city-level geography; commit date captured; post-commit activity captured,,,,,,,,,,,2027,46146968,DeMarrion Johnson,OT,Texas A&M,Hard Commit,no,yes,48,48,Weak / Attack,21.1%,78.9%,55.5%,44.5%,4-star,259,8/12/2025,"Tyler Legacy (Tyler, TX)",Tyler,TX,32.317258,-95.305886,Texas,TX,30.26715,-97.74306,204,nearby,city,nearby,0,0,0,3,very early commit; first commitment; 4-star,https://247sports.com/player/demarrion-johnson-46146968/
92,Strong Texas Angle,geographic fit; regional/rival school; 4-star,nearby; 4-star; regional/rival commit,Coach Review,Medium,city-level geography; commit date captured; no post-commit activity captured,,,,,,,,,,,2027,46144141,Trey Haralson,WR,SMU,Hard Commit,no,yes,55,55,Vulnerable,21.1%,78.9%,33.4%,66.6%,4-star,234,4/11/2026,"Tyler High (Tyler, TX)",Tyler,TX,32.317258,-95.305886,Texas,TX,30.26715,-97.74306,204,nearby,city,nearby,0,0,0,0,early commit; first commitment; only commit at position; 4-star,https://247sports.com/player/trey-haralson-46144141/
93,Strong Texas Angle,regional proximity; regional/rival school; 5-star,regional; 5-star; regional/rival commit,Coach Review,Medium,city-level geography; commit date captured; no post-commit activity captured,,,,,,,,,,,2027,46156728,Cooper Hackett,OT,Oklahoma,Hard Commit,no,yes,49,49,Weak / Attack,20.9%,79.1%,55.5%,44.5%,5-star,14,9/25/2025,"Fort Gibson (Fort Gibson, OK)",Fort Gibson,OK,35.782175,-95.260139,Texas,TX,30.26715,-97.74306,407,regional,city,nearby,0,0,0,0,very early commit; thin position group; 5-star,https://247sports.com/player/cooper-hackett-46156728/
94,Strong Texas Angle,geographic fit; regional/rival school; 5-star,nearby; 5-star; regional/rival commit,Coach Review,Medium,city-level geography; commit date captured; no post-commit activity captured,,,,,,,,,,,2027,46150577,Cooper Witten,LB,Oklahoma,Hard Commit,no,yes,55,55,Vulnerable,15.0%,85.0%,33.4%,66.6%,5-star,28,3/3/2026,"Liberty Christian (Argyle, TX)",Argyle,TX,33.105493,-97.17752,Texas,TX,30.26715,-97.74306,199,nearby,city,nearby,0,0,0,0,early commit; first commitment; thin position group; 5-star,https://247sports.com/player/cooper-witten-46150577/
95,Strong Texas Angle,regional proximity; regional/rival school; 5-star,regional; 5-star; regional/rival commit,Coach Review,Medium,city-level geography; commit date captured; no post-commit activity captured,,,,,,,,,,,2027,46151261,Kaeden Penny,IOL,Oklahoma,Hard Commit,no,yes,40,40,Weak / Attack,9.4%,90.6%,55.5%,44.5%,5-star,37,9/25/2025,"Bixby (Bixby, OK)",Bixby,OK,35.945571,-95.878343,Texas,TX,30.26715,-97.74306,407,regional,city,nearby,0,0,0,0,very early commit; first commitment; 5-star,https://247sports.com/player/kaeden-penny-46151261/
96,Strong Texas Angle,geographic fit; regional/rival school; 4-star,nearby; 4-star; regional/rival commit,Coach Review,Medium,city-level geography; commit date captured; no post-commit activity captured,,,,,,,,,,,2027,46146544,Kaeden Scott,OT,Texas A&M,Hard Commit,no,yes,68,68,Stable / Monitor,8.7%,91.3%,17.5%,82.5%,4-star,164,1/18/2026,"San Antonio Roosevelt (San Antonio, TX)",San Antonio,TX,29.462809,-98.524635,Texas,TX,30.26715,-97.74306,74,nearby,city,nearby,0,0,0,0,early commit; first commitment; 4-star,https://247sports.com/player/kaeden-scott-46146544/
97,Strong Texas Angle,geographic fit; regional/rival school; 5-star,nearby; 5-star; regional/rival commit; visited committed school,Coach Review,High,city-level geography; commit date captured; post-commit activity captured,,,,,,,,,,,2027,46152521,Kennedy Brown,OT,Texas A&M,Hard Commit,no,yes,63,63,Vulnerable,2.4%,97.6%,33.4%,66.6%,5-star,19,4/26/2026,"Kingwood (Humble, TX)",Humble,TX,29.988207,-95.264356,Texas,TX,30.26715,-97.74306,149,nearby,city,nearby,0,0,0,1,early commit; first commitment; 5-star,https://247sports.com/player/kennedy-brown-46152521/
98,Strong Texas Angle,regional/rival school; 5-star,5-star; regional/rival commit,Coach Review,Medium,city-level geography; commit date captured; no post-commit activity captured,,,,,,,,,,,2027,46145576,Mark Matthews,OT,Texas A&M,Hard Commit,no,yes,55,55,Vulnerable,1.8%,98.2%,33.4%,66.6%,5-star,5,5/15/2026,"St. Thomas Aquinas (Fort Lauderdale, FL)",Fort Lauderdale,FL,26.141227,-80.146731,Texas,TX,30.26715,-97.74306,1108,far,city,far,0,0,0,0,early commit; first commitment; far; 5-star,https://247sports.com/player/mark-matthews-46145576/
99,Monitor,4-star,4-star,Coach Review,Medium,city-level geography; commit date captured; no post-commit activity captured,,,,,,,,,,,2027,46154687,Richie Flanigan,DL,Notre Dame,Hard Commit,no,yes,37,37,Weak / Attack,69.9%,30.1%,55.5%,44.5%,4-star,395,9/25/2025,"Notre Dame Academy (Green Bay, WI)",Green Bay,WI,44.521542,-87.986568,Texas,TX,30.26715,-97.74306,1118,far,city,nearby,0,0,0,0,very early commit; first commitment; thin position group; 4-star,https://247sports.com/player/richie-flanigan-46154687/
100,Monitor,regional proximity; 4-star,regional; 4-star; visited committed school,Coach Review,High,city-level geography; commit date captured; post-commit activity captured,,,,,,,,,,,2027,46145331,Cameron Pritchett,Edge,Oregon,Hard Commit,no,yes,30,30,Weak / Attack,61.9%,38.1%,55.5%,44.5%,4-star,249,6/2/2025,"Thompson (Alabaster, AL)",Alabaster,AL,33.214355,-86.82308,Texas,TX,30.26715,-97.74306,674,regional,city,cross_country,0,0,0,1,very early commit; first commitment; thin position group; cross country; 4-star,https://247sports.com/player/cameron-pritchett-46145331/
101,Monitor,regional proximity; 4-star,regional; 4-star; visited committed school,Coach Review,High,city-level geography; commit date captured; post-commit activity captured,,,,,,,,,,,2027,46143876,Gunner Rivers,QB,NC State,Hard Commit,no,yes,47,47,Weak / Attack,56.4%,43.6%,55.5%,44.5%,4-star,138,2/23/2026,"St. Michael Catholic (Fairhope, AL)",Fairhope,AL,30.52092,-87.879122,Texas,TX,30.26715,-97.74306,587,regional,city,regional,0,0,0,1,early commit; first commitment; only commit at position; 4-star,https://247sports.com/player/gunner-rivers-46143876/
102,Monitor,4-star,4-star; visited committed school,Coach Review,High,city-level geography; commit date captured; post-commit activity captured,,,,,,,,,,,2027,46154755,Kharim Hughley,QB,Clemson,Hard Commit,no,yes,30,30,Weak / Attack,51.4%,48.6%,55.5%,44.5%,4-star,171,7/10/2025,"Gainesville (Gainesville, GA)",Gainesville,GA,34.2901,-83.829106,Texas,TX,30.26715,-97.74306,859,far,city,nearby,0,0,0,1,very early commit; first commitment; only commit at position; 4-star,https://247sports.com/player/kharim-hughley-46154755/
103,Need Texas Signal,active after commitment; no clear Texas-specific signal captured,other-school offers after commit,Need Intel,High,city-level geography; commit date captured; post-commit activity captured,,,,,,,,,,,2027,46144117,Tank White,ATH,Syracuse,Hard Commit,no,yes,26.0,29,Weak / Attack,95.5%,4.5%,55.5%,44.5%,3-star,NA,6/7/2024,"Melbourne Central Catholic (Melbourne, FL)",Melbourne,FL,28.110438,-80.662717,Texas,TX,30.26715,-97.74306,1044,far,city,far,0,0,4,0,very early commit; first commitment; only commit at position; far; other-school offers after commit,https://247sports.com/player/tank-white-46144117/
104,Need Texas Signal,active after commitment; no clear Texas-specific signal captured,other-school OV after commit; other-school offers after commit; visited committed school,Need Intel,High,city-level geography; commit date captured; post-commit activity captured,,,,,,,,,,,2027,46156635,Jacob Thomas,WR,Pittsburgh,Hard Commit,no,yes,8,28,Weak / Attack,91.8%,8.2%,55.5%,44.5%,3-star,830,3/1/2025,"Flanagan (Hollywood, FL)",Hollywood,FL,26.030967,-80.164609,Texas,TX,30.26715,-97.74306,1110,far,city,far,3,3,21,1,very early commit; first commitment; only commit at position; far; other-school OV after commit,https://247sports.com/player/jacob-thomas-46156635/
105,Need Texas Signal,active after commitment; no clear Texas-specific signal captured,other-school offers after commit; visited committed school,Need Intel,High,city-level geography; commit date captured; post-commit activity captured,,,,,,,,,,,2027,46156736,Tyler Reid,RB,Pittsburgh,Hard Commit,no,yes,29.8,30,Weak / Attack,89.9%,10.1%,55.5%,44.5%,3-star,729,3/6/2025,"St. Thomas Aquinas (Miramar, FL)",Miramar,FL,25.972529,-80.338582,Texas,TX,30.26715,-97.74306,1106,far,city,far,0,0,3,1,very early commit; first commitment; only commit at position; far; other-school offers after commit,https://247sports.com/player/tyler-reid-46156736/
106,Need Texas Signal,no clear Texas-specific signal captured,,Need Intel,Medium,city-level geography; commit date captured; no post-commit activity captured,,,,,,,,,,,2027,46150339,Jackson Tucker,S,Boston College,Hard Commit,no,yes,37,37,Weak / Attack,89.7%,10.3%,55.5%,44.5%,3-star,608,10/7/2024,"Catholic Memorial (West Roxbury, MA)",West Roxbury,MA,,,Texas,TX,30.26715,-97.74306,1688,cross_country,city,in_state,0,0,0,0,very early commit; first commitment; only commit at position,https://247sports.com/player/jackson-tucker-46150339/
107,Need Texas Signal,no clear Texas-specific signal captured,,Need Intel,Medium,city-level geography; commit date captured; no post-commit activity captured,,,,,,,,,,,2027,46139621,Skylar Robinson,ATH,North Carolina,Hard Commit,no,yes,28,28,Weak / Attack,88.0%,12.0%,55.5%,44.5%,3-star,NA,2/1/2025,"Chaminade (West Hills, CA)",West Hills,CA,,,Texas,TX,30.26715,-97.74306,1249,far,city,cross_country,0,0,0,0,very early commit; first commitment; only commit at position; cross country,https://247sports.com/player/skylar-robinson-46139621/
108,Need Texas Signal,no clear Texas-specific signal captured,,Need Intel,Medium,city-level geography; commit date captured; no post-commit activity captured,,,,,,,,,,,2027,46157065,Travis Miles,S,Syracuse,Hard Commit,no,yes,35,35,Weak / Attack,87.4%,12.6%,55.5%,44.5%,3-star,705,3/26/2025,"Hillside (Hillside, NJ)",Hillside,NJ,,,Texas,TX,30.26715,-97.74306,1500,far,city,nearby,0,0,0,0,very early commit; first commitment; only commit at position,https://247sports.com/player/travis-miles-46157065/
109,Need Texas Signal,5-star; active after commitment; no clear Texas-specific signal captured,5-star; other-school offers after commit; visited committed school,Need Intel,High,city-level geography; commit date captured; post-commit activity captured,,,,,,,,,,,2027,46144180,Jamier Brown,WR,Ohio State,Hard Commit,no,yes,32,32,Weak / Attack,78.5%,21.5%,55.5%,44.5%,5-star,21,11/23/2024,"Big Walnut (Sunbury, OH)",Sunbury,OH,40.249405,-82.880199,Texas,TX,30.26715,-97.74306,1083,far,city,nearby,0,0,1,1,very early commit; first commitment; only commit at position; 5-star; other-school offers after commit,https://247sports.com/player/jamier-brown-46144180/
110,Need Texas Signal,active after commitment; no clear Texas-specific signal captured,other-school OV after commit; other-school offers after commit; visited committed school,Need Intel,High,city-level geography; commit date captured; post-commit activity captured,,,,,,,,,,,2027,46159628,Brandon Allen Jr.,CB,Mississippi State,Hard Commit,no,yes,11,31,Weak / Attack,77.8%,22.2%,55.5%,44.5%,3-star,705,9/29/2025,"Westlake (Atlanta, GA)",Atlanta,GA,33.762909,-84.422675,Texas,TX,30.26715,-97.74306,818,far,city,regional,6,6,17,1,very early commit; first commitment; only commit at position; other-school OV after commit; other-school offers after commit,https://247sports.com/player/brandon-allen-jr-46159628/
111,Need Texas Signal,4-star; active after commitment; no clear Texas-specific signal captured,4-star; other-school offers after commit; visited committed school,Need Intel,High,city-level geography; commit date captured; post-commit activity captured,,,,,,,,,,,2027,46140325,Brady Edmunds,QB,Ohio State,Hard Commit,no,yes,21.8,22,Weak / Attack,77.3%,22.7%,55.5%,44.5%,4-star,224,12/2/2024,"Huntington Beach (Huntington Beach, CA)",Huntington Beach,CA,33.698007,-118.003834,Texas,TX,30.26715,-97.74306,1208,far,city,cross_country,0,0,3,1,very early commit; first commitment; only commit at position; cross country; 4-star,https://247sports.com/player/brady-edmunds-46140325/
112,Need Texas Signal,active after commitment; no clear Texas-specific signal captured,other-school OV after commit; other-school offers after commit; visited committed school,Need Intel,High,city-level geography; commit date captured; post-commit activity captured,,,,,,,,,,,2027,46154726,Jemari Foreman,S,Florida State,Hard Commit,no,yes,13,33,Weak / Attack,76.2%,23.8%,55.5%,44.5%,3-star,608,9/6/2025,"Cypress Bay (Fort Lauderdale, FL)",Fort Lauderdale,FL,26.141227,-80.146731,Texas,TX,30.26715,-97.74306,1108,far,city,regional,2,4,13,2,very early commit; first commitment; only commit at position; other-school OV after commit; other-school offers after commit,https://247sports.com/player/jemari-foreman-46154726/
113,Need Texas Signal,active after commitment; no clear Texas-specific signal captured,other-school OV after commit; other-school offers after commit; visited committed school,Need Intel,High,city-level geography; commit date captured; post-commit activity captured,,,,,,,,,,,2027,46146328,Angelo Smith,S,Ohio State,Hard Commit,no,yes,25.0,35,Weak / Attack,76.1%,23.9%,55.5%,44.5%,3-star,839,9/21/2025,"Chaminade-Madonna (Hollywood, FL)",Hollywood,FL,26.030967,-80.164609,Texas,TX,30.26715,-97.74306,1110,far,city,far,1,1,8,1,very early commit; first commitment; thin position group; far; other-school OV after commit,https://247sports.com/player/angelo-smith-46146328/
114,Need Texas Signal,4-star; active after commitment; no clear Texas-specific signal captured,4-star; other-school offers after commit; visited committed school,Need Intel,High,city-level geography; commit date captured; post-commit activity captured,,,,,,,,,,,2027,46143706,Jaylyn Jones,S,Miami,Hard Commit,no,yes,19.0,29,Weak / Attack,74.4%,25.6%,55.5%,44.5%,4-star,320,6/23/2025,"McArthur (Hollywood, FL)",Hollywood,FL,26.030967,-80.164609,Texas,TX,30.26715,-97.74306,1110,far,city,nearby,0,0,16,1,very early commit; first commitment; only commit at position; 4-star; other-school offers after commit,https://247sports.com/player/jaylyn-jones-46143706/
115,Need Texas Signal,active after commitment; no clear Texas-specific signal captured,other-school offers after commit; visited committed school,Need Intel,High,city-level geography; commit date captured; post-commit activity captured,,,,,,,,,,,2027,46160979,Levi Babin,ATH,Maryland,Hard Commit,no,yes,31,31,Weak / Attack,71.0%,29.0%,55.5%,44.5%,3-star,NA,10/22/2025,"Episcopal (Alexandria, VA)",Alexandria,VA,38.819251,-77.08367,Texas,TX,30.26715,-97.74306,1313,far,city,nearby,0,0,1,1,very early commit; first commitment; only commit at position; other-school offers after commit,https://247sports.com/player/levi-babin-46160979/
116,Need Texas Signal,4-star; active after commitment; no clear Texas-specific signal captured,4-star; other-school OV after commit; other-school offers after commit,Need Intel,High,city-level geography; commit date captured; post-commit activity captured,,,,,,,,,,,2027,46154729,Demarcus Deroche,ATH,Miami,Hard Commit,no,yes,15.5,32,Weak / Attack,70.1%,29.9%,55.5%,44.5%,4-star,329,8/19/2025,"Cardinal Gibbons (Fort Lauderdale, FL)",Fort Lauderdale,FL,26.141227,-80.146731,Texas,TX,30.26715,-97.74306,1108,far,city,nearby,1,2,10,0,very early commit; first commitment; only commit at position; 4-star; other-school OV after commit,https://247sports.com/player/demarcus-deroche-46154729/
117,Need Texas Signal,no clear Texas-specific signal captured,visited committed school,Need Intel,High,city-level geography; commit date captured; post-commit activity captured,,,,,,,,,,,2027,46149944,Matamatagi Uiagalelei,DL,Washington,Hard Commit,no,yes,55,55,Vulnerable,69.9%,30.1%,33.4%,66.6%,3-star,NA,2/22/2026,"Mater Dei (Santa Ana, CA)",Santa Ana,CA,33.736332,-117.8829,Texas,TX,30.26715,-97.74306,1201,far,city,far,0,0,0,1,early commit; first commitment; thin position group; far,https://247sports.com/player/matamatagi-uiagalelei-46149944/
118,Need Texas Signal,active after commitment; no clear Texas-specific signal captured,other-school OV after commit; other-school offers after commit,Need Intel,High,city-level geography; commit date captured; post-commit activity captured,,,,,,,,,,,2027,46162043,Marcus Small,OT,Syracuse,Hard Commit,no,yes,10,30,Weak / Attack,68.4%,31.6%,55.5%,44.5%,3-star,NA,10/23/2025,"First Coast (Jacksonville, FL)",Jacksonville,FL,30.336864,-81.661603,Texas,TX,30.26715,-97.74306,959,far,city,far,3,4,3,0,very early commit; first commitment; only commit at position; far; other-school OV after commit,https://247sports.com/player/marcus-small-46162043/
119,Need Texas Signal,active after commitment; no clear Texas-specific signal captured,other-school offers after commit; visited committed school,Need Intel,High,city-level geography; commit date captured; post-commit activity captured,,,,,,,,,,,2027,46132000,Max Brown,ATH,Clemson,Hard Commit,no,yes,30.8,34,Weak / Attack,68.4%,31.6%,55.5%,44.5%,3-star,538,6/3/2025,"Jefferson (Jefferson, GA)",Jefferson,GA,34.136239,-83.602157,Texas,TX,30.26715,-97.74306,868,far,city,nearby,0,0,7,1,very early commit; first commitment; only commit at position; other-school offers after commit,https://247sports.com/player/max-brown-46132000/
120,Need Texas Signal,4-star; active after commitment; no clear Texas-specific signal captured,4-star; other-school OV after commit; other-school offers after commit; visited committed school,Need Intel,High,city-level geography; commit date captured; post-commit activity captured,,,,,,,,,,,2027,46154568,Chuck Alexander,WR,Louisville,Hard Commit,no,yes,25.5,34,Weak / Attack,68.0%,32.0%,55.5%,44.5%,4-star,378,11/29/2025,"Withrow (Cincinnati, OH)",Cincinnati,OH,39.140183,-84.505829,Texas,TX,30.26715,-97.74306,967,far,city,nearby,1,1,6,1,very early commit; first commitment; thin position group; 4-star; other-school OV after commit,https://247sports.com/player/chuck-alexander-46154568/
121,Need Texas Signal,4-star; active after commitment; no clear Texas-specific signal captured,4-star; other-school OV after commit; other-school offers after commit,Need Intel,High,city-level geography; commit date captured; post-commit activity captured,,,,,,,,,,,2027,46156088,Kadin Fife,DL,Tennessee,Hard Commit,no,yes,10,30,Weak / Attack,66.8%,33.2%,55.5%,44.5%,4-star,350,11/21/2025,"Chattooga (Summerville, GA)",Summerville,GA,34.478728,-85.349079,Texas,TX,30.26715,-97.74306,779,far,city,nearby,2,2,13,0,very early commit; first commitment; only commit at position; 4-star; other-school OV after commit,https://247sports.com/player/kadin-fife-46156088/
122,Need Texas Signal,active after commitment; no clear Texas-specific signal captured,other-school OV after commit; visited committed school,Need Intel,High,city-level geography; commit date captured; post-commit activity captured,,,,,,,,,,,2027,46154736,Bryian Duncan Jr.,ATH,Kentucky,Hard Commit,no,yes,52.0,56,Vulnerable,65.5%,34.5%,33.4%,66.6%,3-star,697,3/30/2026,"Cairo (Cairo, GA)",Cairo,GA,30.879229,-84.205505,Texas,TX,30.26715,-97.74306,806,far,city,regional,1,1,0,1,early commit; first commitment; thin position group; other-school OV after commit,https://247sports.com/player/bryian-duncan-jr-46154736/
123,Need Texas Signal,active after commitment; no clear Texas-specific signal captured,other-school offers after commit; visited committed school,Need Intel,High,city-level geography; commit date captured; post-commit activity captured,,,,,,,,,,,2027,46159353,Harrison Luke,S,Clemson,Hard Commit,no,yes,41,41,Weak / Attack,64.5%,35.5%,55.5%,44.5%,3-star,608,9/2/2025,"North Oconee (Bogart, GA)",Bogart,GA,33.947625,-83.533749,Texas,TX,30.26715,-97.74306,869,far,city,nearby,0,0,2,1,very early commit; first commitment; thin position group; other-school offers after commit,https://247sports.com/player/harrison-luke-46159353/
124,Need Texas Signal,no clear Texas-specific signal captured,visited committed school,Need Intel,High,city-level geography; commit date captured; post-commit activity captured,,,,,,,,,,,2027,46155383,Titus Osterman,ATH,Washington,Hard Commit,no,yes,58,58,Vulnerable,63.7%,36.3%,33.4%,66.6%,3-star,NA,1/31/2026,"Kimberly (Kimberly, ID)",Kimberly,ID,42.534894,-114.370689,Texas,TX,30.26715,-97.74306,1250,far,city,regional,0,0,0,1,early commit; first commitment; thin position group,https://247sports.com/player/titus-osterman-46155383/
125,Need Texas Signal,no clear Texas-specific signal captured,visited committed school,Need Intel,High,city-level geography; commit date captured; post-commit activity captured,,,,,,,,,,,2027,90720,Christian Chancellor Jr.,CB,Clemson,Hard Commit,no,yes,36,36,Weak / Attack,61.3%,38.7%,55.5%,44.5%,3-star,839,7/25/2025,"D.W. Daniel (Central, SC)",Central,SC,34.723405,-82.774706,Texas,TX,30.26715,-97.74306,924,far,city,nearby,0,0,0,2,very early commit; first commitment; only commit at position,https://247sports.com/player/christian-chancellor-jr-90720/
126,Need Texas Signal,no clear Texas-specific signal captured,,Need Intel,Medium,city-level geography; commit date captured; no post-commit activity captured,,,,,,,,,,,2027,46166750,Jacobi Pasley,ATH,West Virginia,Hard Commit,no,yes,58,58,Vulnerable,60.3%,39.7%,33.4%,66.6%,3-star,853,5/1/2026,"Bradwell Institute (Hinesville, GA)",Hinesville,GA,31.826702,-81.615773,Texas,TX,30.26715,-97.74306,961,far,city,regional,0,0,0,0,early commit; first commitment; thin position group,https://247sports.com/player/jacobi-pasley-46166750/
127,Need Texas Signal,no clear Texas-specific signal captured,,Need Intel,Medium,city-level geography; commit date captured; no post-commit activity captured,,,,,,,,,,,2027,46161368,Gunnar Perry,LB,California,Hard Commit,no,yes,53,53,Vulnerable,60.1%,39.9%,33.4%,66.6%,3-star,NA,2/6/2026,"Cactus Shadows (Scottsdale, AZ)",Scottsdale,AZ,33.684272,-111.861448,Texas,TX,30.26715,-97.74306,859,far,city,regional,0,0,0,0,early commit; first commitment; only commit at position,https://247sports.com/player/gunnar-perry-46161368/
128,Need Texas Signal,active after commitment; no clear Texas-specific signal captured,other-school offers after commit; visited committed school,Need Intel,High,city-level geography; commit date captured; post-commit activity captured,,,,,,,,,,,2027,46155003,Derek Fisher,S,Virginia,Hard Commit,no,yes,36,36,Weak / Attack,58.8%,41.2%,55.5%,44.5%,3-star,839,10/23/2025,"Bethel (Hampton, VA)",Hampton,VA,37.047961,-76.297293,Texas,TX,30.26715,-97.74306,1313,far,city,nearby,0,0,1,1,very early commit; first commitment; only commit at position; other-school offers after commit,https://247sports.com/player/derek-fisher-46155003/
129,Need Texas Signal,no clear Texas-specific signal captured,,Need Intel,Medium,city-level geography; commit date captured; no post-commit activity captured,,,,,,,,,,,2027,46154163,Gianni Porfilio,CB,Purdue,Hard Commit,no,yes,45,45,Weak / Attack,58.6%,41.4%,55.5%,44.5%,3-star,NA,5/14/2026,"Huntington Beach (Huntington Beach, CA)",Huntington Beach,CA,33.698007,-118.003834,Texas,TX,30.26715,-97.74306,1208,far,city,cross_country,0,0,0,0,early commit; first commitment; only commit at position; cross country,https://247sports.com/player/gianni-porfilio-46154163/
130,Need Texas Signal,active after commitment; no clear Texas-specific signal captured,other-school offers after commit; visited committed school,Need Intel,High,city-level geography; commit date captured; post-commit activity captured,,,,,,,,,,,2027,46148922,Colin Urrea,IOL,Pittsburgh,Hard Commit,no,yes,32.8,33,Weak / Attack,58.4%,41.6%,55.5%,44.5%,3-star,NA,6/15/2025,"Community School of Naples (Naples, FL)",Naples,FL,26.150485,-81.795299,Texas,TX,30.26715,-97.74306,1011,far,city,far,0,0,3,1,very early commit; first commitment; thin position group; far; other-school offers after commit,https://247sports.com/player/colin-urrea-46148922/
131,Need Texas Signal,active after commitment; no clear Texas-specific signal captured,other-school offers after commit,Need Intel,High,city-level geography; commit date captured; post-commit activity captured,,,,,,,,,,,2027,46160185,Braylon Otis,Edge,Boston College,Hard Commit,no,yes,53.5,55,Vulnerable,57.9%,42.1%,33.4%,66.6%,3-star,NA,2/9/2026,"Liverpool (Liverpool, NY)",Liverpool,NY,43.105566,-76.209664,Texas,TX,30.26715,-97.74306,1479,far,city,nearby,0,0,2,0,early commit; first commitment; only commit at position; other-school offers after commit,https://247sports.com/player/braylon-otis-46160185/
132,Need Texas Signal,active after commitment; no clear Texas-specific signal captured,other-school offers after commit; visited committed school,Need Intel,High,city-level geography; commit date captured; post-commit activity captured,,,,,,,,,,,2027,46147767,Christian Freeman,RB,NC State,Hard Commit,no,yes,38,38,Weak / Attack,57.2%,42.8%,55.5%,44.5%,3-star,NA,7/4/2025,"Southeast Raleigh (Raleigh, NC)",Raleigh,NC,35.831868,-78.641042,Texas,TX,30.26715,-97.74306,1168,far,city,in_state,0,0,2,1,very early commit; first commitment; only commit at position; other-school offers after commit,https://247sports.com/player/christian-freeman-46147767/
133,Need Texas Signal,no clear Texas-specific signal captured,visited committed school,Need Intel,High,city-level geography; commit date captured; post-commit activity captured,,,,,,,,,,,2027,46165766,Tyler Frederick,DL,Northwestern,Hard Commit,no,yes,54,54,Vulnerable,56.7%,43.3%,33.4%,66.6%,3-star,NA,5/15/2026,"Gonzaga (Washington, DC)",Washington,DC,38.904247,-77.016517,Texas,TX,30.26715,-97.74306,1316,far,city,regional,0,0,0,1,early commit; first commitment; only commit at position,https://247sports.com/player/tyler-frederick-46165766/
134,Need Texas Signal,active after commitment; no clear Texas-specific signal captured,other-school offers after commit; visited committed school,Need Intel,High,city-level geography; commit date captured; post-commit activity captured,,,,,,,,,,,2027,46159279,Kevin Verpaele,QB,Pittsburgh,Hard Commit,no,yes,28.5,31,Weak / Attack,56.5%,43.5%,55.5%,44.5%,3-star,495,10/28/2025,"Merritt Island (Merritt Island, FL)",Merritt Island,FL,28.309239,-80.675956,Texas,TX,30.26715,-97.74306,1035,far,city,far,0,0,6,1,very early commit; first commitment; only commit at position; far; other-school offers after commit,https://247sports.com/player/kevin-verpaele-46159279/
135,Need Texas Signal,no clear Texas-specific signal captured,visited committed school,Need Intel,High,city-level geography; commit date captured; post-commit activity captured,,,,,,,,,,,2027,46160026,Dustin Roach,S,Wisconsin,Hard Commit,no,yes,55,55,Vulnerable,56.5%,43.5%,33.4%,66.6%,3-star,NA,1/23/2026,"Catholic Memorial (Waukesha, WI)",Waukesha,WI,43.009084,-88.245062,Texas,TX,30.26715,-97.74306,1025,far,city,nearby,0,0,0,1,early commit; first commitment; only commit at position,https://247sports.com/player/dustin-roach-46160026/
136,Need Texas Signal,no clear Texas-specific signal captured,visited committed school,Need Intel,High,city-level geography; commit date captured; post-commit activity captured,,,,,,,,,,,2027,46164646,Sutton Gutting,ATH,Mississippi State,Hard Commit,no,yes,55,55,Vulnerable,56.1%,43.9%,33.4%,66.6%,3-star,608,4/24/2026,"Riverdale (Murfreesboro, TN)",Murfreesboro,TN,35.853915,-86.421224,Texas,TX,30.26715,-97.74306,761,far,city,nearby,0,0,0,1,early commit; first commitment; only commit at position,https://247sports.com/player/sutton-gutting-46164646/
137,Need Texas Signal,active after commitment; no clear Texas-specific signal captured,other-school OV after commit,Need Intel,High,city-level geography; commit date captured; post-commit activity captured,,,,,,,,,,,2027,46155240,Jayden Travers,DL,Nebraska,Hard Commit,no,yes,26.0,32,Weak / Attack,55.4%,44.6%,55.5%,44.5%,3-star,729,12/10/2025,"St. Frances Academy (Baltimore, MD)",Baltimore,MD,39.300032,-76.610476,Texas,TX,30.26715,-97.74306,1347,far,city,far,1,1,0,0,very early commit; first commitment; only commit at position; far; other-school OV after commit,https://247sports.com/player/jayden-travers-46155240/
138,Need Texas Signal,4-star; active after commitment; no clear Texas-specific signal captured,4-star; other-school OV after commit; other-school offers after commit,Need Intel,High,city-level geography; commit date captured; post-commit activity captured,,,,,,,,,,,2027,46155226,Eli Diane,DL,Minnesota,Hard Commit,no,yes,15.5,35,Weak / Attack,54.9%,45.1%,55.5%,44.5%,4-star,237,4/12/2025,"Wayzata (Plymouth, MN)",Plymouth,MN,45.022312,-93.462883,Texas,TX,30.26715,-97.74306,1045,far,city,nearby,1,5,2,0,very early commit; first commitment; thin position group; 4-star; other-school OV after commit,https://247sports.com/player/eli-diane-46155226/
139,Need Texas Signal,active after commitment; no clear Texas-specific signal captured,other-school offers after commit; visited committed school,Need Intel,Medium,state-level geography; commit date captured; post-commit activity captured,,,,,,,,,,,2027,46157693,King Kalama,Edge,Duke,Hard Commit,no,yes,51.5,55,Vulnerable,54.1%,45.9%,33.4%,66.6%,3-star,608,12/16/2025,"Reagan (Pfafftown, NC)",Pfafftown,NC,,,Texas,TX,30.26715,-97.74306,1124,far,state,nearby,0,0,10,2,early commit; first commitment; only commit at position; other-school offers after commit,https://247sports.com/player/king-kalama-46157693/
140,Need Texas Signal,no clear Texas-specific signal captured,visited committed school,Need Intel,High,city-level geography; commit date captured; post-commit activity captured,,,,,,,,,,,2027,46165950,Jerrence Knoblock,DL,Iowa,Hard Commit,no,yes,53,53,Vulnerable,53.6%,46.4%,33.4%,66.6%,3-star,853,4/14/2026,"West Lyon (Inwood, IA)",Inwood,IA,43.309209,-96.434357,Texas,TX,30.26715,-97.74306,904,far,city,regional,0,0,0,1,early commit; first commitment; only commit at position,https://247sports.com/player/jerrence-knoblock-46165950/
141,Need Texas Signal,no clear Texas-specific signal captured,,Need Intel,Medium,city-level geography; commit date captured; no post-commit activity captured,,,,,,,,,,,2027,46159806,Sean Kraft,LS,Notre Dame,Hard Commit,no,yes,33,33,Weak / Attack,53.4%,46.6%,55.5%,44.5%,3-star,NA,6/24/2025,"Asheville Christian Academy (Swannanoa, NC)",Swannanoa,NC,35.600776,-82.387171,Texas,TX,30.26715,-97.74306,962,far,city,regional,0,0,0,0,very early commit; first commitment; only commit at position,https://247sports.com/player/sean-kraft-46159806/
142,Need Texas Signal,4-star; active after commitment; no clear Texas-specific signal captured,4-star; other-school OV after commit; other-school offers after commit; visited committed school,Need Intel,High,city-level geography; commit date captured; post-commit activity captured,,,,,,,,,,,2027,46158199,Jernard Albright,S,South Carolina,Hard Commit,no,yes,40.2,48,Weak / Attack,53.4%,46.6%,55.5%,44.5%,4-star,169,12/25/2025,"St. Frances Academy (Baltimore, MD)",Baltimore,MD,39.300032,-76.610476,Texas,TX,30.26715,-97.74306,1347,far,city,regional,1,1,5,1,early commit; first commitment; only commit at position; 4-star; other-school OV after commit,https://247sports.com/player/jernard-albright-46158199/
143,Need Texas Signal,active after commitment; no clear Texas-specific signal captured,other-school OV after commit; other-school offers after commit,Need Intel,High,city-level geography; commit date captured; post-commit activity captured,,,,,,,,,,,2027,46154915,Hudson Fuqua,S,Mississippi State,Hard Commit,no,yes,31.2,41,Weak / Attack,53.0%,47.0%,55.5%,44.5%,3-star,853,11/6/2025,"Riverdale (Murfreesboro, TN)",Murfreesboro,TN,35.853915,-86.421224,Texas,TX,30.26715,-97.74306,761,far,city,nearby,1,2,1,0,very early commit; first commitment; thin position group; other-school OV after commit; other-school offers after commit,https://247sports.com/player/hudson-fuqua-46154915/
144,Need Texas Signal,active after commitment; no clear Texas-specific signal captured,other-school OV after commit,Need Intel,High,city-level geography; commit date captured; post-commit activity captured,,,,,,,,,,,2027,46137213,Furian Inferrera,QB,Minnesota,Hard Commit,no,yes,38.0,47,Weak / Attack,53.0%,47.0%,55.5%,44.5%,3-star,NA,6/21/2025,"Mission Hills (San Marcos, CA)",San Marcos,CA,33.132567,-117.169892,Texas,TX,30.26715,-97.74306,1157,far,city,cross_country,1,2,0,0,very early commit; thin position group; cross country; other-school OV after commit,https://247sports.com/player/furian-inferrera-46137213/
145,Need Texas Signal,active after commitment; no clear Texas-specific signal captured,other-school visit after commit; other-school offers after commit; visited committed school,Need Intel,High,city-level geography; commit date captured; post-commit activity captured,,,,,,,,,,,2027,46151615,Noah Parker,RB,Georgia,Hard Commit,no,yes,31.8,38,Weak / Attack,52.4%,47.6%,55.5%,44.5%,3-star,817,11/15/2025,"Macon County (Montezuma, GA)",Montezuma,GA,32.297239,-84.019058,Texas,TX,30.26715,-97.74306,822,far,city,nearby,0,2,3,1,very early commit; first commitment; thin position group; other-school visit after commit; other-school offers after commit,https://247sports.com/player/noah-parker-46151615/
146,Need Texas Signal,active after commitment; no clear Texas-specific signal captured,other-school OV after commit; other-school offers after commit; visited committed school,Need Intel,High,city-level geography; commit date captured; post-commit activity captured,,,,,,,,,,,2027,46143570,Charles Roberts,S,North Carolina,Hard Commit,no,yes,42.0,52,Weak / Attack,52.1%,47.9%,55.5%,44.5%,3-star,608,12/29/2025,"IMG Academy (Bradenton, FL)",Bradenton,FL,27.489798,-82.576804,Texas,TX,30.26715,-97.74306,937,far,city,regional,1,1,8,1,early commit; first commitment; only commit at position; other-school OV after commit; other-school offers after commit,https://247sports.com/player/charles-roberts-46143570/
147,Need Texas Signal,active after commitment; no clear Texas-specific signal captured,other-school OV after commit; visited committed school,Need Intel,High,city-level geography; commit date captured; post-commit activity captured,,,,,,,,,,,2027,46153391,DJ Davis,ATH,Wisconsin,Hard Commit,no,yes,33.0,49,Weak / Attack,51.6%,48.4%,55.5%,44.5%,3-star,740,4/27/2026,"Middletown (Middletown, DE)",Middletown,DE,39.443394,-75.717504,Texas,TX,30.26715,-97.74306,1396,far,city,far,3,3,0,1,early commit; first commitment; only commit at position; far; other-school OV after commit,https://247sports.com/player/dj-davis-46153391/
148,Need Texas Signal,no clear Texas-specific signal captured,visited committed school,Need Intel,High,city-level geography; commit date captured; post-commit activity captured,,,,,,,,,,,2027,46148046,Jaxx DeJean,ATH,Iowa,Hard Commit,no,yes,53,53,Vulnerable,51.6%,48.4%,33.4%,66.6%,3-star,490,12/21/2025,"Odebolt-Arthur (Odebolt, IA)",Odebolt,IA,42.311842,-95.254378,Texas,TX,30.26715,-97.74306,844,far,city,nearby,0,0,0,1,early commit; first commitment; only commit at position,https://247sports.com/player/jaxx-dejean-46148046/
149,Need Texas Signal,no clear Texas-specific signal captured,visited committed school,Need Intel,High,city-level geography; commit date captured; post-commit activity captured,,,,,,,,,,,2027,46158711,Savior Owens,RB,Michigan State,Hard Commit,no,yes,55,55,Vulnerable,51.6%,48.4%,33.4%,66.6%,3-star,NA,1/25/2026,"Massillon Washington (Massillon, OH)",Massillon,OH,40.784483,-81.525216,Texas,TX,30.26715,-97.74306,1163,far,city,nearby,0,0,0,1,early commit; first commitment; only commit at position,https://247sports.com/player/savior-owens-46158711/
150,Need Texas Signal,active after commitment; no clear Texas-specific signal captured,other-school OV after commit; visited committed school,Need Intel,High,city-level geography; commit date captured; post-commit activity captured,,,,,,,,,,,2027,46159969,David Rushing,WR,Kansas State,Hard Commit,no,yes,47.0,51,Weak / Attack,50.0%,50.0%,55.5%,44.5%,3-star,851,4/20/2026,"Salpointe Catholic (Tucson, AZ)",Tucson,AZ,32.153036,-110.870773,Texas,TX,30.26715,-97.74306,790,far,city,far,1,1,0,1,early commit; first commitment; only commit at position; far; other-school OV after commit,https://247sports.com/player/david-rushing-46159969/
151,Need Texas Signal,no clear Texas-specific signal captured,,Need Intel,Medium,city-level geography; commit date captured; no post-commit activity captured,,,,,,,,,,,2027,46151663,Lee Prince Jr.,RB,West Virginia,Hard Commit,no,yes,51,51,Vulnerable,49.9%,50.1%,33.4%,66.6%,3-star,740,4/3/2026,"Miami Carol City (Opa Locka, FL)",Opa Locka,FL,,,Texas,TX,30.26715,-97.74306,1107,far,city,far,0,0,0,0,early commit; first commitment; only commit at position; far,https://247sports.com/player/lee-prince-jr-46151663/
152,Need Texas Signal,active after commitment; no clear Texas-specific signal captured,other-school OV after commit,Need Intel,High,city-level geography; commit date captured; post-commit activity captured,,,,,,,,,,,2027,46157287,Julius LaRosa III,DL,NC State,Hard Commit,no,yes,52.0,58,Vulnerable,49.9%,50.1%,33.4%,66.6%,3-star,NA,5/11/2026,"University Christian (Jacksonville, FL)",Jacksonville,FL,30.336864,-81.661603,Texas,TX,30.26715,-97.74306,959,far,city,regional,1,1,0,0,early commit; first commitment; only commit at position; other-school OV after commit,https://247sports.com/player/julius-larosa-iii-46157287/
153,Need Texas Signal,no clear Texas-specific signal captured,,Need Intel,Medium,city-level geography; commit date captured; no post-commit activity captured,,,,,,,,,,,2027,46162577,John Amofah Jr.,DL,Cincinnati,Hard Commit,no,yes,54,54,Vulnerable,49.9%,50.1%,33.4%,66.6%,3-star,NA,4/18/2026,"Douglass (Atlanta, GA)",Atlanta,GA,33.762909,-84.422675,Texas,TX,30.26715,-97.74306,818,far,city,regional,0,0,0,0,early commit; first commitment; only commit at position,https://247sports.com/player/john-amofah-jr-46162577/
154,Need Texas Signal,4-star; active after commitment; no clear Texas-specific signal captured,4-star; other-school visit after commit; visited committed school,Need Intel,High,city-level geography; commit date captured; post-commit activity captured,,,,,,,,,,,2027,46155232,Princeton Uwaifo,OT,Tennessee,Hard Commit,no,yes,26.0,27,Weak / Attack,49.1%,50.9%,55.5%,44.5%,4-star,129,11/2/2025,"Siegel (Murfreesboro, TN)",Murfreesboro,TN,35.853915,-86.421224,Texas,TX,30.26715,-97.74306,761,far,city,nearby,0,1,0,1,very early commit; first commitment; only commit at position; 4-star; other-school visit after commit,https://247sports.com/player/princeton-uwaifo-46155232/
155,Need Texas Signal,4-star; active after commitment; no clear Texas-specific signal captured,4-star; other-school OV after commit; visited committed school,Need Intel,High,city-level geography; commit date captured; post-commit activity captured,,,,,,,,,,,2027,46142377,Andrew Beard,RB,Florida,Hard Commit,no,yes,32.0,48,Weak / Attack,48.6%,51.4%,55.5%,44.5%,4-star,154,5/8/2026,"Prince Avenue Christian School (Bogart, GA)",Bogart,GA,33.947625,-83.533749,Texas,TX,30.26715,-97.74306,869,far,city,regional,3,3,0,1,early commit; first commitment; only commit at position; 4-star; other-school OV after commit,https://247sports.com/player/andrew-beard-46142377/
156,Need Texas Signal,active after commitment; no clear Texas-specific signal captured,other-school OV after commit,Need Intel,High,city-level geography; commit date captured; post-commit activity captured,,,,,,,,,,,2027,46159000,KD Jones,IOL,Nebraska,Hard Commit,no,yes,37.0,55,Weak / Attack,48.5%,51.5%,55.5%,44.5%,3-star,608,5/21/2026,"Grayson (Loganville, GA)",Loganville,GA,33.836502,-83.896135,Texas,TX,30.26715,-97.74306,847,far,city,far,3,3,0,0,early commit; first commitment; thin position group; far; other-school OV after commit,https://247sports.com/player/kd-jones-46159000/
157,Need Texas Signal,no clear Texas-specific signal captured,,Need Intel,Medium,city-level geography; commit date captured; no post-commit activity captured,,,,,,,,,,,2027,46157063,Edwin Guzman,IOL,Syracuse,Hard Commit,no,yes,60,60,Vulnerable,48.3%,51.7%,33.4%,66.6%,3-star,NA,1/23/2026,"Erie (Erie, PA)",Erie,PA,42.116594,-80.073503,Texas,TX,30.26715,-97.74306,1276,far,city,nearby,0,0,0,0,early commit; first commitment; thin position group,https://247sports.com/player/edwin-guzman-46157063/
158,Need Texas Signal,no clear Texas-specific signal captured,,Need Intel,Medium,city-level geography; commit date captured; no post-commit activity captured,,,,,,,,,,,2027,46160850,Derek Gonzalez,OT,Kansas,Hard Commit,no,yes,51,51,Vulnerable,47.8%,52.2%,33.4%,66.6%,3-star,851,2/11/2026,"Nogales (La Puente, CA)",La Puente,CA,34.032333,-117.95352,Texas,TX,30.26715,-97.74306,1208,far,city,far,0,0,0,0,early commit; first commitment; only commit at position; far,https://247sports.com/player/derek-gonzalez-46160850/
159,Need Texas Signal,4-star; active after commitment; no clear Texas-specific signal captured,4-star; other-school OV after commit,Need Intel,High,city-level geography; commit date captured; post-commit activity captured,,,,,,,,,,,2027,46160893,Elyjah Staples,ATH,California,Hard Commit,no,yes,34,54,Weak / Attack,47.6%,52.4%,55.5%,44.5%,4-star,376,5/30/2026,"Marquez (Huntington Park, CA)",Huntington Park,CA,33.979248,-118.217438,Texas,TX,30.26715,-97.74306,1223,far,city,regional,4,4,0,0,early commit; first commitment; only commit at position; 4-star; other-school OV after commit,https://247sports.com/player/elyjah-staples-46160893/
160,Need Texas Signal,no clear Texas-specific signal captured,visited committed school,Need Intel,High,city-level geography; commit date captured; post-commit activity captured,,,,,,,,,,,2027,46153352,Ty'ire Clark,S,Michigan State,Hard Commit,no,yes,54,54,Vulnerable,47.6%,52.4%,33.4%,66.6%,3-star,NA,4/4/2026,"St. Peter's Prep (Jersey City, NJ)",Jersey City,NJ,40.711417,-74.06476,Texas,TX,30.26715,-97.74306,1508,cross_country,city,regional,0,0,0,1,early commit; first commitment; only commit at position,https://247sports.com/player/tyire-clark-46153352/
161,Need Texas Signal,4-star; active after commitment; no clear Texas-specific signal captured,4-star; other-school OV after commit; visited committed school,Need Intel,High,city-level geography; commit date captured; post-commit activity captured,,,,,,,,,,,2027,46146916,John Archer,DL,South Carolina,Hard Commit,no,yes,45.0,55,Weak / Attack,47.4%,52.6%,55.5%,44.5%,4-star,131,4/29/2026,"Seventy-First (Fayetteville, NC)",Fayetteville,NC,35.082766,-78.973515,Texas,TX,30.26715,-97.74306,1144,far,city,nearby,2,2,0,1,early commit; first commitment; only commit at position; 4-star; other-school OV after commit,https://247sports.com/player/john-archer-46146916/
162,Need Texas Signal,no clear Texas-specific signal captured,,Need Intel,Medium,city-level geography; commit date captured; no post-commit activity captured,,,,,,,,,,,2027,46159359,Cade Reikowski,IOL,Northwestern,Hard Commit,no,yes,53,53,Vulnerable,47.3%,52.7%,33.4%,66.6%,3-star,851,2/1/2026,"Pewaukee (Pewaukee, WI)",Pewaukee,WI,43.066141,-88.244465,Texas,TX,30.26715,-97.74306,1028,far,city,nearby,0,0,0,0,early commit; first commitment; only commit at position,https://247sports.com/player/cade-reikowski-46159359/
163,Need Texas Signal,active after commitment; no clear Texas-specific signal captured,other-school OV after commit,Need Intel,High,city-level geography; commit date captured; post-commit activity captured,,,,,,,,,,,2027,46166946,Jordan Crider,S,Iowa State,Hard Commit,no,yes,52.0,58,Vulnerable,47.0%,53.0%,33.4%,66.6%,3-star,NA,5/30/2026,"Middletown (Middletown, OH)",Middletown,OH,39.502952,-84.364893,Texas,TX,30.26715,-97.74306,988,far,city,regional,1,1,0,0,early commit; first commitment; only commit at position; other-school OV after commit,https://247sports.com/player/jordan-crider-46166946/
164,Need Texas Signal,active after commitment; no clear Texas-specific signal captured,other-school OV after commit,Need Intel,High,city-level geography; commit date captured; post-commit activity captured,,,,,,,,,,,2027,46164146,Kenny Fairley,DL,Colorado,Hard Commit,no,yes,34,54,Weak / Attack,45.3%,54.7%,55.5%,44.5%,3-star,NA,4/24/2026,"Creekside (Fairburn, GA)",Fairburn,GA,33.547798,-84.587265,Texas,TX,30.26715,-97.74306,804,far,city,far,4,4,0,0,early commit; first commitment; only commit at position; far; other-school OV after commit,https://247sports.com/player/kenny-fairley-46164146/
165,Need Texas Signal,active after commitment; no clear Texas-specific signal captured,other-school OV after commit; other-school offers after commit; visited committed school,Need Intel,High,city-level geography; commit date captured; post-commit activity captured,,,,,,,,,,,2027,46165251,Giacamo SanFilippo,LB,Kansas State,Hard Commit,no,yes,48.8,55,Weak / Attack,45.3%,54.7%,55.5%,44.5%,3-star,NA,4/19/2026,"Bishop Moore Catholic (Orlando, FL)",Orlando,FL,28.40865,-81.254805,Texas,TX,30.26715,-97.74306,991,far,city,far,1,1,3,1,early commit; first commitment; thin position group; far; other-school OV after commit,https://247sports.com/player/giacamo-sanfilippo-46165251/
166,Need Texas Signal,active after commitment; no clear Texas-specific signal captured,other-school offers after commit; visited committed school,Need Intel,High,city-level geography; commit date captured; post-commit activity captured,,,,,,,,,,,2027,46153225,Louis Esposito,IOL,Michigan,Hard Commit,no,yes,31.5,34,Weak / Attack,43.5%,56.5%,55.5%,44.5%,3-star,NA,7/20/2025,"Saline (Saline, MI)",Saline,MI,42.173829,-83.776924,Texas,TX,30.26715,-97.74306,1130,far,city,nearby,0,0,6,1,very early commit; first commitment; only commit at position; other-school offers after commit,https://247sports.com/player/louis-esposito-46153225/
167,Need Texas Signal,active after commitment; no clear Texas-specific signal captured,other-school OV after commit,Need Intel,High,city-level geography; commit date captured; post-commit activity captured,,,,,,,,,,,2027,46160698,Magnus Talma,WR,Boston College,Hard Commit,no,yes,50.0,56,Vulnerable,43.5%,56.5%,33.4%,66.6%,3-star,NA,4/23/2026,"Bishop Moore Catholic (Orlando, FL)",Orlando,FL,28.40865,-81.254805,Texas,TX,30.26715,-97.74306,991,far,city,far,1,1,0,0,early commit; first commitment; thin position group; far; other-school OV after commit,https://247sports.com/player/magnus-talma-46160698/
168,Need Texas Signal,active after commitment; no clear Texas-specific signal captured,other-school OV after commit; other-school offers after commit; visited committed school,Need Intel,High,city-level geography; commit date captured; post-commit activity captured,,,,,,,,,,,2027,46165124,Dayon Cooper,ATH,Florida State,Hard Commit,no,yes,41.2,52,Weak / Attack,42.8%,57.2%,55.5%,44.5%,3-star,505,4/4/2026,"South Pittsburg (South Pittsburg, TN)",South Pittsburg,TN,35.011154,-85.718225,Texas,TX,30.26715,-97.74306,772,far,city,regional,2,2,1,1,early commit; first commitment; only commit at position; other-school OV after commit; other-school offers after commit,https://247sports.com/player/dayon-cooper-46165124/
169,Need Texas Signal,active after commitment; no clear Texas-specific signal captured,other-school offers after commit; visited committed school,Need Intel,High,city-level geography; commit date captured; post-commit activity captured,,,,,,,,,,,2027,46142087,Maurice Williams,CB,Washington,Hard Commit,no,yes,56,56,Vulnerable,42.8%,57.2%,33.4%,66.6%,3-star,590,12/24/2025,"Graham-Kapowsin (Graham, WA)",Graham,WA,47.034315,-122.276854,Texas,TX,30.26715,-97.74306,1747,cross_country,city,nearby,0,0,1,1,early commit; first commitment; only commit at position; other-school offers after commit,https://247sports.com/player/maurice-williams-46142087/
170,Need Texas Signal,active after commitment; no clear Texas-specific signal captured,other-school OV after commit,Need Intel,High,city-level geography; commit date captured; post-commit activity captured,,,,,,,,,,,2027,46165283,Ajavion Willis,S,Pittsburgh,Hard Commit,no,yes,49.0,55,Weak / Attack,42.7%,57.3%,55.5%,44.5%,3-star,740,5/30/2026,"Miami Columbus (Miami, FL)",Miami,FL,25.775163,-80.208615,Texas,TX,30.26715,-97.74306,1113,far,city,far,1,1,0,0,early commit; first commitment; only commit at position; far; other-school OV after commit,https://247sports.com/player/ajavion-willis-46165283/
171,Need Texas Signal,active after commitment; no clear Texas-specific signal captured,other-school OV after commit,Need Intel,High,city-level geography; commit date captured; post-commit activity captured,,,,,,,,,,,2027,46146805,Tre Warren III,OT,NC State,Hard Commit,no,yes,50.0,56,Vulnerable,42.7%,57.3%,33.4%,66.6%,3-star,688,5/14/2026,"Carver (Columbus, GA)",Columbus,GA,32.510191,-84.874946,Texas,TX,30.26715,-97.74306,767,far,city,regional,1,1,0,0,early commit; first commitment; thin position group; other-school OV after commit,https://247sports.com/player/tre-warren-iii-46146805/
172,Need Texas Signal,active after commitment; no clear Texas-specific signal captured,other-school OV after commit; other-school offers after commit,Need Intel,High,city-level geography; commit date captured; post-commit activity captured,,,,,,,,,,,2027,46152883,Giovanni Hodge,DL,California,Hard Commit,no,yes,53.5,61,Vulnerable,42.7%,57.3%,33.4%,66.6%,3-star,590,1/23/2026,"Grant Union (Sacramento, CA)",Sacramento,CA,38.567694,-121.468161,Texas,TX,30.26715,-97.74306,1465,far,city,nearby,1,1,2,0,early commit; first commitment; thin position group; other-school OV after commit; other-school offers after commit,https://247sports.com/player/giovanni-hodge-46152883/
173,Need Texas Signal,active after commitment; no clear Texas-specific signal captured,other-school OV after commit; visited committed school,Need Intel,High,city-level geography; commit date captured; post-commit activity captured,,,,,,,,,,,2027,46163294,Zivad Robinson,DL,Iowa State,Hard Commit,no,yes,50.0,54,Vulnerable,42.6%,57.4%,33.4%,66.6%,3-star,NA,5/6/2026,"Camden (Minneapolis, MN)",Minneapolis,MN,44.963324,-93.26832,Texas,TX,30.26715,-97.74306,1045,far,city,nearby,1,1,0,1,early commit; first commitment; only commit at position; other-school OV after commit,https://247sports.com/player/zivad-robinson-46163294/
174,Need Texas Signal,4-star; active after commitment; no clear Texas-specific signal captured,4-star; other-school OV after commit; other-school offers after commit; visited committed school,Need Intel,High,city-level geography; commit date captured; post-commit activity captured,,,,,,,,,,,2027,46154728,Gregory Batson,LB,Florida State,Hard Commit,no,yes,25.8,30,Weak / Attack,42.5%,57.5%,55.5%,44.5%,4-star,395,11/7/2025,"Lee County (Leesburg, GA)",Leesburg,GA,31.732058,-84.168546,Texas,TX,30.26715,-97.74306,810,far,city,nearby,1,1,3,2,very early commit; first commitment; only commit at position; 4-star; other-school OV after commit,https://247sports.com/player/gregory-batson-46154728/
175,Need Texas Signal,active after commitment; no clear Texas-specific signal captured,other-school OV after commit; visited committed school,Need Intel,High,city-level geography; commit date captured; post-commit activity captured,,,,,,,,,,,2027,46151827,John Gay,S,Notre Dame,Hard Commit,no,yes,44.0,60,Weak / Attack,42.5%,57.5%,55.5%,44.5%,3-star,740,4/22/2026,"Chaminade-Madonna (Hollywood, FL)",Hollywood,FL,26.030967,-80.164609,Texas,TX,30.26715,-97.74306,1110,far,city,far,3,3,0,1,early commit; first commitment; thin position group; far; other-school OV after commit,https://247sports.com/player/john-gay-46151827/
176,Need Texas Signal,4-star; active after commitment; no clear Texas-specific signal captured,4-star; other-school OV after commit,Need Intel,High,city-level geography; commit date captured; post-commit activity captured,,,,,,,,,,,2027,46150626,Jai Jones,WR,Wisconsin,Hard Commit,no,yes,42.0,54,Weak / Attack,42.4%,57.6%,55.5%,44.5%,4-star,314,5/31/2026,"Chandler (Chandler, AZ)",Chandler,AZ,33.282765,-111.851819,Texas,TX,30.26715,-97.74306,853,far,city,far,2,2,0,0,early commit; first commitment; only commit at position; far; 4-star,https://247sports.com/player/jai-jones-46150626/
177,Need Texas Signal,active after commitment; no clear Texas-specific signal captured,other-school OV after commit,Need Intel,High,city-level geography; commit date captured; post-commit activity captured,,,,,,,,,,,2027,46165810,Josiah Sturdivant,Edge,Rutgers,Hard Commit,no,yes,46.0,58,Weak / Attack,42.4%,57.6%,55.5%,44.5%,3-star,608,5/30/2026,"Wake Forest (Wake Forest, NC)",Wake Forest,NC,35.964409,-78.51332,Texas,TX,30.26715,-97.74306,1178,far,city,regional,2,2,0,0,early commit; first commitment; only commit at position; other-school OV after commit,https://247sports.com/player/josiah-sturdivant-46165810/
178,Need Texas Signal,active after commitment; no clear Texas-specific signal captured,other-school OV after commit; other-school offers after commit; visited committed school,Need Intel,High,city-level geography; commit date captured; post-commit activity captured,,,,,,,,,,,2027,46162168,DaJour Webb,DL,West Virginia,Hard Commit,no,yes,43.0,56,Weak / Attack,42.2%,57.8%,55.5%,44.5%,3-star,853,3/7/2026,"Jones (Orlando, FL)",Orlando,FL,28.40865,-81.254805,Texas,TX,30.26715,-97.74306,991,far,city,far,2,2,4,1,early commit; first commitment; thin position group; far; other-school OV after commit,https://247sports.com/player/dajour-webb-46162168/
179,Need Texas Signal,active after commitment; no clear Texas-specific signal captured,other-school OV after commit,Need Intel,High,city-level geography; commit date captured; post-commit activity captured,,,,,,,,,,,2027,46166273,Ian McDuffie,LB,Syracuse,Hard Commit,no,yes,49.0,55,Weak / Attack,42.1%,57.9%,55.5%,44.5%,3-star,853,4/13/2026,"Passaic County Technical Insititue (Wayne, NJ)",Wayne,NJ,,,Texas,TX,30.26715,-97.74306,1503,cross_country,city,nearby,1,1,0,0,early commit; first commitment; only commit at position; other-school OV after commit,https://247sports.com/player/ian-mcduffie-46166273/
180,Need Texas Signal,active after commitment; no clear Texas-specific signal captured,other-school OV after commit; other-school offers after commit,Need Intel,High,city-level geography; commit date captured; post-commit activity captured,,,,,,,,,,,2027,46150898,Matt Erickson,OT,Nebraska,Hard Commit,no,yes,34.2,41,Weak / Attack,41.7%,58.3%,55.5%,44.5%,3-star,729,9/13/2025,"Millard North (Omaha, NE)",Omaha,NE,41.262705,-96.053475,Texas,TX,30.26715,-97.74306,766,far,city,nearby,1,1,1,0,very early commit; first commitment; thin position group; other-school OV after commit; other-school offers after commit,https://247sports.com/player/matt-erickson-46150898/
181,Need Texas Signal,no clear Texas-specific signal captured,,Need Intel,Medium,city-level geography; commit date captured; no post-commit activity captured,,,,,,,,,,,2027,46157095,Sam Ngata,LB,Oregon,Hard Commit,no,yes,59,59,Vulnerable,41.3%,58.7%,33.4%,66.6%,3-star,830,1/24/2026,"Olympus (Salt Lake City, UT)",Salt Lake City,UT,40.776928,-111.930991,Texas,TX,30.26715,-97.74306,1074,far,city,regional,0,0,0,0,early commit; first commitment; thin position group,https://247sports.com/player/sam-ngata-46157095/
182,Need Texas Signal,active after commitment; no clear Texas-specific signal captured,other-school OV after commit; other-school offers after commit,Need Intel,High,city-level geography; commit date captured; post-commit activity captured,,,,,,,,,,,2027,46163926,Kaden Howard,WR,Nebraska,Hard Commit,no,yes,34,54,Weak / Attack,41.2%,58.8%,55.5%,44.5%,3-star,NA,3/20/2026,"Miami Palmetto (Miami, FL)",Miami,FL,25.775163,-80.208615,Texas,TX,30.26715,-97.74306,1113,far,city,far,3,3,3,0,early commit; first commitment; thin position group; far; other-school OV after commit,https://247sports.com/player/kaden-howard-46163926/
183,Need Texas Signal,4-star; active after commitment; no clear Texas-specific signal captured,4-star; other-school OV after commit; visited committed school,Need Intel,High,city-level geography; commit date captured; post-commit activity captured,,,,,,,,,,,2027,46158117,Dami Sowunmi,DL,Missouri,Hard Commit,no,yes,38.0,48,Weak / Attack,41.1%,58.9%,55.5%,44.5%,4-star,439,5/27/2026,"Brownsburg (Brownsburg, IN)",Brownsburg,IN,39.834436,-86.385693,Texas,TX,30.26715,-97.74306,920,far,city,regional,2,2,0,1,early commit; first commitment; only commit at position; 4-star; other-school OV after commit,https://247sports.com/player/dami-sowunmi-46158117/
184,Need Texas Signal,4-star; active after commitment; no clear Texas-specific signal captured,4-star; other-school offers after commit; visited committed school,Need Intel,High,city-level geography; commit date captured; post-commit activity captured,,,,,,,,,,,2027,46161173,Jamir Dean,WR,Penn State,Hard Commit,no,yes,48,48,Weak / Attack,41.0%,59.0%,55.5%,44.5%,4-star,383,5/1/2026,"Alcoa (Alcoa, TN)",Alcoa,TN,35.814762,-83.968103,Texas,TX,30.26715,-97.74306,884,far,city,regional,0,0,2,1,early commit; first commitment; only commit at position; 4-star; other-school offers after commit,https://247sports.com/player/jamir-dean-46161173/
185,Need Texas Signal,active after commitment; no clear Texas-specific signal captured,other-school visit after commit; other-school offers after commit; visited committed school,Need Intel,High,city-level geography; commit date captured; post-commit activity captured,,,,,,,,,,,2027,46155309,JP Peace,LB,Tennessee,Hard Commit,no,yes,30.0,34,Weak / Attack,40.7%,59.3%,55.5%,44.5%,3-star,562,6/16/2025,"Maryville (Maryville, TN)",Maryville,TN,35.74781,-83.980234,Texas,TX,30.26715,-97.74306,882,far,city,nearby,0,1,4,1,very early commit; first commitment; only commit at position; other-school visit after commit; other-school offers after commit,https://247sports.com/player/jp-peace-46155309/
186,Need Texas Signal,active after commitment; no clear Texas-specific signal captured,other-school OV after commit; other-school offers after commit; visited committed school,Need Intel,High,city-level geography; commit date captured; post-commit activity captured,,,,,,,,,,,2027,46164107,Brooklyn Maxey,ATH,Louisville,Hard Commit,no,yes,38.2,55,Weak / Attack,40.6%,59.4%,55.5%,44.5%,3-star,853,4/20/2026,"Carrollwood Day (Tampa, FL)",Tampa,FL,27.970086,-82.479673,Texas,TX,30.26715,-97.74306,936,far,city,regional,3,3,1,1,early commit; first commitment; only commit at position; other-school OV after commit; other-school offers after commit,https://247sports.com/player/brooklyn-maxey-46164107/
187,Need Texas Signal,active after commitment; no clear Texas-specific signal captured,other-school OV after commit; visited committed school,Need Intel,High,city-level geography; commit date captured; post-commit activity captured,,,,,,,,,,,2027,46165375,Carter Jamison,S,Tennessee,Hard Commit,no,yes,50.0,54,Vulnerable,40.6%,59.4%,33.4%,66.6%,3-star,NA,5/2/2026,"Creekside (Fairburn, GA)",Fairburn,GA,33.547798,-84.587265,Texas,TX,30.26715,-97.74306,804,far,city,nearby,1,1,0,1,early commit; first commitment; only commit at position; other-school OV after commit,https://247sports.com/player/carter-jamison-46165375/
188,Need Texas Signal,4-star; active after commitment; no clear Texas-specific signal captured,4-star; other-school offers after commit; visited committed school,Need Intel,High,city-level geography; commit date captured; post-commit activity captured,,,,,,,,,,,2027,46149869,Keegan Croucher,QB,Ole Miss,Hard Commit,no,yes,30,30,Weak / Attack,40.3%,59.7%,55.5%,44.5%,4-star,187,10/5/2025,"Baylor School (Chattanooga, TN)",Chattanooga,TN,35.065958,-85.248386,Texas,TX,30.26715,-97.74306,794,far,city,nearby,0,0,3,2,very early commit; first commitment; only commit at position; 4-star; other-school offers after commit,https://247sports.com/player/keegan-croucher-46149869/
189,Need Texas Signal,4-star; active after commitment; no clear Texas-specific signal captured,4-star; other-school offers after commit; visited committed school,Need Intel,High,city-level geography; commit date captured; post-commit activity captured,,,,,,,,,,,2027,46150644,Anthony Cavallaro,Edge,Florida State,Hard Commit,no,yes,50,50,Vulnerable,40.3%,59.7%,33.4%,66.6%,4-star,348,1/30/2026,"Indian Rocks Christian School (Largo, FL)",Largo,FL,27.908685,-82.774174,Texas,TX,30.26715,-97.74306,917,far,city,nearby,0,0,5,2,early commit; first commitment; only commit at position; 4-star; other-school offers after commit,https://247sports.com/player/anthony-cavallaro-46150644/
190,Need Texas Signal,4-star; active after commitment; no clear Texas-specific signal captured,4-star; other-school OV after commit; visited committed school,Need Intel,High,city-level geography; commit date captured; post-commit activity captured,,,,,,,,,,,2027,46155996,KJ Caldwell,S,NC State,Hard Commit,no,yes,47.0,51,Weak / Attack,40.1%,59.9%,55.5%,44.5%,4-star,102,5/22/2026,"Parkview (Lilburn, GA)",Lilburn,GA,33.89064,-84.136872,Texas,TX,30.26715,-97.74306,834,far,city,regional,1,1,0,1,early commit; first commitment; only commit at position; 4-star; other-school OV after commit,https://247sports.com/player/kj-caldwell-46155996/
191,Need Texas Signal,active after commitment; no clear Texas-specific signal captured,other-school OV after commit; visited committed school,Need Intel,High,city-level geography; commit date captured; post-commit activity captured,,,,,,,,,,,2027,46164128,Brayden Watson,LB,Michigan,Hard Commit,no,yes,50.0,54,Vulnerable,40.1%,59.9%,33.4%,66.6%,3-star,505,5/29/2026,"Buford (Buford, GA)",Buford,GA,34.118562,-83.98861,Texas,TX,30.26715,-97.74306,846,far,city,regional,1,1,0,1,early commit; first commitment; only commit at position; other-school OV after commit,https://247sports.com/player/brayden-watson-46164128/
192,Need Texas Signal,no clear Texas-specific signal captured,visited committed school,Need Intel,High,city-level geography; commit date captured; post-commit activity captured,,,,,,,,,,,2027,46165351,Eli Stumpf,QB,Michigan State,Hard Commit,no,yes,55,55,Vulnerable,40.1%,59.9%,33.4%,66.6%,3-star,NA,3/17/2026,"Big Walnut (Sunbury, OH)",Sunbury,OH,40.249405,-82.880199,Texas,TX,30.26715,-97.74306,1083,far,city,nearby,0,0,0,1,early commit; first commitment; only commit at position,https://247sports.com/player/eli-stumpf-46165351/
193,Need Texas Signal,4-star; active after commitment; no clear Texas-specific signal captured,4-star; other-school OV after commit,Need Intel,High,city-level geography; commit date captured; post-commit activity captured,,,,,,,,,,,2027,46148607,Corey Hadley Jr.,S,Nebraska,Hard Commit,no,yes,35.0,53,Weak / Attack,40.0%,60.0%,55.5%,44.5%,4-star,96,4/26/2026,"Sandy Creek (Tyrone, GA)",Tyrone,GA,33.476059,-84.594522,Texas,TX,30.26715,-97.74306,802,far,city,far,3,3,0,0,early commit; first commitment; thin position group; far; 4-star,https://247sports.com/player/corey-hadley-jr-46148607/
194,Need Texas Signal,4-star; active after commitment; no clear Texas-specific signal captured,4-star; other-school OV after commit; visited committed school,Need Intel,High,city-level geography; commit date captured; post-commit activity captured,,,,,,,,,,,2027,46153145,Bryce Kish,LB,Clemson,Hard Commit,no,yes,35.0,51,Weak / Attack,40.0%,60.0%,55.5%,44.5%,4-star,137,3/8/2026,"Howell (Howell, MI)",Howell,MI,42.608129,-83.934339,Texas,TX,30.26715,-97.74306,1144,far,city,regional,3,3,0,1,early commit; first commitment; only commit at position; 4-star; other-school OV after commit,https://247sports.com/player/bryce-kish-46153145/
195,Need Texas Signal,active after commitment; no clear Texas-specific signal captured,other-school OV after commit,Need Intel,High,city-level geography; commit date captured; post-commit activity captured,,,,,,,,,,,2027,46164942,Charlie Reece,OT,Wake Forest,Hard Commit,no,yes,49.0,55,Weak / Attack,39.7%,60.3%,55.5%,44.5%,3-star,NA,2/5/2026,"Oak Grove (Winston Salem, NC)",Winston Salem,NC,,,Texas,TX,30.26715,-97.74306,1087,far,city,nearby,1,1,0,0,early commit; first commitment; only commit at position; other-school OV after commit,https://247sports.com/player/charlie-reece-46164942/
196,Need Texas Signal,active after commitment; no clear Texas-specific signal captured,other-school offers after commit; visited committed school,Need Intel,High,city-level geography; commit date captured; post-commit activity captured,,,,,,,,,,,2027,46165550,Aidan McPherson,QB,Duke,Hard Commit,no,yes,53.8,54,Vulnerable,39.6%,60.4%,33.4%,66.6%,3-star,853,3/21/2026,"Rome (Rome, GA)",Rome,GA,34.266133,-85.186052,Texas,TX,30.26715,-97.74306,784,far,city,regional,0,0,3,1,early commit; first commitment; only commit at position; other-school offers after commit,https://247sports.com/player/aidan-mcpherson-46165550/
197,Need Texas Signal,no clear Texas-specific signal captured,,Need Intel,Medium,city-level geography; commit date captured; no post-commit activity captured,,,,,,,,,,,2027,46155489,Braylen Ross,WR,Arizona,Hard Commit,no,yes,59,59,Vulnerable,39.6%,60.4%,33.4%,66.6%,3-star,NA,5/1/2026,"Crean Lutheran (Irvine, CA)",Irvine,CA,33.678399,-117.771254,Texas,TX,30.26715,-97.74306,1198,far,city,regional,0,0,0,0,early commit; first commitment; thin position group,https://247sports.com/player/braylen-ross-46155489/
198,Need Texas Signal,active after commitment; no clear Texas-specific signal captured,other-school OV after commit; visited committed school,Need Intel,High,city-level geography; commit date captured; post-commit activity captured,,,,,,,,,,,2027,46154685,Tommy Riordan,Edge,Iowa,Hard Commit,no,yes,52.0,56,Vulnerable,39.2%,60.8%,33.4%,66.6%,3-star,608,4/7/2026,"Hinsdale Central (Hinsdale, IL)",Hinsdale,IL,41.800683,-87.928172,Texas,TX,30.26715,-97.74306,966,far,city,nearby,1,1,0,1,early commit; first commitment; only commit at position; other-school OV after commit,https://247sports.com/player/tommy-riordan-46154685/
199,Need Texas Signal,active after commitment; no clear Texas-specific signal captured,other-school visit after commit; other-school offers after commit; visited committed school,Need Intel,High,city-level geography; commit date captured; post-commit activity captured,,,,,,,,,,,2027,46160758,Cornelius Tims III,DL,Louisville,Hard Commit,no,yes,53.2,61,Vulnerable,39.2%,60.8%,33.4%,66.6%,3-star,817,2/7/2026,"South Fort Myers (Fort Myers, FL)",Fort Myers,FL,26.61982,-81.831673,Texas,TX,30.26715,-97.74306,997,far,city,far,0,1,9,1,early commit; first commitment; far; other-school visit after commit; other-school offers after commit,https://247sports.com/player/cornelius-tims-iii-46160758/
200,Need Texas Signal,no clear Texas-specific signal captured,visited committed school,Need Intel,High,city-level geography; commit date captured; post-commit activity captured,,,,,,,,,,,2027,46148569,Justin Coach,LB,Washington,Hard Commit,no,yes,61,61,Vulnerable,39.2%,60.8%,33.4%,66.6%,3-star,NA,2/12/2026,"St. John Bosco (Bellflower, CA)",Bellflower,CA,33.887821,-118.12725,Texas,TX,30.26715,-97.74306,1217,far,city,far,0,0,0,1,early commit; first commitment; far,https://247sports.com/player/justin-coach-46148569/
201,Need Texas Signal,no clear Texas-specific signal captured,,Need Intel,Medium,city-level geography; commit date captured; no post-commit activity captured,,,,,,,,,,,2027,46159943,Zahir Mitchell,CB,Boston College,Hard Commit,no,yes,40,40,Weak / Attack,39.1%,60.9%,55.5%,44.5%,3-star,NA,10/2/2025,"Milton Academy (Milton, MA)",Milton,MA,42.241559,-71.082437,Texas,TX,30.26715,-97.74306,1691,cross_country,city,nearby,0,0,0,0,very early commit; first commitment; thin position group,https://247sports.com/player/zahir-mitchell-46159943/
202,Need Texas Signal,no clear Texas-specific signal captured,visited committed school,Need Intel,High,city-level geography; commit date captured; post-commit activity captured,,,,,,,,,,,2027,46160246,Landon Hicks,WR,Virginia,Hard Commit,no,yes,56,56,Vulnerable,39.1%,60.9%,33.4%,66.6%,3-star,NA,2/2/2026,"Manchester (Midlothian, VA)",Midlothian,VA,37.484382,-77.649577,Texas,TX,30.26715,-97.74306,1253,far,city,nearby,0,0,0,1,early commit; first commitment; only commit at position,https://247sports.com/player/landon-hicks-46160246/
203,Need Texas Signal,4-star; active after commitment; no clear Texas-specific signal captured,4-star; other-school OV after commit,Need Intel,High,city-level geography; commit date captured; post-commit activity captured,,,,,,,,,,,2027,46143572,Sione Kaho,QB,Stanford,Hard Commit,no,yes,38.0,50,Weak / Attack,38.7%,61.3%,55.5%,44.5%,4-star,345,4/30/2026,"Lincoln (Tacoma, WA)",Tacoma,WA,47.252199,-122.459832,Texas,TX,30.26715,-97.74306,1761,cross_country,city,regional,2,2,0,0,early commit; first commitment; only commit at position; 4-star; other-school OV after commit,https://247sports.com/player/sione-kaho-46143572/
204,Need Texas Signal,active after commitment; no clear Texas-specific signal captured,other-school OV after commit,Need Intel,High,city-level geography; commit date captured; post-commit activity captured,,,,,,,,,,,2027,46157064,Connor Long,IOL,Syracuse,Hard Commit,no,yes,34.0,40,Weak / Attack,38.6%,61.4%,55.5%,44.5%,3-star,NA,10/22/2025,"Old Bridge (Matawan, NJ)",Matawan,NJ,40.411042,-74.236534,Texas,TX,30.26715,-97.74306,1492,far,city,nearby,1,1,0,0,very early commit; first commitment; thin position group; other-school OV after commit,https://247sports.com/player/connor-long-46157064/
205,Need Texas Signal,4-star; active after commitment; no clear Texas-specific signal captured,4-star; other-school offers after commit; visited committed school,Need Intel,High,city-level geography; commit date captured; post-commit activity captured,,,,,,,,,,,2027,46154068,Roye Oliver III,WR,USC,Hard Commit,no,yes,56,56,Vulnerable,38.5%,61.5%,33.4%,66.6%,4-star,89,3/27/2026,"Hamilton (Chandler, AZ)",Chandler,AZ,33.282765,-111.851819,Texas,TX,30.26715,-97.74306,853,far,city,regional,0,0,1,1,early commit; first commitment; thin position group; 4-star; other-school offers after commit,https://247sports.com/player/roye-oliver-iii-46154068/
206,Need Texas Signal,active after commitment; no clear Texas-specific signal captured,other-school OV after commit; other-school offers after commit; visited committed school,Need Intel,High,city-level geography; commit date captured; post-commit activity captured,,,,,,,,,,,2027,46151438,Anitoni Tahi,DL,Kansas State,Hard Commit,no,yes,37.2,54,Weak / Attack,38.3%,61.7%,55.5%,44.5%,3-star,NA,4/29/2026,"Basha (Chandler, AZ)",Chandler,AZ,33.282765,-111.851819,Texas,TX,30.26715,-97.74306,853,far,city,far,3,3,1,1,early commit; first commitment; thin position group; far; other-school OV after commit,https://247sports.com/player/anitoni-tahi-46151438/
207,Need Texas Signal,active after commitment; no clear Texas-specific signal captured,other-school OV after commit,Need Intel,Medium,state-level geography; commit date captured; post-commit activity captured,,,,,,,,,,,2027,46151677,Logan Steele,ATH,Wake Forest,Hard Commit,no,yes,49.0,55,Weak / Attack,38.3%,61.7%,55.5%,44.5%,3-star,740,4/8/2026,"Shamokin Area (Coal Township, PA)",Coal Township,PA,,,Texas,TX,30.26715,-97.74306,1372,far,state,regional,1,1,0,0,early commit; first commitment; only commit at position; other-school OV after commit,https://247sports.com/player/logan-steele-46151677/
208,Need Texas Signal,active after commitment; no clear Texas-specific signal captured,other-school offers after commit,Need Intel,High,city-level geography; commit date captured; post-commit activity captured,,,,,,,,,,,2027,46147294,Roscoe Hayes,WR,West Virginia,Hard Commit,no,yes,52.5,57,Vulnerable,38.0%,62.0%,33.4%,66.6%,3-star,853,3/13/2026,"Westlake (Atlanta, GA)",Atlanta,GA,33.762909,-84.422675,Texas,TX,30.26715,-97.74306,818,far,city,regional,0,0,6,0,early commit; first commitment; only commit at position; other-school offers after commit,https://247sports.com/player/roscoe-hayes-46147294/
209,Need Texas Signal,4-star; active after commitment; no clear Texas-specific signal captured,4-star; other-school OV after commit,Need Intel,High,city-level geography; commit date captured; post-commit activity captured,,,,,,,,,,,2027,46134912,Trae Taylor,QB,Nebraska,Hard Commit,no,yes,18.0,30,Weak / Attack,37.9%,62.1%,55.5%,44.5%,4-star,60,5/1/2025,"Millard South (Omaha, NE)",Omaha,NE,41.262705,-96.053475,Texas,TX,30.26715,-97.74306,766,far,city,nearby,1,3,0,0,very early commit; first commitment; only commit at position; 4-star; other-school OV after commit,https://247sports.com/player/trae-taylor-46134912/
210,Need Texas Signal,active after commitment; no clear Texas-specific signal captured,other-school offers after commit; visited committed school,Need Intel,High,city-level geography; commit date captured; post-commit activity captured,,,,,,,,,,,2027,46144699,Lonnie Andrews III,QB,Virginia,Hard Commit,no,yes,36,36,Weak / Attack,37.9%,62.1%,55.5%,44.5%,3-star,839,10/18/2025,"Oscar Smith (Chesapeake, VA)",Chesapeake,VA,36.679376,-76.301788,Texas,TX,30.26715,-97.74306,1313,far,city,nearby,0,0,2,1,very early commit; first commitment; only commit at position; other-school offers after commit,https://247sports.com/player/lonnie-andrews-iii-46144699/
211,Need Texas Signal,active after commitment; no clear Texas-specific signal captured,other-school OV after commit,Need Intel,High,city-level geography; commit date captured; post-commit activity captured,,,,,,,,,,,2027,46159907,Jack Henderson,Edge,Utah,Hard Commit,no,yes,48.0,54,Weak / Attack,37.9%,62.1%,55.5%,44.5%,3-star,NA,4/7/2026,"Bishop Kelly (Boise, ID)",Boise,ID,,,Texas,TX,30.26715,-97.74306,1369,far,city,regional,1,1,0,0,early commit; first commitment; only commit at position; other-school OV after commit,https://247sports.com/player/jack-henderson-46159907/
212,Need Texas Signal,active after commitment; no clear Texas-specific signal captured,other-school OV after commit,Need Intel,High,city-level geography; commit date captured; post-commit activity captured,,,,,,,,,,,2027,46161116,James Cocozzo,IOL,Rutgers,Hard Commit,no,yes,42.0,54,Weak / Attack,37.8%,62.2%,55.5%,44.5%,3-star,505,4/4/2026,"Stillwater (Stillwater, NY)",Stillwater,NY,42.946539,-73.639266,Texas,TX,30.26715,-97.74306,1589,cross_country,city,nearby,2,2,0,0,early commit; first commitment; only commit at position; other-school OV after commit,https://247sports.com/player/james-cocozzo-46161116/
213,Need Texas Signal,no clear Texas-specific signal captured,visited committed school,Need Intel,High,city-level geography; commit date captured; post-commit activity captured,,,,,,,,,,,2027,46158466,Jaylon Moore,IOL,Auburn,Hard Commit,no,yes,56,56,Vulnerable,37.6%,62.4%,33.4%,66.6%,3-star,740,4/29/2026,"Creekside (Fairburn, GA)",Fairburn,GA,33.547798,-84.587265,Texas,TX,30.26715,-97.74306,804,far,city,nearby,0,0,0,1,early commit; first commitment; only commit at position,https://247sports.com/player/jaylon-moore-46158466/
214,Need Texas Signal,no clear Texas-specific signal captured,,Need Intel,Medium,state-level geography; commit date captured; no post-commit activity captured,,,,,,,,,,,2027,46148562,Hawken Anderson,IOL,Boston College,Hard Commit,no,yes,56,56,Vulnerable,37.1%,62.9%,33.4%,66.6%,3-star,NA,2/15/2026,"Suffield Academy (Suffield, CT)",Suffield,CT,,,Texas,TX,30.26715,-97.74306,1596,cross_country,state,nearby,0,0,0,0,early commit; first commitment; only commit at position,https://247sports.com/player/hawken-anderson-46148562/
215,Need Texas Signal,no clear Texas-specific signal captured,,Need Intel,Medium,city-level geography; commit date captured; no post-commit activity captured,,,,,,,,,,,2027,46167145,Luke Braham,OT,Virginia Tech,Hard Commit,no,yes,59,59,Vulnerable,37.1%,62.9%,33.4%,66.6%,3-star,853,5/30/2026,"University (Morgantown, WV)",Morgantown,WV,39.637487,-79.946856,Texas,TX,30.26715,-97.74306,1194,far,city,nearby,0,0,0,0,early commit; first commitment; only commit at position,https://247sports.com/player/luke-braham-46167145/
216,Need Texas Signal,no clear Texas-specific signal captured,,Need Intel,Medium,city-level geography; commit date captured; no post-commit activity captured,,,,,,,,,,,2027,46151886,Steele Fletcher,WR,Wake Forest,Hard Commit,no,yes,56,56,Vulnerable,36.8%,63.2%,33.4%,66.6%,3-star,NA,2/12/2026,"Providence Day School (Charlotte, NC)",Charlotte,NC,35.209045,-80.83099,Texas,TX,30.26715,-97.74306,1039,far,city,nearby,0,0,0,0,early commit; first commitment; only commit at position,https://247sports.com/player/steele-fletcher-46151886/
217,Need Texas Signal,no clear Texas-specific signal captured,visited committed school,Need Intel,High,city-level geography; commit date captured; post-commit activity captured,,,,,,,,,,,2027,46143376,Jameson Purcell,QB,Indiana,Hard Commit,no,yes,39,39,Weak / Attack,36.6%,63.4%,55.5%,44.5%,3-star,562,7/21/2025,"Maine South (Park Ridge, IL)",Park Ridge,IL,42.011762,-87.843434,Texas,TX,30.26715,-97.74306,980,far,city,nearby,0,0,0,1,very early commit; first commitment; only commit at position,https://247sports.com/player/jameson-purcell-46143376/
218,Need Texas Signal,active after commitment; no clear Texas-specific signal captured,other-school OV after commit,Need Intel,High,city-level geography; commit date captured; post-commit activity captured,,,,,,,,,,,2027,46153455,Ezra Sanelivi,RB,BYU,Hard Commit,no,yes,48.0,54,Weak / Attack,36.5%,63.5%,55.5%,44.5%,3-star,NA,4/8/2026,"Liberty (Henderson, NV)",Henderson,NV,36.008958,-115.0268,Texas,TX,30.26715,-97.74306,1072,far,city,regional,1,1,0,0,early commit; first commitment; only commit at position; other-school OV after commit,https://247sports.com/player/ezra-sanelivi-46153455/
219,Need Texas Signal,4-star; active after commitment; no clear Texas-specific signal captured,4-star; other-school OV after commit,Need Intel,High,city-level geography; commit date captured; post-commit activity captured,,,,,,,,,,,2027,46139694,Tory Pittman III,S,Nebraska,Hard Commit,no,yes,32.0,38,Weak / Attack,35.8%,64.2%,55.5%,44.5%,4-star,53,8/15/2025,"Millard North (Omaha, NE)",Omaha,NE,41.262705,-96.053475,Texas,TX,30.26715,-97.74306,766,far,city,nearby,1,1,0,0,very early commit; first commitment; thin position group; 4-star; other-school OV after commit,https://247sports.com/player/tory-pittman-iii-46139694/
220,Need Texas Signal,no clear Texas-specific signal captured,,Need Intel,Medium,city-level geography; commit date captured; no post-commit activity captured,,,,,,,,,,,2027,46151033,Noah Collins-Howard,WR,Syracuse,Hard Commit,no,yes,54,54,Vulnerable,35.7%,64.3%,33.4%,66.6%,3-star,NA,3/25/2026,"Rush-Henrietta (Henrietta, NY)",Henrietta,NY,,,Texas,TX,30.26715,-97.74306,1417,far,city,nearby,0,0,0,0,early commit; first commitment; only commit at position,https://247sports.com/player/noah-collins-howard-46151033/
221,Need Texas Signal,no clear Texas-specific signal captured,,Need Intel,Medium,city-level geography; commit date captured; no post-commit activity captured,,,,,,,,,,,2027,46155269,Michael Farinas,WR,UCLA,Hard Commit,no,yes,61,61,Vulnerable,35.0%,65.0%,33.4%,66.6%,3-star,NA,2/2/2026,"Chaparral (Temecula, CA)",Temecula,CA,33.493073,-117.131734,Texas,TX,30.26715,-97.74306,1158,far,city,nearby,0,0,0,0,early commit; first commitment; thin position group,https://247sports.com/player/michael-farinas-46155269/
222,Need Texas Signal,no clear Texas-specific signal captured,visited committed school,Need Intel,High,city-level geography; commit date captured; post-commit activity captured,,,,,,,,,,,2027,46155708,Grant Adloff,IOL,Michigan State,Hard Commit,no,yes,56,56,Vulnerable,34.9%,65.1%,33.4%,66.6%,3-star,740,1/31/2026,"East Grand Rapids (Grand Rapids, MI)",Grand Rapids,MI,42.961156,-85.65557,Texas,TX,30.26715,-97.74306,1101,far,city,nearby,0,0,0,1,early commit; first commitment; only commit at position,https://247sports.com/player/grant-adloff-46155708/
223,Need Texas Signal,active after commitment; no clear Texas-specific signal captured,other-school OV after commit; visited committed school,Need Intel,High,city-level geography; commit date captured; post-commit activity captured,,,,,,,,,,,2027,46161730,Aniti Paiva,DL,Penn State,Hard Commit,no,yes,54.0,58,Vulnerable,34.7%,65.3%,33.4%,66.6%,3-star,NA,5/22/2026,"Skyline (Salt Lake City, UT)",Salt Lake City,UT,40.776928,-111.930991,Texas,TX,30.26715,-97.74306,1074,far,city,cross_country,1,1,0,1,early commit; first commitment; cross country; other-school OV after commit,https://247sports.com/player/aniti-paiva-46161730/
224,Need Texas Signal,4-star; active after commitment; no clear Texas-specific signal captured,4-star; other-school OV after commit,Need Intel,High,city-level geography; commit date captured; post-commit activity captured,,,,,,,,,,,2027,46151857,Jaiden Kelly-Murray,WR,Colorado,Hard Commit,no,yes,47,67,Weak / Attack,34.5%,65.5%,55.5%,44.5%,4-star,304,5/25/2026,"Oceanside Collegiate Academy (Mount Pleasant, SC)",Mount Pleasant,SC,32.808382,-79.865038,Texas,TX,30.26715,-97.74306,1066,far,city,far,7,7,0,0,early commit; prior decommit; only commit at position; far; 4-star,https://247sports.com/player/jaiden-kelly-murray-46151857/
225,Need Texas Signal,no clear Texas-specific signal captured,visited committed school,Need Intel,High,city-level geography; commit date captured; post-commit activity captured,,,,,,,,,,,2027,46150496,Oakley Keegan,TE,Alabama,Hard Commit,no,yes,49,49,Weak / Attack,34.5%,65.5%,55.5%,44.5%,3-star,NA,3/21/2026,"Liverpool (Liverpool, NY)",Liverpool,NY,43.105566,-76.209664,Texas,TX,30.26715,-97.74306,1479,far,city,far,0,0,0,1,early commit; first commitment; only commit at position; far,https://247sports.com/player/oakley-keegan-46150496/
226,Need Texas Signal,no clear Texas-specific signal captured,visited committed school,Need Intel,High,city-level geography; commit date captured; post-commit activity captured,,,,,,,,,,,2027,46156931,Jack Schuler,Edge,Michigan State,Hard Commit,no,yes,56,56,Vulnerable,34.4%,65.6%,33.4%,66.6%,3-star,NA,4/30/2026,"Bishop Watterson (Columbus, OH)",Columbus,OH,39.983938,-82.984882,Texas,TX,30.26715,-97.74306,1067,far,city,nearby,0,0,0,1,early commit; first commitment; only commit at position,https://247sports.com/player/jack-schuler-46156931/
227,Need Texas Signal,no clear Texas-specific signal captured,visited committed school,Need Intel,High,city-level geography; commit date captured; post-commit activity captured,,,,,,,,,,,2027,46154799,Larron Westmoreland,S,Kentucky,Hard Commit,no,yes,61,61,Vulnerable,34.3%,65.7%,33.4%,66.6%,3-star,471,2/13/2026,"Jeffersontown (Louisville, KY)",Louisville,KY,38.224728,-85.740614,Texas,TX,30.26715,-97.74306,878,far,city,nearby,0,0,0,1,early commit; first commitment; thin position group,https://247sports.com/player/larron-westmoreland-46154799/
228,Need Texas Signal,active after commitment; no clear Texas-specific signal captured,other-school OV after commit,Need Intel,High,city-level geography; commit date captured; post-commit activity captured,,,,,,,,,,,2027,46155054,Trenton Lynch,RB,Rutgers,Hard Commit,no,yes,42.0,54,Weak / Attack,34.2%,65.8%,55.5%,44.5%,3-star,NA,5/1/2026,"Spartanburg (Spartanburg, SC)",Spartanburg,SC,34.945627,-81.925944,Texas,TX,30.26715,-97.74306,974,far,city,regional,2,2,0,0,early commit; first commitment; only commit at position; other-school OV after commit,https://247sports.com/player/trenton-lynch-46155054/
229,Need Texas Signal,no clear Texas-specific signal captured,visited committed school,Need Intel,High,city-level geography; commit date captured; post-commit activity captured,,,,,,,,,,,2027,46167045,Maa'imoa Havili,DL,BYU,Hard Commit,no,yes,61,61,Vulnerable,34.1%,65.9%,33.4%,66.6%,3-star,853,5/20/2026,"Granger (Salt Lake City, UT)",Salt Lake City,UT,40.776928,-111.930991,Texas,TX,30.26715,-97.74306,1074,far,city,nearby,0,0,0,1,early commit; first commitment; thin position group,https://247sports.com/player/maaimoa-havili-46167045/
230,Need Texas Signal,active after commitment; no clear Texas-specific signal captured,other-school OV after commit; other-school offers after commit; visited committed school,Need Intel,High,city-level geography; commit date captured; post-commit activity captured,,,,,,,,,,,2027,46148768,Tasheem Butler,LB,North Carolina,Hard Commit,no,yes,34,54,Weak / Attack,33.8%,66.2%,55.5%,44.5%,3-star,740,3/28/2026,"Glassboro (Glassboro, NJ)",Glassboro,NJ,39.700096,-75.111423,Texas,TX,30.26715,-97.74306,1432,far,city,regional,4,4,2,1,early commit; first commitment; only commit at position; other-school OV after commit; other-school offers after commit,https://247sports.com/player/tasheem-butler-46148768/
231,Need Texas Signal,active after commitment; no clear Texas-specific signal captured,other-school OV after commit; visited committed school,Need Intel,High,city-level geography; commit date captured; post-commit activity captured,,,,,,,,,,,2027,46165561,Will Zaccagnino,DL,Wisconsin,Hard Commit,no,yes,34,54,Weak / Attack,33.8%,66.2%,55.5%,44.5%,3-star,NA,4/30/2026,"St. Joseph (Trumbull, CT)",Trumbull,CT,,,Texas,TX,30.26715,-97.74306,1563,cross_country,city,far,4,4,0,1,early commit; first commitment; thin position group; far; other-school OV after commit,https://247sports.com/player/will-zaccagnino-46165561/
232,Need Texas Signal,no clear Texas-specific signal captured,visited committed school,Need Intel,High,city-level geography; commit date captured; post-commit activity captured,,,,,,,,,,,2027,46150049,Tycen Johnson,WR,Arizona State,Hard Commit,no,yes,57,57,Vulnerable,33.7%,66.3%,33.4%,66.6%,3-star,853,2/6/2026,"Chaparral (Temecula, CA)",Temecula,CA,33.493073,-117.131734,Texas,TX,30.26715,-97.74306,1158,far,city,regional,0,0,0,1,early commit; first commitment; thin position group,https://247sports.com/player/tycen-johnson-46150049/
233,Need Texas Signal,4-star; active after commitment; no clear Texas-specific signal captured,4-star; other-school OV after commit; visited committed school,Need Intel,High,city-level geography; commit date captured; post-commit activity captured,,,,,,,,,,,2027,46150503,Isala Aisa Wily-Ava,S,Washington,Hard Commit,no,yes,44.0,48,Weak / Attack,33.5%,66.5%,55.5%,44.5%,4-star,415,5/16/2026,"St. John Bosco (Bellflower, CA)",Bellflower,CA,33.887821,-118.12725,Texas,TX,30.26715,-97.74306,1217,far,city,far,1,1,0,1,early commit; first commitment; only commit at position; far; 4-star,https://247sports.com/player/isala-aisa-wily-ava-46150503/
234,Need Texas Signal,active after commitment; no clear Texas-specific signal captured,other-school OV after commit; visited committed school,Need Intel,High,city-level geography; commit date captured; post-commit activity captured,,,,,,,,,,,2027,46163615,Noah Robinson,DL,UCF,Hard Commit,no,yes,52.0,56,Vulnerable,33.5%,66.5%,33.4%,66.6%,3-star,NA,5/2/2026,"Vanguard (Ocala, FL)",Ocala,FL,29.17751,-82.151025,Texas,TX,30.26715,-97.74306,938,far,city,nearby,1,1,0,1,early commit; first commitment; only commit at position; other-school OV after commit,https://247sports.com/player/noah-robinson-46163615/
235,Need Texas Signal,active after commitment; no clear Texas-specific signal captured,other-school OV after commit; visited committed school,Need Intel,High,city-level geography; commit date captured; post-commit activity captured,,,,,,,,,,,2027,46162046,Jadell Carter,Edge,NC State,Hard Commit,no,yes,36.0,52,Weak / Attack,32.8%,67.2%,55.5%,44.5%,3-star,853,5/13/2026,"South Fort Myers (Fort Myers, FL)",Fort Myers,FL,26.61982,-81.831673,Texas,TX,30.26715,-97.74306,997,far,city,regional,3,3,0,1,early commit; first commitment; only commit at position; other-school OV after commit,https://247sports.com/player/jadell-carter-46162046/
236,Need Texas Signal,active after commitment; no clear Texas-specific signal captured,other-school OV after commit,Need Intel,High,city-level geography; commit date captured; post-commit activity captured,,,,,,,,,,,2027,46150248,Matt Williams,CB,Vanderbilt,Hard Commit,no,yes,39.0,57,Weak / Attack,32.6%,67.4%,55.5%,44.5%,3-star,505,4/20/2026,"Maury (Norfolk, VA)",Norfolk,VA,36.923015,-76.244641,Texas,TX,30.26715,-97.74306,1313,far,city,regional,3,3,0,0,early commit; first commitment; only commit at position; other-school OV after commit,https://247sports.com/player/matt-williams-46150248/
237,Need Texas Signal,no clear Texas-specific signal captured,visited committed school,Need Intel,High,city-level geography; commit date captured; post-commit activity captured,,,,,,,,,,,2027,46165524,Jackie Ryder,QB,Purdue,Hard Commit,no,yes,53,53,Vulnerable,32.5%,67.5%,33.4%,66.6%,3-star,NA,4/13/2026,"New Trier (Winnetka, IL)",Winnetka,IL,42.10621,-87.742764,Texas,TX,30.26715,-97.74306,988,far,city,nearby,0,0,0,1,early commit; first commitment; only commit at position,https://247sports.com/player/jackie-ryder-46165524/
238,Need Texas Signal,4-star; active after commitment; no clear Texas-specific signal captured,4-star; other-school OV after commit,Need Intel,High,city-level geography; commit date captured; post-commit activity captured,,,,,,,,,,,2027,46145697,Gabe Jenkins,S,Colorado,Hard Commit,no,yes,51,71,Vulnerable,32.3%,67.7%,33.4%,66.6%,4-star,321,5/20/2026,"Imani Christian Academy (Pittsburgh, PA)",Pittsburgh,PA,40.439936,-79.975676,Texas,TX,30.26715,-97.74306,1219,far,city,far,4,4,0,0,early commit; prior decommit; only commit at position; far; 4-star,https://247sports.com/player/gabe-jenkins-46145697/
239,Need Texas Signal,5-star; active after commitment; no clear Texas-specific signal captured,5-star; other-school OV after commit; visited committed school,Need Intel,High,city-level geography; commit date captured; post-commit activity captured,,,,,,,,,,,2027,46139676,Israel Abrams,QB,Miami,Hard Commit,no,yes,26.0,42,Weak / Attack,32.0%,68.0%,55.5%,44.5%,5-star,39,4/3/2026,"Montini Catholic (Arlington Heights, IL)",Arlington Heights,IL,42.097362,-87.981671,Texas,TX,30.26715,-97.74306,980,far,city,far,3,3,0,1,early commit; first commitment; only commit at position; far; 5-star,https://247sports.com/player/israel-abrams-46139676/
240,Need Texas Signal,no clear Texas-specific signal captured,,Need Intel,Medium,city-level geography; commit date captured; no post-commit activity captured,,,,,,,,,,,2027,46150316,Ryan Wooten,CB,BYU,Hard Commit,no,yes,55,55,Vulnerable,31.8%,68.2%,33.4%,66.6%,3-star,608,5/3/2026,"St. Peter's Prep (Jersey City, NJ)",Jersey City,NJ,40.711417,-74.06476,Texas,TX,30.26715,-97.74306,1508,cross_country,city,cross_country,0,0,0,0,early commit; first commitment; only commit at position; cross country,https://247sports.com/player/ryan-wooten-46150316/
241,Need Texas Signal,active after commitment; no clear Texas-specific signal captured,other-school OV after commit,Need Intel,High,city-level geography; commit date captured; post-commit activity captured,,,,,,,,,,,2027,46153740,Brady Scott,ATH,Indiana,Hard Commit,no,yes,57.0,63,Vulnerable,31.8%,68.2%,33.4%,66.6%,3-star,562,5/31/2026,"Tabor Academy (Reading, MA)",Reading,MA,42.535183,-71.105423,Texas,TX,30.26715,-97.74306,1697,cross_country,city,far,1,1,0,0,early commit; first commitment; thin position group; far; other-school OV after commit,https://247sports.com/player/brady-scott-46153740/
242,Need Texas Signal,active after commitment; no clear Texas-specific signal captured,other-school OV after commit,Need Intel,High,city-level geography; commit date captured; post-commit activity captured,,,,,,,,,,,2027,46158735,Aiden Hartnett,IOL,Wake Forest,Hard Commit,no,yes,46.0,52,Weak / Attack,31.6%,68.4%,55.5%,44.5%,3-star,NA,4/3/2026,"American Heritage (Fort Lauderdale, FL)",Fort Lauderdale,FL,26.141227,-80.146731,Texas,TX,30.26715,-97.74306,1108,far,city,regional,1,1,0,0,early commit; first commitment; only commit at position; other-school OV after commit,https://247sports.com/player/aiden-hartnett-46158735/
243,Need Texas Signal,active after commitment; no clear Texas-specific signal captured,other-school OV after commit; visited committed school,Need Intel,High,city-level geography; commit date captured; post-commit activity captured,,,,,,,,,,,2027,46151869,Charles Woodson Jr.,S,Michigan,Hard Commit,no,yes,48.0,52,Weak / Attack,31.6%,68.4%,55.5%,44.5%,3-star,808,5/15/2026,"Lake Nona (Orlando, FL)",Orlando,FL,28.40865,-81.254805,Texas,TX,30.26715,-97.74306,991,far,city,far,1,1,0,1,early commit; first commitment; only commit at position; far; other-school OV after commit,https://247sports.com/player/charles-woodson-jr-46151869/
244,Need Texas Signal,no clear Texas-specific signal captured,,Need Intel,Medium,city-level geography; commit date captured; no post-commit activity captured,,,,,,,,,,,2027,46161487,Bradyn Paulozzi,Edge,Syracuse,Hard Commit,no,yes,57,57,Vulnerable,31.6%,68.4%,33.4%,66.6%,3-star,NA,4/13/2026,"St. Edward (Lakewood, OH)",Lakewood,OH,41.483258,-81.801143,Texas,TX,30.26715,-97.74306,1179,far,city,regional,0,0,0,0,early commit; first commitment; only commit at position,https://247sports.com/player/bradyn-paulozzi-46161487/
245,Need Texas Signal,no clear Texas-specific signal captured,,Need Intel,Medium,city-level geography; commit date captured; no post-commit activity captured,,,,,,,,,,,2027,46166756,Zion Watson,S,Rutgers,Hard Commit,no,yes,64,64,Vulnerable,31.4%,68.6%,33.4%,66.6%,3-star,NA,5/30/2026,"Northside Christian (St. Petersburg, FL)",St. Petersburg,FL,27.762727,-82.644131,Texas,TX,30.26715,-97.74306,926,far,city,far,0,0,0,0,early commit; first commitment; far,https://247sports.com/player/zion-watson-46166756/
246,Need Texas Signal,4-star; active after commitment; no clear Texas-specific signal captured,4-star; other-school OV after commit; other-school offers after commit,Need Intel,High,city-level geography; commit date captured; post-commit activity captured,,,,,,,,,,,2027,46149072,Amir Brown,RB,Nebraska,Hard Commit,no,yes,37.5,45,Weak / Attack,31.3%,68.7%,55.5%,44.5%,4-star,379,11/23/2025,"Rolesville (Rolesville, NC)",Rolesville,NC,35.915785,-78.463093,Texas,TX,30.26715,-97.74306,1180,far,city,far,1,1,2,0,very early commit; prior decommit; only commit at position; far; 4-star,https://247sports.com/player/amir-brown-46149072/
247,Need Texas Signal,no clear Texas-specific signal captured,visited committed school,Need Intel,High,city-level geography; commit date captured; post-commit activity captured,,,,,,,,,,,2027,46144831,Jordan Haskins,S,Louisville,Hard Commit,no,yes,54,54,Vulnerable,31.3%,68.7%,33.4%,66.6%,3-star,471,3/6/2026,"Bryan Station (Lexington, KY)",Lexington,KY,,,Texas,TX,30.26715,-97.74306,926,far,city,nearby,0,0,0,1,early commit; first commitment; only commit at position,https://247sports.com/player/jordan-haskins-46144831/
248,Need Texas Signal,active after commitment; no clear Texas-specific signal captured,other-school offers after commit; visited committed school,Need Intel,High,city-level geography; commit date captured; post-commit activity captured,,,,,,,,,,,2027,46149062,Isaia Vandermade,DL,USC,Hard Commit,no,yes,61,61,Vulnerable,31.3%,68.7%,33.4%,66.6%,3-star,830,2/17/2026,"Santa Margarita Catholic (Rancho Santa Margarita, CA)",Rancho Santa Margarita,CA,33.632332,-117.599008,Texas,TX,30.26715,-97.74306,1185,far,city,nearby,0,0,1,1,early commit; first commitment; thin position group; other-school offers after commit,https://247sports.com/player/isaia-vandermade-46149062/
249,Need Texas Signal,4-star; active after commitment; no clear Texas-specific signal captured,4-star; other-school offers after commit,Need Intel,High,city-level geography; commit date captured; post-commit activity captured,,,,,,,,,,,2027,46141063,Ace Alston,CB,Notre Dame,Hard Commit,no,yes,32.8,35,Weak / Attack,31.1%,68.9%,55.5%,44.5%,4-star,84,12/9/2025,"Anderson (Cincinnati, OH)",Cincinnati,OH,39.140183,-84.505829,Texas,TX,30.26715,-97.74306,967,far,city,nearby,0,0,3,0,very early commit; first commitment; thin position group; 4-star; other-school offers after commit,https://247sports.com/player/ace-alston-46141063/
250,Need Texas Signal,active after commitment; no clear Texas-specific signal captured,other-school OV after commit,Need Intel,High,city-level geography; commit date captured; post-commit activity captured,,,,,,,,,,,2027,46157712,Jamar Taylor,WR,Rutgers,Hard Commit,no,yes,50.0,56,Vulnerable,31.1%,68.9%,33.4%,66.6%,3-star,608,5/13/2026,"Salesianum (Wilmington, DE)",Wilmington,DE,39.735651,-75.532104,Texas,TX,30.26715,-97.74306,1411,far,city,nearby,1,1,0,0,early commit; first commitment; only commit at position; other-school OV after commit,https://247sports.com/player/jamar-taylor-46157712/
