board_rank,class_year,player_id,name,position,committed_team,commitment_type,is_signed_or_enrolled,is_power_team_guess,commitment_strength_score,strength_tier,live_commitment_strength_score,live_strength_tier,model_decommit_flip_probability,model_stick_probability,historical_bucket_decommit_flip_rate,estimated_decommit_flip_probability,estimated_stick_probability,rating,star_bucket,national_rank,committed_date,high_school,home_state,home_city,home_lat,home_lon,college_state,college_lat,college_lon,home_to_school_miles,distance_bucket,geography_precision,is_in_state_commit,days_to_early_signing_day,prior_commitments,prior_decommits,same_position_commits_at_school,higher_rated_same_position_commits,offers_before_commit,official_visits_before_commit,unofficial_visits_before_commit,post_commit_committed_school_visits,post_commit_other_school_offers,post_commit_other_school_visits,post_commit_other_school_official_visits,post_commit_other_team_events,why_flagged,profile_url
1,2027,46156736,Tyler Reid,RB,Pittsburgh,Hard Commit,no,yes,30,Weak / Attack,29.8,Weak / Attack,89.8%,10.2%,55.0%,55.0%,45.0%,0.8756,3-star,754,3/6/2025,"St. Thomas Aquinas (Miramar, FL)",FL,Miramar,25.972529,-80.338582,PA,40.439936,-79.975676,1000,far,city,no,650,0,0,0,0,1,0,0,1,3,0,0,0,very early commit; first commitment; only commit at position; far; other-school offers after commit,https://247sports.com/player/tyler-reid-46156736/high-school-332394/
2,2027,46156635,Jacob Thomas,WR,Pittsburgh,Hard Commit,no,yes,33,Weak / Attack,13,Weak / Attack,89.3%,10.7%,55.0%,55.0%,45.0%,0.8722,3-star,859,3/1/2025,"Flanagan (Hollywood, FL)",FL,Hollywood,26.030967,-80.164609,PA,40.439936,-79.975676,996,far,city,no,655,0,0,1,1,0,0,0,1,21,3,3,0,very early commit; first commitment; thin position group; far; other-school OV after commit,https://247sports.com/player/jacob-thomas-46156635/high-school-332006/
3,2027,46144117,Tank White,ATH,Syracuse,Hard Commit,no,yes,34,Weak / Attack,31.0,Weak / Attack,89.1%,10.9%,55.0%,55.0%,45.0%,0.8644,3-star,NA,6/7/2024,"Melbourne Central Catholic (Melbourne, FL)",FL,Melbourne,28.110438,-80.662717,NY,43.040998,-76.143554,1062,far,city,no,922,0,0,1,0,8,0,1,0,4,0,0,0,very early commit; first commitment; thin position group; far; other-school offers after commit,https://247sports.com/player/tank-white-46144117/high-school-302311/
4,2027,46157065,Travis Miles,S,Syracuse,Hard Commit,no,yes,40,Weak / Attack,40,Weak / Attack,84.1%,15.9%,55.0%,55.0%,45.0%,0.8767,3-star,732,3/26/2025,"Hillside (Hillside, NJ)",NJ,Hillside,,,NY,43.040998,-76.143554,220,nearby,state,no,630,0,0,1,1,1,0,0,0,0,0,0,0,very early commit; first commitment; thin position group,https://247sports.com/player/travis-miles-46157065/high-school-334203/
5,2027,46144180,Jamier Brown,WR,Ohio State,Hard Commit,no,yes,32,Weak / Attack,32,Weak / Attack,78.2%,21.8%,55.0%,55.0%,45.0%,0.9874,5-star,23,11/23/2024,"Big Walnut (Sunbury, OH)",OH,Sunbury,40.249405,-82.880199,OH,39.983938,-82.984882,19,nearby,city,yes,753,0,0,0,0,22,0,0,1,1,0,0,0,very early commit; first commitment; only commit at position; 5-star; other-school offers after commit,https://247sports.com/player/jamier-brown-46144180/high-school-302393/
6,2027,46140325,Brady Edmunds,QB,Ohio State,Hard Commit,no,yes,22,Weak / Attack,21.8,Weak / Attack,77.1%,22.9%,55.0%,55.0%,45.0%,0.9206,4-star,219,12/2/2024,"Huntington Beach (Huntington Beach, CA)",CA,Huntington Beach,33.698007,-118.003834,OH,39.983938,-82.984882,1971,cross_country,city,no,744,0,0,0,0,14,0,4,1,3,0,0,0,very early commit; first commitment; only commit at position; cross country; 4-star,https://247sports.com/player/brady-edmunds-46140325/high-school-293940/
7,2027,46146328,Angelo Smith,S,Ohio State,Hard Commit,no,yes,35,Weak / Attack,25.0,Weak / Attack,75.9%,24.1%,55.0%,55.0%,45.0%,0.8711,3-star,871,9/21/2025,"Chaminade-Madonna (Hollywood, FL)",FL,Hollywood,26.030967,-80.164609,OH,39.983938,-82.984882,978,far,city,no,451,0,0,1,1,4,0,0,1,8,1,1,0,very early commit; first commitment; thin position group; far; other-school OV after commit,https://247sports.com/player/angelo-smith-46146328/high-school-307284/
8,2027,46154726,Jemari Foreman,S,Florida State,Hard Commit,no,yes,38,Weak / Attack,18,Weak / Attack,70.9%,29.1%,55.0%,55.0%,45.0%,0.8800,3-star,629,9/6/2025,"Cypress Bay (Fort Lauderdale, FL)",FL,Fort Lauderdale,26.141227,-80.146731,FL,30.453529,-84.252272,389,regional,city,yes,466,0,0,1,1,1,0,0,2,13,4,2,0,very early commit; first commitment; thin position group; other-school OV after commit; other-school offers after commit,https://247sports.com/player/jemari-foreman-46154726/high-school-327859/
9,2027,46160979,Levi Babin,ATH,Maryland,Hard Commit,no,yes,31,Weak / Attack,31,Weak / Attack,70.8%,29.2%,55.0%,55.0%,45.0%,0.8600,3-star,NA,10/22/2025,"Episcopal (Alexandria, VA)",VA,Alexandria,38.819251,-77.08367,MD,38.996276,-76.935594,15,nearby,city,no,420,0,0,0,0,0,0,2,1,1,0,0,0,very early commit; first commitment; only commit at position; other-school offers after commit,https://247sports.com/player/levi-babin-46160979/high-school-343580/
10,2027,46160328,Gene Jones,DL,Virginia,Hard Commit,no,yes,33,Weak / Attack,33,Weak / Attack,70.1%,29.9%,55.0%,55.0%,45.0%,0.8578,3-star,NA,10/18/2025,"Hampton (Hampton, VA)",VA,Hampton,37.047961,-76.297293,VA,38.037658,-78.485381,138,nearby,city,yes,424,0,0,0,0,0,0,0,0,0,0,0,0,very early commit; first commitment; only commit at position,https://247sports.com/player/gene-jones-46160328/high-school-340392/
11,2027,46154687,Richie Flanigan,DL,Notre Dame,Hard Commit,no,yes,37,Weak / Attack,37,Weak / Attack,69.9%,30.1%,55.0%,55.0%,45.0%,0.8933,4-star,408,9/25/2025,"Notre Dame Academy (Green Bay, WI)",WI,Green Bay,44.521542,-87.986568,IN,41.700283,-86.238679,214,nearby,city,no,447,0,0,1,1,7,0,0,0,0,0,0,0,very early commit; first commitment; thin position group; 4-star,https://247sports.com/player/richie-flanigan-46154687/high-school-327687/
12,2027,46155383,Titus Osterman,ATH,Washington,Hard Commit,no,yes,53,Vulnerable,53,Vulnerable,69.9%,30.1%,33.4%,33.4%,66.6%,0.8550,3-star,NA,1/31/2026,"Kimberly (Kimberly, ID)",ID,Kimberly,42.534894,-114.370689,WA,47.619335,-122.351538,524,regional,city,no,319,0,0,0,0,3,0,0,1,0,0,0,0,early commit; first commitment; only commit at position,https://247sports.com/player/titus-osterman-46155383/high-school-329040/
13,2027,46154729,Demarcus Deroche,ATH,Miami,Hard Commit,no,yes,32,Weak / Attack,15.5,Weak / Attack,69.7%,30.3%,55.0%,55.0%,45.0%,0.9021,4-star,334,8/19/2025,"Cardinal Gibbons (Fort Lauderdale, FL)",FL,Fort Lauderdale,26.141227,-80.146731,FL,25.683061,-80.261659,32,nearby,city,yes,484,0,0,0,0,8,0,0,0,10,2,1,0,very early commit; first commitment; only commit at position; 4-star; other-school OV after commit,https://247sports.com/player/demarcus-deroche-46154729/high-school-327862/
14,2027,46143706,Jaylyn Jones,S,Miami,Hard Commit,no,yes,34,Weak / Attack,24.0,Weak / Attack,68.4%,31.6%,55.0%,55.0%,45.0%,0.9029,4-star,327,6/23/2025,"McArthur (Hollywood, FL)",FL,Hollywood,26.030967,-80.164609,FL,25.683061,-80.261659,25,nearby,city,yes,541,0,0,1,1,4,0,1,1,16,0,0,0,very early commit; first commitment; thin position group; 4-star; other-school offers after commit,https://247sports.com/player/jaylyn-jones-46143706/high-school-338906/
15,2027,46164572,Tiki Teeples,DL,Utah,Hard Commit,no,yes,51,Vulnerable,51,Vulnerable,68.0%,32.0%,33.4%,33.4%,66.6%,0.8650,3-star,NA,4/22/2026,"Canyon View (Waddell, AZ)",AZ,Waddell,,,UT,40.776928,-111.930991,448,regional,state,no,238,0,0,0,0,0,0,0,0,0,0,0,0,early commit; first commitment; only commit at position,https://247sports.com/player/tiki-teeples-46164572/high-school-351483/
16,2027,46154568,Chuck Alexander,WR,Louisville,Hard Commit,no,yes,34,Weak / Attack,25.5,Weak / Attack,67.9%,32.1%,55.0%,55.0%,45.0%,0.8953,4-star,385,11/29/2025,"Withrow (Cincinnati, OH)",OH,Cincinnati,39.140183,-84.505829,KY,38.224728,-85.740614,92,nearby,city,no,382,0,0,1,1,0,0,0,1,6,1,1,0,very early commit; first commitment; thin position group; 4-star; other-school OV after commit,https://247sports.com/player/chuck-alexander-46154568/high-school-327414/
17,2027,46156088,Kadin Fife,DL,Tennessee,Hard Commit,no,yes,30,Weak / Attack,10,Weak / Attack,67.1%,32.9%,55.0%,55.0%,45.0%,0.8995,4-star,355,11/21/2025,"Cherokee County (Centre, AL)",AL,Centre,34.153059,-85.671683,TN,35.97068,-83.94927,159,nearby,city,no,390,0,0,0,0,8,0,1,0,13,2,2,0,very early commit; first commitment; only commit at position; 4-star; other-school OV after commit,https://247sports.com/player/kadin-fife-46156088/high-school-330462/
18,2027,46152705,Elijajuan Houston,S,Arizona State,Hard Commit,no,yes,48,Weak / Attack,48,Weak / Attack,66.5%,33.5%,55.0%,55.0%,45.0%,0.8811,3-star,612,5/29/2026,"North Crowley (Fort Worth, TX)",TX,Fort Worth,32.781954,-97.348573,AZ,33.388414,-111.931782,845,far,city,no,201,0,0,0,0,0,0,0,0,0,0,0,0,early commit; first commitment; only commit at position; far,https://247sports.com/player/elijajuan-houston-46152705/high-school-322510/
19,2027,46150124,Raylaun Henry,CB,Texas A&M,Hard Commit,no,yes,25,Weak / Attack,25,Weak / Attack,66.1%,33.9%,55.0%,55.0%,45.0%,0.9845,5-star,29,11/15/2025,"St. Frances Academy (Baltimore, MD)",MD,Baltimore,39.300032,-76.610476,TX,30.58516,-96.29636,1263,far,city,no,396,0,0,0,0,19,0,2,2,0,0,0,0,very early commit; first commitment; only commit at position; far; 5-star,https://247sports.com/player/raylaun-henry-46150124/high-school-315406/
20,2027,46166976,Eron Mallard,ATH,Purdue,Hard Commit,no,yes,51,Vulnerable,51,Vulnerable,65.8%,34.2%,33.4%,33.4%,66.6%,0.8700,3-star,888,6/8/2026,"Benedictine Military School (Savannah, GA)",GA,Savannah,32.018043,-81.196492,IN,40.443707,-86.923616,664,regional,city,no,191,0,0,0,0,0,0,0,0,0,0,0,0,early commit; first commitment; only commit at position,https://247sports.com/player/eron-mallard-46166976/high-school-359781/
21,2027,46162614,Elijah Butler,S,Virginia Tech,Hard Commit,no,yes,47,Weak / Attack,47,Weak / Attack,65.7%,34.3%,55.0%,55.0%,45.0%,0.8900,4-star,451,5/8/2026,"St. Frances Academy (Baltimore, MD)",MD,Baltimore,39.300032,-76.610476,VA,37.231264,-80.426745,252,regional,city,no,222,0,0,0,0,0,0,0,0,0,0,0,0,early commit; first commitment; only commit at position; 4-star,https://247sports.com/player/elijah-butler-46162614/high-school-346847/
22,2027,46154318,Jaylen Scott,S,Oklahoma,Hard Commit,no,yes,52,Vulnerable,34.0,Weak / Attack,65.1%,34.9%,33.4%,55.0%,45.0%,0.9111,4-star,276,3/7/2026,"Williamson (Mobile, AL)",AL,Mobile,30.668246,-88.107853,OK,35.240569,-97.345299,621,regional,city,no,284,0,1,0,0,5,0,1,0,16,1,1,0,early commit; first commitment; prior decommit; only commit at position; 4-star,https://247sports.com/player/jaylen-scott-46154318/high-school-326554/
23,2027,46159353,Harrison Luke,S,Clemson,Hard Commit,no,yes,41,Weak / Attack,41,Weak / Attack,64.8%,35.2%,55.0%,55.0%,45.0%,0.8833,3-star,570,9/2/2025,"North Oconee (Bogart, GA)",GA,Bogart,33.947625,-83.533749,SC,34.683564,-82.810575,65,nearby,city,no,470,0,0,1,1,7,0,0,1,2,0,0,0,very early commit; first commitment; thin position group; other-school offers after commit,https://247sports.com/player/harrison-luke-46159353/high-school-338812/
24,2027,46157693,King Kalama,DL,Duke,Hard Commit,no,yes,55,Vulnerable,51.5,Vulnerable,64.7%,35.3%,33.4%,33.4%,66.6%,0.8850,3-star,515,12/16/2025,"Reagan (Pfafftown, NC)",NC,Pfafftown,,,NC,35.977928,-78.898109,38,nearby,state,yes,365,0,0,0,0,2,0,0,2,10,0,0,0,early commit; first commitment; only commit at position; other-school offers after commit,https://247sports.com/player/king-kalama-46157693/high-school-335952/
25,2027,46146814,Saniiyn Black,S,Pittsburgh,Hard Commit,no,yes,48,Weak / Attack,48,Weak / Attack,64.4%,35.6%,55.0%,55.0%,45.0%,0.8550,3-star,NA,5/13/2026,"Zephyrhills (Zephyrhills, FL)",FL,Zephyrhills,28.240721,-82.179024,PA,40.439936,-79.975676,852,far,city,no,217,0,0,0,0,0,0,0,0,0,0,0,0,early commit; first commitment; only commit at position; far,https://247sports.com/player/saniiyn-black-46146814/high-school-308174/
26,2027,46158640,Steele Harris,ATH,Wisconsin,Hard Commit,no,yes,53,Vulnerable,53,Vulnerable,64.0%,36.0%,33.4%,33.4%,66.6%,0.8750,3-star,765,6/7/2026,"Great Falls (Great Falls, MT)",MT,Great Falls,47.502518,-111.29997,WI,43.087815,-89.429856,1102,far,city,no,192,0,0,1,1,0,0,0,0,0,0,0,0,early commit; first commitment; thin position group; far,https://247sports.com/player/steele-harris-46158640/high-school-337722/
27,2027,46166847,Edan Richardson,DL,Syracuse,Hard Commit,no,yes,53,Vulnerable,53,Vulnerable,63.9%,36.1%,33.4%,33.4%,66.6%,0.8650,3-star,NA,6/4/2026,"Archbishop McCarthy (Fort Lauderdale, FL)",FL,Fort Lauderdale,26.141227,-80.146731,NY,43.040998,-76.143554,1189,far,city,no,195,0,0,1,1,0,0,0,0,0,0,0,0,early commit; first commitment; thin position group; far,https://247sports.com/player/edan-richardson-46166847/high-school-359635/
28,2027,46149944,Matamatagi Uiagalelei,DL,Washington,Hard Commit,no,yes,60,Vulnerable,60,Vulnerable,63.7%,36.3%,33.4%,33.4%,66.6%,0.8633,3-star,NA,2/22/2026,"Mater Dei (Santa Ana, CA)",CA,Santa Ana,33.736332,-117.8829,WA,47.619335,-122.351538,987,far,city,no,297,0,0,2,2,1,0,0,1,0,0,0,0,early commit; first commitment; far,https://247sports.com/player/matamatagi-uiagalelei-46149944/high-school-315146/
29,2027,46164759,Joey Massey,ATH,Iowa State,Hard Commit,no,yes,51,Vulnerable,51,Vulnerable,62.8%,37.2%,33.4%,33.4%,66.6%,0.8650,3-star,NA,6/5/2026,"Notre Dame Academy (Green Bay, WI)",WI,Green Bay,44.521542,-87.986568,IA,42.026327,-93.621264,332,regional,city,no,194,0,0,0,0,0,0,0,0,0,0,0,0,early commit; first commitment; only commit at position,https://247sports.com/player/joey-massey-46164759/high-school-351863/
30,2027,46161357,Zach Forbish,WR,Michigan State,Hard Commit,no,yes,48,Weak / Attack,48,Weak / Attack,62.7%,37.3%,55.0%,55.0%,45.0%,0.8700,3-star,888,6/7/2026,"Frisco Lone Star (Frisco, TX)",TX,Frisco,33.155427,-96.822596,MI,42.748913,-84.482442,942,far,city,no,192,0,0,0,0,0,0,0,0,0,0,0,0,early commit; first commitment; only commit at position; far,https://247sports.com/player/zach-forbish-46161357/high-school-344571/
31,2027,46146402,Kayden Edwards,ATH,Boston College,Hard Commit,no,yes,51,Vulnerable,51,Vulnerable,62.6%,37.4%,33.4%,33.4%,66.6%,0.8550,3-star,NA,6/17/2026,"Ironton (Ironton, OH)",OH,Ironton,38.532596,-82.67809,MA,42.2,-71.8,626,regional,city,no,182,0,0,0,0,0,0,0,0,0,0,0,0,early commit; first commitment; only commit at position,https://247sports.com/player/kayden-edwards-46146402/high-school-307413/
32,2027,46143324,Connor Winn,TE,Florida State,Hard Commit,no,yes,33,Weak / Attack,33,Weak / Attack,62.2%,37.8%,55.0%,55.0%,45.0%,0.8450,3-star,NA,7/1/2025,"University Christian (Jacksonville, FL)",FL,Jacksonville,30.336864,-81.661603,FL,30.453529,-84.252272,155,nearby,city,yes,533,0,0,0,0,0,0,0,0,0,0,0,0,very early commit; first commitment; only commit at position,https://247sports.com/player/connor-winn-46143324/high-school-361337/
33,2027,46149257,Sione Felila,DL,Oklahoma,Hard Commit,no,yes,58,Vulnerable,58,Vulnerable,61.9%,38.1%,33.4%,33.4%,66.6%,0.8750,3-star,765,4/27/2026,"Oak Hills (Hesperia, CA)",CA,Hesperia,34.397038,-117.315198,OK,35.240569,-97.345299,1132,far,city,no,233,0,0,2,2,0,0,0,0,0,0,0,0,early commit; first commitment; far,https://247sports.com/player/sione-felila-46149257/high-school-314079/
34,2027,46164717,Bryson Brown,LB,Baylor,Hard Commit,no,yes,51,Vulnerable,51,Vulnerable,61.8%,38.2%,33.4%,33.4%,66.6%,0.8650,3-star,NA,1/31/2026,"Stillwater (Stillwater, OK)",OK,Stillwater,36.131496,-97.074464,TX,31.557994,-97.18975,316,regional,city,no,319,0,0,0,0,0,0,0,0,0,0,0,0,early commit; first commitment; only commit at position,https://247sports.com/player/bryson-brown-46164717/high-school-351809/
35,2027,46167306,Magic Haynes,DL,Arizona State,Hard Commit,no,yes,51,Vulnerable,51,Vulnerable,61.6%,38.4%,33.4%,33.4%,66.6%,0.8600,3-star,NA,6/15/2026,"Compton Centennial (Compton, CA)",CA,Compton,33.894047,-118.227469,AZ,33.388414,-111.931782,364,regional,city,no,184,0,0,0,0,0,0,0,0,0,0,0,0,early commit; first commitment; only commit at position,https://247sports.com/player/magic-haynes-46167306/high-school-360244/
36,2027,46163630,Marcus Watson,ATH,Houston,Hard Commit,no,yes,53,Vulnerable,49.0,Weak / Attack,61.2%,38.8%,33.4%,55.0%,45.0%,0.8700,3-star,888,4/3/2026,"Baton Rouge Central (Baton Rouge, LA)",LA,Baton Rouge,30.440443,-91.133166,TX,29.785743,-95.388806,258,regional,city,no,257,0,0,0,0,5,0,0,1,0,1,1,0,early commit; first commitment; only commit at position; other-school OV after commit,https://247sports.com/player/marcus-watson-46163630/high-school-349101/
37,2027,46164607,Raiden Cook,DL,Houston,Hard Commit,no,yes,52,Vulnerable,42.0,Weak / Attack,61.1%,38.9%,33.4%,55.0%,45.0%,0.9389,4-star,144,2/3/2026,"Barbers Hill (Mont Belvieu, TX)",TX,Mont Belvieu,29.849964,-94.874713,TX,29.785743,-95.388806,31,nearby,city,yes,316,0,0,0,0,7,0,0,1,8,1,1,0,early commit; first commitment; only commit at position; 4-star; other-school OV after commit,https://247sports.com/player/raiden-cook-46164607/high-school-351553/
38,2027,46149821,Elijah Patmon,DL,Texas A&M,Hard Commit,no,yes,33,Weak / Attack,33,Weak / Attack,60.9%,39.1%,55.0%,55.0%,45.0%,0.9296,4-star,180,10/11/2025,"Northside (Warner Robins, GA)",GA,Warner Robins,32.597096,-83.653936,TX,30.58516,-96.29636,756,far,city,no,431,0,0,1,1,17,0,2,1,1,0,0,0,very early commit; first commitment; thin position group; far; 4-star,https://247sports.com/player/elijah-patmon-46149821/high-school-314986/
39,2027,46161368,Gunnar Perry,LB,California,Hard Commit,no,yes,53,Vulnerable,53,Vulnerable,60.3%,39.7%,33.4%,33.4%,66.6%,0.8500,3-star,NA,2/6/2026,"Cactus Shadows (Scottsdale, AZ)",AZ,Scottsdale,33.684272,-111.861448,CA,37.865673,-122.298725,652,regional,city,no,313,0,0,0,0,1,0,0,0,0,0,0,0,early commit; first commitment; only commit at position,https://247sports.com/player/gunnar-perry-46161368/high-school-354710/
40,2027,46167522,Landon Johnson,S,TCU,Hard Commit,no,yes,51,Vulnerable,51,Vulnerable,58.9%,41.1%,33.4%,33.4%,66.6%,0.8600,3-star,NA,6/5/2026,"Madison Prep Academy (Baton Rouge, LA)",LA,Baton Rouge,30.440443,-91.133166,TX,32.781954,-97.348573,400,regional,city,no,194,0,0,0,0,0,0,0,0,0,0,0,0,early commit; first commitment; only commit at position,https://247sports.com/player/landon-johnson-46167522/high-school-360572/
41,2027,46145091,Jonathan Barnes,CB,UCF,Hard Commit,no,yes,48,Weak / Attack,48,Weak / Attack,57.8%,42.2%,55.0%,55.0%,45.0%,0.8500,3-star,NA,6/14/2026,"Duncanville (Duncanville, TX)",TX,Duncanville,32.64595,-96.91387,FL,28.40865,-81.254805,976,far,city,no,185,0,0,0,0,0,0,0,0,0,0,0,0,early commit; first commitment; only commit at position; far,https://247sports.com/player/jonathan-barnes-46145091/high-school-304232/
42,2027,46147250,Xavier Muhammad,DL,Michigan,Hard Commit,no,yes,54,Vulnerable,34,Weak / Attack,57.5%,42.5%,33.4%,55.0%,45.0%,0.9563,4-star,95,5/14/2026,"South Houston (South Houston, TX)",TX,South Houston,29.661024,-95.228361,MI,42.276147,-83.73086,1081,far,city,no,216,0,0,0,0,16,2,1,1,0,4,4,0,early commit; first commitment; only commit at position; far; 4-star,https://247sports.com/player/xavier-muhammad-46147250/high-school-308861/
43,2027,46166948,Cordaro Parham,CB,Michigan State,Hard Commit,no,yes,51,Vulnerable,51,Vulnerable,57.4%,42.6%,33.4%,33.4%,66.6%,0.8650,3-star,NA,6/5/2026,"Jefferson (Jefferson, GA)",GA,Jefferson,34.136239,-83.602157,MI,42.748913,-84.482442,597,regional,city,no,194,0,0,0,0,0,0,0,0,0,0,0,0,early commit; first commitment; only commit at position,https://247sports.com/player/cordaro-parham-46166948/high-school-359744/
44,2027,46166027,Zeke Walkup,DL,Maryland,Hard Commit,no,yes,61,Vulnerable,61,Vulnerable,57.3%,42.7%,33.4%,33.4%,66.6%,0.8700,3-star,888,6/21/2026,"Cannon County (Woodbury, TN)",TN,Woodbury,35.82473,-86.072434,MD,38.996276,-76.935594,547,regional,city,no,178,0,0,1,1,0,0,0,0,0,0,0,0,first commitment; thin position group,https://247sports.com/player/zeke-walkup-46166027/high-school-357737/
45,2027,46147767,Christian Freeman,RB,NC State,Hard Commit,no,yes,38,Weak / Attack,38,Weak / Attack,57.1%,42.9%,55.0%,55.0%,45.0%,0.8650,3-star,NA,7/4/2025,"Southeast Raleigh (Raleigh, NC)",NC,Raleigh,35.831868,-78.641042,NC,35.831868,-78.641042,0,in_state,city,yes,530,0,0,0,0,8,0,0,1,2,0,0,0,very early commit; first commitment; only commit at position; other-school offers after commit,https://247sports.com/player/christian-freeman-46147767/high-school-309937/
46,2027,46146222,Jayce Johnson,QB,Texas A&M,Hard Commit,no,yes,25,Weak / Attack,25,Weak / Attack,56.8%,43.2%,55.0%,55.0%,45.0%,0.9245,4-star,199,8/3/2025,"Lowndes (Valdosta, GA)",GA,Valdosta,30.850126,-83.278833,TX,30.58516,-96.29636,773,far,city,no,500,0,0,0,0,10,0,5,5,0,2,0,0,very early commit; first commitment; only commit at position; far; 4-star,https://247sports.com/player/jayce-johnson-46146222/high-school-306845/
47,2027,46143876,Gunner Rivers,QB,NC State,Hard Commit,no,yes,47,Weak / Attack,47,Weak / Attack,56.8%,43.2%,55.0%,55.0%,45.0%,0.9411,4-star,136,2/23/2026,"St. Michael Catholic (Fairhope, AL)",AL,Fairhope,30.52092,-87.879122,NC,35.831868,-78.641042,648,regional,city,no,296,0,0,0,0,2,0,3,1,0,0,0,0,early commit; first commitment; only commit at position; 4-star,https://247sports.com/player/gunner-rivers-46143876/high-school-301976/
48,2027,46157846,Linkin Apana,LB,TCU,Hard Commit,no,yes,53,Vulnerable,53,Vulnerable,56.7%,43.3%,33.4%,33.4%,66.6%,0.8650,3-star,NA,6/19/2026,"Kamehameha Kapalama (Honolulu, HI)",HI,Honolulu,,,TX,32.781954,-97.348573,3683,cross_country,state,no,180,0,0,0,0,8,0,0,0,0,0,0,0,first commitment; only commit at position; cross country,https://247sports.com/player/linkin-apana-46157846/high-school-336262/
49,2027,46164408,Steven Alexis,RB,Illinois,Hard Commit,no,yes,48,Weak / Attack,48,Weak / Attack,56.3%,43.7%,55.0%,55.0%,45.0%,0.8633,3-star,NA,6/16/2026,"Gibbs (St. Petersburg, FL)",FL,St. Petersburg,27.762727,-82.644131,IL,40.114099,-88.274619,912,far,city,no,183,0,0,0,0,0,0,0,0,0,0,0,0,early commit; first commitment; only commit at position; far,https://247sports.com/player/steven-alexis-46164408/high-school-351226/
50,2027,46159769,Malahn Green,WR,Oklahoma,Hard Commit,no,yes,51,Vulnerable,51,Vulnerable,56.3%,43.7%,33.4%,33.4%,66.6%,0.8600,3-star,NA,6/14/2026,"Cardinal Ritter College Prep (St. Louis, MO)",MO,St. Louis,38.635699,-90.244582,OK,35.240569,-97.345299,457,regional,city,no,185,0,0,0,0,0,0,0,0,0,0,0,0,early commit; first commitment; only commit at position,https://247sports.com/player/malahn-green-46159769/high-school-339386/
51,2027,46162816,Keldrid Ben,RB,Oklahoma,Hard Commit,no,yes,34,Weak / Attack,28.8,Weak / Attack,56.1%,43.9%,55.0%,55.0%,45.0%,0.9488,4-star,111,12/1/2025,"Montgomery (Montgomery, TX)",TX,Montgomery,30.390385,-95.698168,OK,35.240569,-97.345299,348,regional,city,no,380,0,0,1,0,3,0,0,0,7,0,0,0,very early commit; first commitment; thin position group; 4-star; other-school offers after commit,https://247sports.com/player/keldrid-ben-46162816/high-school-347273/
52,2027,46158176,Da'Jon Talley-Rhodes,RB,Indiana,Hard Commit,no,yes,53,Vulnerable,41.0,Weak / Attack,56.0%,44.0%,33.4%,55.0%,45.0%,0.8878,3-star,487,6/3/2026,"St. John's College (Washington, DC)",DC,Washington,38.904247,-77.016517,IN,39.1637,-86.524264,510,regional,city,no,196,0,0,0,0,1,0,0,0,0,2,2,0,early commit; first commitment; only commit at position; other-school OV after commit,https://247sports.com/player/dajon-talley-rhodes-46158176/high-school-337066/
53,2027,46144738,Holden Niemi,TE,Texas A&M,Hard Commit,no,yes,48,Weak / Attack,48,Weak / Attack,55.6%,44.4%,55.0%,55.0%,45.0%,0.8811,3-star,612,5/22/2026,"Dexter (Dexter, MI)",MI,Dexter,42.332256,-83.881027,TX,30.58516,-96.29636,1063,far,city,no,208,0,0,0,0,0,0,0,0,0,0,0,0,early commit; first commitment; only commit at position; far,https://247sports.com/player/holden-niemi-46144738/high-school-303663/
54,2027,46147998,George Toia,DL,UCLA,Hard Commit,no,yes,50,Vulnerable,40.0,Weak / Attack,55.0%,45.0%,33.4%,55.0%,45.0%,0.9420,4-star,131,4/30/2026,"Byron Nelson (Trophy Club, TX)",TX,Trophy Club,32.992522,-97.172964,CA,34.019394,-118.410825,1223,far,city,no,230,0,0,0,0,20,0,0,1,0,2,2,0,early commit; first commitment; only commit at position; far; 4-star,https://247sports.com/player/george-toia-46147998/high-school-344442/
55,2027,46166897,Luke Stevens,S,Arizona,Hard Commit,no,yes,53,Vulnerable,53,Vulnerable,54.6%,45.4%,33.4%,33.4%,66.6%,0.8500,3-star,NA,6/1/2026,"Fort Worth Christian (North Richland Hills, TX)",TX,North Richland Hills,32.86058,-97.219146,AZ,32.153036,-110.870773,796,far,city,no,198,0,0,1,1,0,0,0,0,0,0,0,0,early commit; first commitment; thin position group; far,https://247sports.com/player/luke-stevens-46166897/high-school-359691/
56,2027,46146740,Xavier Perkins,Edge,Virginia Tech,Hard Commit,no,yes,53,Vulnerable,53,Vulnerable,54.5%,45.5%,33.4%,33.4%,66.6%,0.8844,3-star,552,4/14/2026,"C.E. Jordan (Durham, NC)",NC,Durham,35.977928,-78.898109,VA,37.231264,-80.426745,121,nearby,city,no,246,0,0,0,0,0,0,0,0,0,0,0,0,early commit; first commitment; only commit at position,https://247sports.com/player/xavier-perkins-46146740/high-school-322196/
57,2027,46153350,Trey Haddad,WR,Texas A&M,Hard Commit,no,yes,53,Vulnerable,53,Vulnerable,54.5%,45.5%,33.4%,33.4%,66.6%,0.8550,3-star,NA,6/14/2026,"St. Ignatius (Cleveland, OH)",OH,Cleveland,41.478462,-81.679435,TX,30.58516,-96.29636,1108,far,city,no,185,0,0,1,1,0,0,0,0,0,0,0,0,early commit; first commitment; thin position group; far,https://247sports.com/player/trey-haddad-46153350/high-school-324334/
58,2027,46159210,Abdus Kone,IOL,Maryland,Hard Commit,no,yes,48,Weak / Attack,48,Weak / Attack,54.2%,45.8%,55.0%,55.0%,45.0%,0.8400,3-star,NA,5/31/2026,"North Shore (Houston, TX)",TX,Houston,29.785743,-95.388806,MD,38.996276,-76.935594,1226,far,city,no,199,0,0,0,0,0,0,0,0,0,0,0,0,early commit; first commitment; only commit at position; far,https://247sports.com/player/abdus-kone-46159210/high-school-338590/
59,2027,90720,Christian Chancellor Jr.,CB,Clemson,Hard Commit,no,yes,41,Weak / Attack,41,Weak / Attack,54.1%,45.9%,55.0%,55.0%,45.0%,0.8711,3-star,871,7/25/2025,"D.W. Daniel (Central, SC)",SC,Central,34.723405,-82.774706,SC,34.683564,-82.810575,3,nearby,city,yes,509,0,0,1,1,7,0,0,2,0,0,0,0,very early commit; first commitment; thin position group,https://247sports.com/player/christian-chancellor-jr-90720/high-school-174249/
60,2027,46163437,Shelvy Clark,LB,Maryland,Hard Commit,no,yes,48,Weak / Attack,48,Weak / Attack,53.9%,46.1%,55.0%,55.0%,45.0%,0.8700,3-star,887,6/7/2026,"Germantown (Germantown, TN)",TN,Germantown,35.081957,-89.782584,MD,38.996276,-76.935594,758,far,city,no,192,0,0,0,0,0,0,0,0,0,0,0,0,early commit; first commitment; only commit at position; far,https://247sports.com/player/shelvy-clark-46163437/high-school-348546/
61,2027,46148786,Braden Chaffin,IOL,Stanford,Hard Commit,no,yes,45,Weak / Attack,45,Weak / Attack,53.8%,46.2%,55.0%,55.0%,45.0%,0.8400,3-star,NA,6/1/2026,"Stevenson (Detroit, MI)",MI,Detroit,42.383037,-83.102237,CA,37.426933,-122.167741,2080,cross_country,city,no,198,0,0,0,0,0,0,0,0,0,0,0,0,early commit; first commitment; only commit at position; cross country,https://247sports.com/player/braden-chaffin-46148786/high-school-312975/
62,2027,46145101,Jeremiah Douglas,WR,Vanderbilt,Hard Commit,no,yes,37,Weak / Attack,18.0,Weak / Attack,53.7%,46.3%,55.0%,55.0%,45.0%,0.8767,3-star,732,12/2/2025,"Crandall (Crandall, TX)",TX,Crandall,32.634506,-96.432064,TN,35.8,-86.4,613,regional,city,no,379,0,0,0,0,16,0,0,1,4,3,3,0,very early commit; first commitment; only commit at position; other-school OV after commit; other-school offers after commit,https://247sports.com/player/jeremiah-douglas-46145101/high-school-304242/
63,2027,46167443,Jeremiah Joseph,DL,Rutgers,Hard Commit,no,yes,58,Vulnerable,58,Vulnerable,53.6%,46.4%,33.4%,33.4%,66.6%,0.8600,3-star,NA,6/9/2026,"Ridge Community (Davenport, FL)",FL,Davenport,28.161193,-81.610839,NJ,40.1,-74.5,919,far,city,no,190,0,0,2,2,0,0,0,0,0,0,0,0,early commit; first commitment; far,https://247sports.com/player/jeremiah-joseph-46167443/high-school-360467/
64,2027,46166750,Jacobi Pasley,ATH,West Virginia,Hard Commit,no,yes,63,Vulnerable,63,Vulnerable,53.6%,46.4%,33.4%,33.4%,66.6%,0.8700,3-star,888,5/1/2026,"Bradwell Institute (Hinesville, GA)",GA,Hinesville,31.826702,-81.615773,WV,39.637487,-79.946856,548,regional,city,no,229,0,0,2,2,1,0,0,0,0,0,0,0,early commit; first commitment,https://247sports.com/player/jacobi-pasley-46166750/high-school-359495/
65,2027,46159806,Sean Kraft,LS,Notre Dame,Hard Commit,no,yes,33,Weak / Attack,33,Weak / Attack,53.5%,46.5%,55.0%,55.0%,45.0%,0.8000,3-star,NA,6/24/2025,"Asheville Christian Academy (Swannanoa, NC)",NC,Swannanoa,35.600776,-82.387171,IN,41.700283,-86.238679,470,regional,city,no,540,0,0,0,0,5,0,0,0,0,0,0,0,very early commit; first commitment; only commit at position,https://247sports.com/player/sean-kraft-46159806/high-school-339445/
66,2027,46159412,Zayden Smith,ATH,Texas Tech,Hard Commit,no,yes,66,Stable / Monitor,66,Stable / Monitor,53.5%,46.5%,17.5%,17.5%,82.5%,0.8844,3-star,552,6/20/2026,"Bishop McDevitt (Harrisburg, PA)",PA,Harrisburg,40.275891,-76.88502,TX,33.561901,-101.888883,1451,far,city,no,179,0,0,3,3,0,0,0,0,0,0,0,0,first commitment; far,https://247sports.com/player/zayden-smith-46159412/high-school-338893/
67,2027,46142344,Hakim Frampton,ATH,Texas A&M,Hard Commit,no,yes,30,Weak / Attack,30,Weak / Attack,53.2%,46.8%,55.0%,55.0%,45.0%,0.8911,4-star,429,9/27/2025,"San Antonio Brandeis (San Antonio, TX)",TX,San Antonio,29.462809,-98.524635,TX,30.58516,-96.29636,154,nearby,city,yes,445,0,0,0,0,14,0,1,1,1,0,0,0,very early commit; first commitment; only commit at position; 4-star; other-school offers after commit,https://247sports.com/player/hakim-frampton-46142344/high-school-319002/
68,2027,46154163,Gianni Porfilio,CB,Purdue,Hard Commit,no,yes,50,Vulnerable,50,Vulnerable,53.1%,46.9%,33.4%,33.4%,66.6%,0.8500,3-star,NA,5/14/2026,"Huntington Beach (Huntington Beach, CA)",CA,Huntington Beach,33.698007,-118.003834,IN,40.443707,-86.923616,1766,cross_country,city,no,216,0,0,1,1,0,0,0,0,0,0,0,0,early commit; first commitment; thin position group; cross country,https://247sports.com/player/gianni-porfilio-46154163/high-school-326144/
69,2027,46153369,Benny Easter Jr.,WR,Texas Tech,Hard Commit,no,yes,35,Weak / Attack,15,Weak / Attack,53.0%,47.0%,55.0%,55.0%,45.0%,0.9751,4-star,63,11/20/2025,"Humble Summer Creek (Humble, TX)",TX,Humble,29.988207,-95.264356,TX,33.561901,-101.888883,461,regional,city,yes,391,0,0,1,0,6,0,0,1,8,4,4,0,very early commit; first commitment; thin position group; 4-star; other-school OV after commit,https://247sports.com/player/benny-easter-jr-46153369/high-school-324357/
70,2027,46154922,Bradley Sturdivant,IOL,Arkansas,Hard Commit,no,yes,43,Weak / Attack,43,Weak / Attack,52.9%,47.1%,55.0%,55.0%,45.0%,0.8556,3-star,NA,1/26/2025,"Sheridan (Sheridan, AR)",AR,Sheridan,34.321575,-92.443067,AR,36.071455,-94.166564,155,nearby,city,yes,689,0,0,2,1,0,0,0,0,0,0,0,0,very early commit; first commitment,https://247sports.com/player/bradley-sturdivant-46154922/high-school-328257/
71,2027,46166410,Kingston Thornton,CB,Northwestern,Hard Commit,no,yes,53,Vulnerable,53,Vulnerable,52.9%,47.1%,33.4%,33.4%,66.6%,0.8722,3-star,859,6/12/2026,"Parish Episcopal School (Dallas, TX)",TX,Dallas,32.793333,-96.766513,IL,42.046391,-87.694352,809,far,city,no,187,0,0,1,1,0,0,0,0,0,0,0,0,early commit; first commitment; thin position group; far,https://247sports.com/player/kingston-thornton-46166410/high-school-358912/
72,2027,46149353,Max Markofski,TE,Arizona,Hard Commit,no,yes,51,Vulnerable,51,Vulnerable,52.6%,47.4%,33.4%,33.4%,66.6%,0.8750,3-star,765,4/13/2026,"Mission Viejo (Mission Viejo, CA)",CA,Mission Viejo,33.609335,-117.656471,AZ,32.153036,-110.870773,406,regional,city,no,247,0,0,0,0,0,0,0,0,0,0,0,0,early commit; first commitment; only commit at position,https://247sports.com/player/max-markofski-46149353/high-school-314295/
73,2027,46137213,Furian Inferrera,QB,Minnesota,Hard Commit,no,yes,47,Weak / Attack,38.0,Weak / Attack,52.5%,47.5%,55.0%,55.0%,45.0%,0.8350,3-star,NA,6/21/2025,"Mission Hills (San Marcos, CA)",CA,San Marcos,33.132567,-117.169892,MN,44.963324,-93.26832,1512,cross_country,city,no,543,1,0,1,1,2,0,0,0,0,2,1,0,very early commit; thin position group; cross country; other-school OV after commit,https://247sports.com/player/furian-inferrera-46137213/high-school-296340/
74,2027,46166432,Noah Willis,CB,Cincinnati,Hard Commit,no,yes,51,Vulnerable,51,Vulnerable,52.4%,47.6%,33.4%,33.4%,66.6%,0.8500,3-star,NA,6/11/2026,"Blessed Trinity Catholic (Roswell, GA)",GA,Roswell,34.039453,-84.350946,OH,39.140183,-84.505829,353,regional,city,no,188,0,0,0,0,0,0,0,0,0,0,0,0,early commit; first commitment; only commit at position,https://247sports.com/player/noah-willis-46166432/high-school-358945/
75,2027,46156183,Prince Washington,CB,Colorado,Hard Commit,no,yes,53,Vulnerable,53,Vulnerable,52.3%,47.7%,33.4%,33.4%,66.6%,0.8500,3-star,NA,5/24/2026,"Houston Lamar (Houston, TX)",TX,Houston,29.785743,-95.388806,CO,40.024431,-105.251251,900,far,city,no,206,0,0,1,1,0,0,0,0,0,0,0,0,early commit; first commitment; thin position group; far,https://247sports.com/player/prince-washington-46156183/high-school-330676/
76,2027,46151615,Noah Parker,RB,Georgia,Hard Commit,no,yes,38,Weak / Attack,31.8,Weak / Attack,52.1%,47.9%,55.0%,55.0%,45.0%,0.8733,3-star,845,11/15/2025,"Macon County (Montezuma, GA)",GA,Montezuma,32.297239,-84.019058,GA,32.7,-83.3,50,nearby,city,yes,396,0,0,1,1,0,0,0,1,3,2,0,0,very early commit; first commitment; thin position group; other-school visit after commit; other-school offers after commit,https://247sports.com/player/noah-parker-46151615/high-school-318078/
77,2027,46167628,Bariyus Allen,DL,Iowa,Hard Commit,no,yes,61,Vulnerable,61,Vulnerable,52.1%,47.9%,33.4%,33.4%,66.6%,0.8800,3-star,629,6/7/2026,"Belmont (Dayton, OH)",OH,Dayton,39.784743,-84.199632,IA,41.655661,-91.530859,405,regional,city,no,192,0,0,2,2,0,0,0,0,0,0,0,0,early commit; first commitment,https://247sports.com/player/bariyus-allen-46167628/high-school-360734/
78,2027,46154755,Kharim Hughley,QB,Clemson,Hard Commit,no,yes,30,Weak / Attack,30,Weak / Attack,51.8%,48.2%,55.0%,55.0%,45.0%,0.9346,4-star,161,7/10/2025,"Gainesville (Gainesville, GA)",GA,Gainesville,34.2901,-83.829106,SC,34.683564,-82.810575,64,nearby,city,no,524,0,0,0,0,15,0,2,1,0,0,0,0,very early commit; first commitment; only commit at position; 4-star,https://247sports.com/player/kharim-hughley-46154755/high-school-327921/
79,2027,46158711,Savior Owens,RB,Michigan State,Hard Commit,no,yes,55,Vulnerable,55,Vulnerable,51.7%,48.3%,33.4%,33.4%,66.6%,0.8600,3-star,NA,1/25/2026,"Massillon Washington (Massillon, OH)",OH,Massillon,40.784483,-81.525216,MI,42.748913,-84.482442,204,nearby,city,no,325,0,0,0,0,5,0,0,1,0,0,0,0,early commit; first commitment; only commit at position,https://247sports.com/player/savior-owens-46158711/high-school-337802/
80,2027,46148046,Jaxx DeJean,ATH,Iowa,Hard Commit,no,yes,53,Vulnerable,53,Vulnerable,51.4%,48.6%,33.4%,33.4%,66.6%,0.8867,3-star,497,12/21/2025,"Odebolt-Arthur (Odebolt, IA)",IA,Odebolt,42.311842,-95.254378,IA,41.655661,-91.530859,197,nearby,city,yes,360,0,0,0,0,5,0,3,1,0,0,0,0,early commit; first commitment; only commit at position,https://247sports.com/player/jaxx-dejean-46148046/high-school-310774/
81,2027,46156164,Javarious Griffin Jr.,WR,Mississippi State,Hard Commit,no,yes,53,Vulnerable,53,Vulnerable,51.4%,48.6%,33.4%,33.4%,66.6%,0.8750,3-star,765,3/21/2026,"Cleveland Central (Cleveland, MS)",MS,Cleveland,33.744008,-90.728476,MS,33.463261,-88.827796,111,nearby,city,yes,270,0,0,0,0,0,0,0,0,0,0,0,0,early commit; first commitment; only commit at position,https://247sports.com/player/javarious-griffin-jr-46156164/high-school-330637/
82,2027,46161914,Damian Anyasodo,IOL,Utah,Hard Commit,no,yes,51,Vulnerable,51,Vulnerable,51.0%,49.0%,33.4%,33.4%,66.6%,0.8650,3-star,NA,6/7/2026,"St. Mary's (Stockton, CA)",CA,Stockton,37.976553,-121.308598,UT,40.776928,-111.930991,537,regional,city,no,192,0,0,0,0,0,0,0,0,0,0,0,0,early commit; first commitment; only commit at position,https://247sports.com/player/damian-anyasodo-46161914/high-school-345432/
83,2027,46164108,Jordan Walley,ATH,Minnesota,Hard Commit,no,yes,55,Vulnerable,55,Vulnerable,51.0%,49.0%,33.4%,33.4%,66.6%,0.8600,3-star,NA,5/31/2026,"D'Iberville (D'Iberville, MS)",MS,D'Iberville,30.443519,-88.895358,MN,44.963324,-93.26832,1031,far,city,no,199,0,0,0,0,11,1,0,0,0,0,0,0,early commit; first commitment; only commit at position; far,https://247sports.com/player/jordan-walley-46164108/high-school-350474/
84,2027,46157584,Jayin Talib,IOL,Colorado,Hard Commit,no,yes,51,Vulnerable,51,Vulnerable,50.8%,49.2%,33.4%,33.4%,66.6%,0.8600,3-star,NA,6/14/2026,"Allen (Allen, TX)",TX,Allen,33.109736,-96.673032,CO,40.024431,-105.251251,674,regional,city,no,185,0,0,0,0,0,0,0,0,0,0,0,0,early commit; first commitment; only commit at position,https://247sports.com/player/jayin-talib-46157584/high-school-335795/
85,2027,46155677,Nick Vecrumba,IOL,Kansas,Hard Commit,no,yes,51,Vulnerable,51,Vulnerable,50.3%,49.7%,33.4%,33.4%,66.6%,0.8550,3-star,NA,5/25/2026,"Brownsburg (Brownsburg, IN)",IN,Brownsburg,39.834436,-86.385693,KS,38.959551,-95.265468,478,regional,city,no,205,0,0,0,0,0,0,0,0,0,0,0,0,early commit; first commitment; only commit at position,https://247sports.com/player/nick-vecrumba-46155677/high-school-329536/
86,2027,46160357,Andy Stedem,Edge,Virginia,Hard Commit,no,yes,51,Vulnerable,51,Vulnerable,50.1%,49.9%,33.4%,33.4%,66.6%,0.8550,3-star,NA,6/15/2026,"Avon Old Farms (Avon, CT)",CT,Avon,,,VA,38.037658,-78.485381,393,regional,state,no,184,0,0,0,0,0,0,0,0,0,0,0,0,early commit; first commitment; only commit at position,https://247sports.com/player/andy-stedem-46160357/high-school-360224/
87,2027,46155088,Jamarkus Pittman,DL,Ole Miss,Hard Commit,no,yes,40,Weak / Attack,35.5,Weak / Attack,49.8%,50.2%,55.0%,55.0%,45.0%,0.8994,4-star,356,6/6/2025,"Memphis Academy of Science and Engineering (Memphis, TN)",TN,Memphis,35.109164,-89.968511,MS,34.351262,-89.536981,58,nearby,city,no,558,0,0,1,0,16,0,0,0,6,0,0,0,very early commit; first commitment; thin position group; 4-star; other-school offers after commit,https://247sports.com/player/jamarkus-pittman-46155088/high-school-328532/
88,2027,46151663,Lee Prince Jr.,RB,West Virginia,Hard Commit,no,yes,51,Vulnerable,51,Vulnerable,49.7%,50.3%,33.4%,33.4%,66.6%,0.8750,3-star,765,4/3/2026,"Miami Carol City (Opa Locka, FL)",FL,Opa Locka,,,WV,39.637487,-79.946856,775,far,state,no,257,0,0,0,0,9,0,0,0,0,0,0,0,early commit; first commitment; only commit at position; far,https://247sports.com/player/lee-prince-jr-46151663/high-school-318308/
89,2027,46162292,Quentin Dorsey,DL,Kansas,Hard Commit,no,yes,58,Vulnerable,52.0,Vulnerable,49.7%,50.3%,33.4%,33.4%,66.6%,0.8650,3-star,NA,6/7/2026,"Grandview (Aurora, CO)",CO,Aurora,39.709537,-104.720509,KS,38.959551,-95.265468,508,regional,city,no,192,0,0,0,0,9,2,0,0,0,1,1,0,early commit; first commitment; only commit at position; other-school OV after commit,https://247sports.com/player/quentin-dorsey-46162292/high-school-346398/
90,2027,46161742,Blake Moser,WR,Iowa State,Hard Commit,no,yes,58,Vulnerable,58,Vulnerable,49.7%,50.3%,33.4%,33.4%,66.6%,0.8450,3-star,NA,6/6/2026,"Lake Stevens (Lake Stevens, WA)",WA,Lake Stevens,48.003405,-122.096828,IA,42.026327,-93.621264,1442,far,city,no,193,0,0,2,2,0,0,0,0,0,0,0,0,early commit; first commitment; far,https://247sports.com/player/blake-moser-46161742/high-school-345137/
91,2027,46167611,Carter Hawkins,ATH,Wake Forest,Hard Commit,no,yes,58,Vulnerable,58,Vulnerable,49.6%,50.4%,33.4%,33.4%,66.6%,0.8600,3-star,NA,6/8/2026,"Timberland (St. Stephen, SC)",SC,St. Stephen,33.402629,-79.925194,NC,36.102863,-80.260829,188,nearby,city,no,191,0,0,1,1,0,0,0,0,0,0,0,0,early commit; first commitment; thin position group,https://247sports.com/player/carter-hawkins-46167611/high-school-360687/
92,2027,46159294,Luke Wilson,OT,Oklahoma,Hard Commit,no,yes,39,Weak / Attack,38.2,Weak / Attack,49.5%,50.5%,55.0%,55.0%,45.0%,0.8844,3-star,552,8/7/2025,"Southlake Carroll (Southlake, TX)",TX,Southlake,32.954493,-97.148867,OK,35.240569,-97.345299,158,nearby,city,no,496,0,0,1,1,8,0,1,0,1,0,0,0,very early commit; first commitment; thin position group; other-school offers after commit,https://247sports.com/player/luke-wilson-46159294/high-school-338745/
93,2027,46159667,Taylan Patterson,ATH,Utah,Hard Commit,no,yes,58,Vulnerable,58,Vulnerable,49.4%,50.6%,33.4%,33.4%,66.6%,0.8400,3-star,NA,6/16/2026,"Basha (Chandler, AZ)",AZ,Chandler,33.282765,-111.851819,UT,40.776928,-111.930991,518,regional,city,no,183,0,0,1,1,2,0,0,0,0,0,0,0,early commit; first commitment; thin position group,https://247sports.com/player/taylan-patterson-46159667/high-school-339235/
94,2027,46159186,Jake Baker,IOL,Oklahoma State,Hard Commit,no,yes,51,Vulnerable,51,Vulnerable,49.3%,50.7%,33.4%,33.4%,66.6%,0.8550,3-star,NA,6/14/2026,"Ensworth (Nashville, TN)",TN,Nashville,,,OK,36.131496,-97.074464,597,regional,state,no,185,0,0,0,0,0,0,0,0,0,0,0,0,early commit; first commitment; only commit at position,https://247sports.com/player/jake-baker-46159186/high-school-338551/
95,2027,46161786,Charlie Fowler,TE,Boston College,Hard Commit,no,yes,48,Weak / Attack,48,Weak / Attack,49.2%,50.8%,55.0%,55.0%,45.0%,0.8650,3-star,NA,6/8/2026,"Loyola Academy (Wilmette, IL)",IL,Wilmette,42.077323,-87.728621,MA,42.2,-71.8,815,far,city,no,191,0,0,0,0,0,0,0,0,0,0,0,0,early commit; first commitment; only commit at position; far,https://247sports.com/player/charlie-fowler-46161786/high-school-345188/
96,2027,46154901,Easton Royal,WR,Texas,Hard Commit,no,yes,35,Weak / Attack,15,Weak / Attack,48.9%,51.1%,55.0%,55.0%,45.0%,0.9969,5-star,6,11/29/2025,"Brother Martin (New Orleans, LA)",LA,New Orleans,30.05342,-89.934502,TX,30.298622,-97.754134,467,regional,city,no,382,0,0,1,0,16,0,0,1,2,4,3,0,very early commit; first commitment; thin position group; 5-star; other-school OV after commit,https://247sports.com/player/easton-royal-46154901/high-school-328203/
97,2027,46150263,K'Adrian Redmond,DL,Texas Tech,Hard Commit,no,yes,40,Weak / Attack,37.0,Weak / Attack,48.7%,51.3%,55.0%,55.0%,45.0%,0.9283,4-star,186,9/18/2025,"DeSoto (DeSoto, TX)",TX,DeSoto,32.599349,-96.862941,TX,33.561901,-101.888883,298,regional,city,yes,454,0,0,2,1,7,0,0,0,0,1,0,0,very early commit; first commitment; 4-star; other-school visit after commit,https://247sports.com/player/kadrian-redmond-46150263/high-school-315712/
98,2027,46159309,Isaiah Hansen,RB,Iowa State,Hard Commit,no,yes,51,Vulnerable,51,Vulnerable,48.7%,51.3%,33.4%,33.4%,66.6%,0.8938,4-star,404,3/4/2026,"Newton (Newton, IA)",IA,Newton,41.696337,-93.040512,IA,42.026327,-93.621264,38,nearby,city,yes,287,0,0,0,0,2,0,0,1,0,0,0,0,early commit; first commitment; only commit at position; 4-star,https://247sports.com/player/isaiah-hansen-46159309/high-school-338760/
99,2027,46149925,Karnell James,S,Texas,Hard Commit,no,yes,32,Weak / Attack,28.8,Weak / Attack,48.5%,51.5%,55.0%,55.0%,45.0%,0.9096,4-star,285,12/3/2025,"Manvel (Manvel, TX)",TX,Manvel,29.485422,-95.362322,TX,30.298622,-97.754134,154,nearby,city,yes,378,0,0,0,0,14,0,0,1,7,0,0,0,very early commit; first commitment; only commit at position; 4-star; other-school offers after commit,https://247sports.com/player/karnell-james-46149925/high-school-315127/
100,2027,46167794,Matthew Schlenhardt,LB,Syracuse,Hard Commit,no,yes,51,Vulnerable,51,Vulnerable,48.5%,51.5%,33.4%,33.4%,66.6%,0.8500,3-star,NA,6/14/2026,"Maine South (Park Ridge, IL)",IL,Park Ridge,42.011762,-87.843434,NY,43.040998,-76.143554,599,regional,city,no,185,0,0,0,0,0,0,0,0,0,0,0,0,early commit; first commitment; only commit at position,https://247sports.com/player/matthew-schlenhardt-46167794/high-school-360933/
101,2027,46159359,Cade Reikowski,IOL,Northwestern,Hard Commit,no,yes,53,Vulnerable,53,Vulnerable,48.2%,51.8%,33.4%,33.4%,66.6%,0.8800,3-star,629,2/1/2026,"Pewaukee (Pewaukee, WI)",WI,Pewaukee,43.066141,-88.244465,IL,42.046391,-87.694352,76,nearby,city,no,318,0,0,0,0,4,0,1,0,0,0,0,0,early commit; first commitment; only commit at position,https://247sports.com/player/cade-reikowski-46159359/high-school-338819/
102,2027,46142377,Andrew Beard,RB,Florida,Hard Commit,no,yes,48,Weak / Attack,32.0,Weak / Attack,48.1%,51.9%,55.0%,55.0%,45.0%,0.9318,4-star,173,5/8/2026,"Prince Avenue Christian School (Bogart, GA)",GA,Bogart,33.947625,-83.533749,FL,29.679537,-82.346793,303,regional,city,no,222,0,0,0,0,9,0,1,1,0,3,3,0,early commit; first commitment; only commit at position; 4-star; other-school OV after commit,https://247sports.com/player/andrew-beard-46142377/high-school-314685/
103,2027,46165559,Mason Moore,S,Ole Miss,Hard Commit,no,yes,58,Vulnerable,56.5,Vulnerable,48.0%,52.0%,33.4%,33.4%,66.6%,0.8600,3-star,NA,5/1/2026,"Baton Rouge Central (Baton Rouge, LA)",LA,Baton Rouge,30.440443,-91.133166,MS,34.351262,-89.536981,286,regional,city,no,229,0,0,1,1,4,0,0,0,2,0,0,0,early commit; first commitment; thin position group; other-school offers after commit,https://247sports.com/player/mason-moore-46165559/high-school-355625/
104,2027,46158899,Isaiah Stephens,RB,North Carolina,Hard Commit,no,yes,51,Vulnerable,47.0,Weak / Attack,47.9%,52.1%,33.4%,55.0%,45.0%,0.8600,3-star,NA,3/28/2026,"Sheridan (Sheridan, AR)",AR,Sheridan,34.321575,-92.443067,NC,35.928328,-79.041375,765,far,city,no,263,0,0,0,0,9,0,0,1,0,1,1,0,early commit; first commitment; only commit at position; far; other-school OV after commit,https://247sports.com/player/isaiah-stephens-46158899/high-school-338088/
105,2027,46157580,Shahariam Thurston,CB,Iowa State,Hard Commit,no,yes,56,Vulnerable,56,Vulnerable,47.9%,52.1%,33.4%,33.4%,66.6%,0.8500,3-star,NA,6/14/2026,"Arlington Lamar (Arlington, TX)",TX,Arlington,32.700708,-97.124691,IA,42.026327,-93.621264,672,regional,city,no,185,0,0,1,1,0,0,0,0,0,0,0,0,early commit; first commitment; thin position group,https://247sports.com/player/shahariam-thurston-46157580/high-school-335790/
106,2027,46161033,Preston Beckham,RB,Cincinnati,Hard Commit,no,yes,53,Vulnerable,53,Vulnerable,47.8%,52.2%,33.4%,33.4%,66.6%,0.8600,3-star,NA,6/16/2026,"Lennard (Ruskin, FL)",FL,Ruskin,27.706834,-82.422182,OH,39.140183,-84.505829,799,far,city,no,183,0,0,1,1,0,0,0,0,0,0,0,0,early commit; first commitment; thin position group; far,https://247sports.com/player/preston-beckham-46161033/high-school-343723/
107,2027,46159000,KD Jones,IOL,Nebraska,Hard Commit,no,yes,55,Vulnerable,37.0,Weak / Attack,47.7%,52.3%,33.4%,55.0%,45.0%,0.8800,3-star,629,5/21/2026,"Grayson (Loganville, GA)",GA,Loganville,33.836502,-83.896135,NE,40.810284,-96.674856,850,far,city,no,209,0,0,1,1,2,0,0,0,0,3,3,0,early commit; first commitment; thin position group; far; other-school OV after commit,https://247sports.com/player/kd-jones-46159000/high-school-338226/
108,2027,46132000,Max Brown,LB,Clemson,Hard Commit,no,yes,39,Weak / Attack,35.8,Weak / Attack,47.5%,52.5%,55.0%,55.0%,45.0%,0.8778,3-star,723,6/3/2025,"Jefferson (Jefferson, GA)",GA,Jefferson,34.136239,-83.602157,SC,34.683564,-82.810575,59,nearby,city,no,561,0,0,1,1,15,0,1,1,7,0,0,0,very early commit; first commitment; thin position group; other-school offers after commit,https://247sports.com/player/max-brown-46132000/high-school-278218/
109,2027,46162252,Cash Hollingshead,QB,Iowa State,Hard Commit,no,yes,48,Weak / Attack,48,Weak / Attack,47.4%,52.6%,55.0%,55.0%,45.0%,0.8500,3-star,NA,6/4/2026,"Salem Hills (Salem, UT)",UT,Salem,40.055295,-111.667365,IA,42.026327,-93.621264,948,far,city,no,195,0,0,0,0,0,0,0,0,0,0,0,0,early commit; first commitment; only commit at position; far,https://247sports.com/player/cash-hollingshead-46162252/high-school-346353/
110,2027,46165052,Tyler Younger,Edge,Alabama,Hard Commit,no,yes,58,Vulnerable,58,Vulnerable,47.3%,52.7%,33.4%,33.4%,66.6%,0.8800,3-star,629,6/23/2026,"Greater Atlanta Christian School (Norcross, GA)",GA,Norcross,33.937394,-84.205634,AL,33.234404,-87.5283,197,nearby,city,no,176,0,0,0,0,0,0,0,0,0,0,0,0,first commitment; only commit at position,https://247sports.com/player/tyler-younger-46165052/high-school-352750/
111,2027,46150551,Majay Thompson,WR,Florida State,Hard Commit,no,yes,65,Stable / Monitor,65,Stable / Monitor,47.3%,52.7%,17.5%,17.5%,82.5%,0.8800,3-star,629,6/19/2026,"Crest (Shelby, NC)",NC,Shelby,35.290405,-81.545645,FL,30.453529,-84.252272,369,regional,city,no,180,0,0,1,1,0,4,1,0,0,0,0,0,first commitment; thin position group,https://247sports.com/player/majay-thompson-46150551/high-school-339288/
112,2027,46153654,Myels Smith,DL,Texas A&M,Hard Commit,no,yes,53,Vulnerable,53,Vulnerable,47.2%,52.8%,33.4%,33.4%,66.6%,0.9786,4-star,51,12/20/2025,"Inglewood (Los Angeles, CA)",CA,Los Angeles,34.019394,-118.410825,TX,30.58516,-96.29636,1310,far,city,no,361,0,0,1,0,16,0,3,0,0,0,0,0,early commit; first commitment; thin position group; far; 4-star,https://247sports.com/player/myels-smith-46153654/high-school-324839/
113,2027,46146916,John Archer,DL,South Carolina,Hard Commit,no,yes,55,Vulnerable,45.0,Weak / Attack,46.5%,53.5%,33.4%,55.0%,45.0%,0.9333,4-star,164,4/29/2026,"Seventy-First (Fayetteville, NC)",NC,Fayetteville,35.082766,-78.973515,SC,34.040519,-80.906099,131,nearby,city,no,231,0,0,0,0,16,0,0,1,0,2,2,0,early commit; first commitment; only commit at position; 4-star; other-school OV after commit,https://247sports.com/player/john-archer-46146916/high-school-308410/
114,2027,46144142,Karece Hoyt,ATH,Baylor,Hard Commit,no,yes,35,Weak / Attack,32.0,Weak / Attack,46.4%,53.6%,55.0%,55.0%,45.0%,0.9024,4-star,332,10/11/2025,"Frisco Lone Star (Frisco, TX)",TX,Frisco,33.155427,-96.822596,TX,31.557994,-97.18975,112,nearby,city,yes,431,0,0,0,0,20,0,0,0,4,0,0,0,very early commit; first commitment; only commit at position; 4-star; other-school offers after commit,https://247sports.com/player/karece-hoyt-46144142/high-school-302338/
115,2027,46168200,Caleb Pugh,IOL,Indiana,Hard Commit,no,yes,56,Vulnerable,56,Vulnerable,46.4%,53.6%,33.4%,33.4%,66.6%,0.8600,3-star,NA,6/21/2026,"Grand Rapids Christian (Grand Rapids, MI)",MI,Grand Rapids,42.961156,-85.65557,IN,39.1637,-86.524264,266,regional,city,no,178,0,0,0,0,0,0,0,0,0,0,0,0,first commitment; only commit at position,https://247sports.com/player/caleb-pugh-46168200/high-school-361568/
116,2027,46147761,Tytan DeJong,ATH,BYU,Hard Commit,no,yes,58,Vulnerable,58,Vulnerable,45.9%,54.1%,33.4%,33.4%,66.6%,0.8550,3-star,NA,3/30/2026,"Mountain Ridge (Herriman, UT)",UT,Herriman,40.491819,-112.02043,UT,40.245312,-111.645057,26,nearby,city,yes,261,0,0,1,1,0,0,0,0,0,0,0,0,early commit; first commitment; thin position group,https://247sports.com/player/tytan-dejong-46147761/high-school-309929/
117,2027,46167627,Jonathan Harris,S,Iowa,Hard Commit,no,yes,58,Vulnerable,58,Vulnerable,45.8%,54.2%,33.4%,33.4%,66.6%,0.8600,3-star,NA,6/8/2026,"Brother Rice (Oak Lawn, IL)",IL,Oak Lawn,41.713885,-87.752777,IA,41.655661,-91.530859,195,nearby,city,no,191,0,0,1,1,0,0,0,0,0,0,0,0,early commit; first commitment; thin position group,https://247sports.com/player/jonathan-harris-46167627/high-school-360733/
118,2027,46166585,Matthew Smith,QB,Vanderbilt,Hard Commit,no,yes,45,Weak / Attack,45,Weak / Attack,45.6%,54.4%,55.0%,55.0%,45.0%,0.8500,3-star,NA,6/15/2026,"Santa Margarita Catholic (Rancho Santa Margarita, CA)",CA,Rancho Santa Margarita,33.632332,-117.599008,TN,35.8,-86.4,1771,cross_country,city,no,184,0,0,0,0,0,0,0,0,0,0,0,0,early commit; first commitment; only commit at position; cross country,https://247sports.com/player/matthew-smith-46166585/high-school-359218/
119,2027,46148569,Justin Coach,LB,Washington,Hard Commit,no,yes,56,Vulnerable,56,Vulnerable,45.6%,54.4%,33.4%,33.4%,66.6%,0.8689,3-star,NA,2/12/2026,"St. John Bosco (Bellflower, CA)",CA,Bellflower,33.887821,-118.12725,WA,47.619335,-122.351538,974,far,city,no,307,0,0,1,1,9,0,0,1,0,0,0,0,early commit; first commitment; thin position group; far,https://247sports.com/player/justin-coach-46148569/high-school-312276/
120,2027,46165911,Darryn Williams,LB,Wake Forest,Hard Commit,no,yes,55,Vulnerable,49.0,Weak / Attack,45.4%,54.6%,33.4%,55.0%,45.0%,0.8600,3-star,NA,4/17/2026,"Gainesville (Gainesville, GA)",GA,Gainesville,34.2901,-83.829106,NC,36.102863,-80.260829,237,nearby,city,no,243,0,0,0,0,2,0,0,0,0,1,1,0,early commit; first commitment; only commit at position; other-school OV after commit,https://247sports.com/player/darryn-williams-46165911/high-school-357363/
121,2027,46167691,Wyatt Wilber,LB,Minnesota,Hard Commit,no,yes,53,Vulnerable,53,Vulnerable,45.1%,54.9%,33.4%,33.4%,66.6%,0.8600,3-star,NA,6/14/2026,"Maryville (Maryville, TN)",TN,Maryville,35.74781,-83.980234,MN,44.963324,-93.26832,802,far,city,no,185,0,0,1,1,0,0,0,0,0,0,0,0,early commit; first commitment; thin position group; far,https://247sports.com/player/wyatt-wilber-46167691/high-school-360803/
122,2027,46165251,Giacamo SanFilippo,LB,Kansas State,Hard Commit,no,yes,55,Vulnerable,48.8,Weak / Attack,45.0%,55.0%,33.4%,55.0%,45.0%,0.8450,3-star,NA,4/19/2026,"Bishop Moore Catholic (Orlando, FL)",FL,Orlando,28.40865,-81.254805,KS,39.188307,-96.605864,1151,far,city,no,241,0,0,1,1,4,0,0,1,3,1,1,0,early commit; first commitment; thin position group; far; other-school OV after commit,https://247sports.com/player/giacamo-sanfilippo-46165251/high-school-354988/
123,2027,46162240,Jeremy Adeyanju,RB,Washington,Hard Commit,no,yes,50,Vulnerable,50,Vulnerable,44.9%,55.1%,33.4%,33.4%,66.6%,0.9010,4-star,341,3/15/2026,"Sandra Day O'Connor (Glendale, AZ)",AZ,Glendale,33.533111,-112.189901,WA,47.619335,-122.351538,1108,far,city,no,276,0,0,0,0,18,0,0,1,0,0,0,0,early commit; first commitment; only commit at position; far; 4-star,https://247sports.com/player/jeremy-adeyanju-46162240/high-school-346340/
124,2027,46163851,Demichael Burks,CB,BYU,Hard Commit,no,yes,56,Vulnerable,56,Vulnerable,44.9%,55.1%,33.4%,33.4%,66.6%,0.8500,3-star,NA,6/15/2026,"Desert Pines (Las Vegas, NV)",NV,Las Vegas,36.233499,-115.264037,UT,40.245312,-111.645057,340,regional,city,no,184,0,0,1,1,0,0,0,0,0,0,0,0,early commit; first commitment; thin position group,https://247sports.com/player/demichael-burks-46163851/high-school-349759/
125,2027,46160022,Kingston Allen,RB,Wisconsin,Hard Commit,no,yes,51,Vulnerable,51,Vulnerable,44.7%,55.3%,33.4%,33.4%,66.6%,0.9155,4-star,242,4/3/2026,"Notre Dame Academy (Green Bay, WI)",WI,Green Bay,44.521542,-87.986568,WI,43.087815,-89.429856,122,nearby,city,yes,257,0,0,0,0,5,0,0,1,0,0,0,0,early commit; first commitment; only commit at position; 4-star,https://247sports.com/player/kingston-allen-46160022/high-school-339801/
126,2027,46162043,Marcus Small,OT,Syracuse,Hard Commit,no,yes,35,Weak / Attack,15,Weak / Attack,44.3%,55.7%,55.0%,55.0%,45.0%,0.8689,3-star,NA,10/23/2025,"First Coast (Jacksonville, FL)",FL,Jacksonville,30.336864,-81.661603,NY,43.040998,-76.143554,929,far,city,no,419,0,0,1,0,3,0,0,0,3,4,3,0,very early commit; first commitment; thin position group; far; other-school OV after commit,https://247sports.com/player/marcus-small-46162043/high-school-345974/
127,2027,46154818,Mekai Brown,Edge,USC,Hard Commit,no,yes,42,Weak / Attack,42,Weak / Attack,44.3%,55.7%,55.0%,55.0%,45.0%,0.9829,5-star,39,4/17/2026,"Greenwich Country Day (Greenwich, CT)",CT,Greenwich,41.027773,-73.626931,CA,34.019394,-118.410825,2474,cross_country,city,no,243,0,0,0,0,19,0,4,1,0,0,0,0,early commit; first commitment; only commit at position; cross country; 5-star,https://247sports.com/player/mekai-brown-46154818/high-school-328072/
128,2027,46165288,Cadriann Olds,DL,Baylor,Hard Commit,no,yes,58,Vulnerable,46.0,Weak / Attack,44.0%,56.0%,33.4%,55.0%,45.0%,0.8600,3-star,NA,6/8/2026,"Booker T. Washington (Tulsa, OK)",OK,Tulsa,36.127949,-95.902316,TX,31.557994,-97.18975,324,regional,city,no,191,0,0,0,0,9,1,1,0,0,2,2,0,early commit; first commitment; only commit at position; other-school OV after commit,https://247sports.com/player/cadriann-olds-46165288/high-school-355211/
129,2027,46166998,George Murray III,CB,Kansas State,Hard Commit,no,yes,58,Vulnerable,58,Vulnerable,43.5%,56.5%,33.4%,33.4%,66.6%,0.8500,3-star,NA,6/2/2026,"Apalachee (Winder, GA)",GA,Winder,33.991568,-83.723554,KS,39.188307,-96.605864,799,far,city,no,197,0,0,2,2,0,0,0,0,0,0,0,0,early commit; first commitment; far,https://247sports.com/player/george-murray-iii-46166998/high-school-359808/
130,2027,46164472,Mo Poko,WR,Houston,Hard Commit,no,yes,55,Vulnerable,55,Vulnerable,43.3%,56.7%,33.4%,33.4%,66.6%,0.8500,3-star,NA,2/4/2026,"Katy Jordan (Fulshear, TX)",TX,Fulshear,29.692426,-95.886647,TX,29.785743,-95.388806,31,nearby,city,yes,315,0,0,0,0,5,0,0,1,0,0,0,0,early commit; first commitment; only commit at position,https://247sports.com/player/mo-poko-46164472/high-school-351308/
131,2027,46135085,Peyton Houston,QB,LSU,Hard Commit,no,yes,33,Weak / Attack,33,Weak / Attack,43.2%,56.8%,55.0%,55.0%,45.0%,0.9612,4-star,87,9/15/2025,"Evangel Christian Academy (Shreveport, LA)",LA,Shreveport,32.466879,-93.792193,LA,30.440443,-91.133166,210,nearby,city,yes,457,0,0,0,0,16,0,1,3,0,0,0,0,very early commit; first commitment; only commit at position; 4-star,https://247sports.com/player/peyton-houston-46135085/high-school-283370/
132,2027,46160698,Magnus Talma,WR,Boston College,Hard Commit,no,yes,56,Vulnerable,50.0,Vulnerable,43.2%,56.8%,33.4%,33.4%,66.6%,0.8550,3-star,NA,4/23/2026,"Bishop Moore Catholic (Orlando, FL)",FL,Orlando,28.40865,-81.254805,MA,42.2,-71.8,1090,far,city,no,237,0,0,1,1,10,0,0,0,0,1,1,0,early commit; first commitment; thin position group; far; other-school OV after commit,https://247sports.com/player/magnus-talma-46160698/high-school-341729/
133,2027,46157287,Julius LaRosa III,DL,NC State,Hard Commit,no,yes,63,Vulnerable,57.0,Vulnerable,43.2%,56.8%,33.4%,33.4%,66.6%,0.8650,3-star,NA,5/11/2026,"University Christian (Jacksonville, FL)",FL,Jacksonville,30.336864,-81.661603,NC,35.831868,-78.641042,418,regional,city,no,219,0,0,1,1,6,1,2,0,0,1,1,0,early commit; first commitment; thin position group; other-school OV after commit,https://247sports.com/player/julius-larosa-iii-46157287/high-school-335018/
134,2027,46154843,Yahzeen Zion,DL,Wisconsin,Hard Commit,no,yes,58,Vulnerable,58,Vulnerable,43.2%,56.8%,33.4%,33.4%,66.6%,0.8750,3-star,765,6/6/2026,"Desert Edge (Goodyear, AZ)",AZ,Goodyear,33.254031,-112.366472,WI,43.087815,-89.429856,1412,far,city,no,193,0,0,2,1,0,0,0,0,0,0,0,0,early commit; first commitment; far,https://247sports.com/player/yahzeen-zion-46154843/high-school-328119/
135,2027,46157566,Curtis Zeno Jr.,RB,Arizona,Hard Commit,no,yes,53,Vulnerable,53,Vulnerable,43.0%,57.0%,33.4%,33.4%,66.6%,0.8200,3-star,NA,6/13/2026,"Katy Paetow (Katy, TX)",TX,Katy,29.790915,-95.840711,AZ,32.153036,-110.870773,904,far,city,no,186,0,0,1,1,0,0,0,0,0,0,0,0,early commit; first commitment; thin position group; far,https://247sports.com/player/curtis-zeno-jr-46157566/high-school-335770/
136,2027,46148922,Colin Urrea,IOL,Pittsburgh,Hard Commit,no,yes,41,Weak / Attack,40.8,Weak / Attack,42.9%,57.1%,55.0%,55.0%,45.0%,0.8100,3-star,NA,6/15/2025,"Community School of Naples (Naples, FL)",FL,Naples,26.150485,-81.795299,PA,40.439936,-79.975676,993,far,city,no,549,0,0,3,3,4,0,4,1,3,0,0,0,very early commit; first commitment; far; other-school offers after commit,https://247sports.com/player/colin-urrea-46148922/high-school-313229/
137,2027,46163212,Ryinn Fox,S,Cincinnati,Hard Commit,no,yes,61,Vulnerable,61,Vulnerable,42.9%,57.1%,33.4%,33.4%,66.6%,0.8500,3-star,NA,6/7/2026,"Central Gwinnett (Lawrenceville, GA)",GA,Lawrenceville,33.952875,-83.992231,OH,39.140183,-84.505829,360,regional,city,no,192,0,0,2,2,0,0,0,0,0,0,0,0,early commit; first commitment,https://247sports.com/player/ryinn-fox-46163212/high-school-348028/
138,2027,46165141,Dontrell Young,S,Iowa State,Hard Commit,no,yes,61,Vulnerable,61,Vulnerable,42.7%,57.3%,33.4%,33.4%,66.6%,0.8550,3-star,NA,6/9/2026,"Oswego (Oswego, IL)",IL,Oswego,41.68322,-88.338849,IA,42.026327,-93.621264,273,regional,city,no,190,0,0,2,2,0,0,0,0,0,0,0,0,early commit; first commitment,https://247sports.com/player/dontrell-young-46165141/high-school-353362/
139,2027,46161132,Ohimai Ozolua,DL,Michigan State,Hard Commit,no,yes,52,Vulnerable,52,Vulnerable,42.6%,57.4%,33.4%,33.4%,66.6%,0.8911,4-star,429,4/24/2026,"St Rita Of Cascia (Chicago, IL)",IL,Chicago,41.837045,-87.684939,MI,42.748913,-84.482442,175,nearby,city,no,236,0,0,0,0,15,0,0,1,0,0,0,0,early commit; first commitment; only commit at position; 4-star,https://247sports.com/player/ohimai-ozolua-46161132/high-school-343957/
140,2027,46142087,Maurice Williams,CB,Washington,Hard Commit,no,yes,56,Vulnerable,56,Vulnerable,42.6%,57.4%,33.4%,33.4%,66.6%,0.8811,3-star,612,12/24/2025,"Timberline (Lacey, WA)",WA,Lacey,47.043087,-122.798232,WA,47.619335,-122.351538,45,nearby,city,yes,357,0,0,0,0,10,0,0,1,1,0,0,0,early commit; first commitment; only commit at position; other-school offers after commit,https://247sports.com/player/maurice-williams-46142087/high-school-337678/
141,2027,46153225,Louis Esposito,IOL,Michigan,Hard Commit,no,yes,34,Weak / Attack,31.5,Weak / Attack,42.5%,57.5%,55.0%,55.0%,45.0%,0.8689,3-star,NA,7/20/2025,"Saline (Saline, MI)",MI,Saline,42.173829,-83.776924,MI,42.276147,-83.73086,7,nearby,city,yes,514,0,0,0,0,13,0,1,1,6,0,0,0,very early commit; first commitment; only commit at position; other-school offers after commit,https://247sports.com/player/louis-esposito-46153225/high-school-324078/
142,2027,46144165,Weston Nielsen,QB,Arizona State,Hard Commit,no,yes,30,Weak / Attack,30,Weak / Attack,42.4%,57.6%,55.0%,55.0%,45.0%,0.8911,4-star,429,12/13/2025,"Bastrop (Bastrop, TX)",TX,Bastrop,30.1111,-97.318152,AZ,33.388414,-111.931782,887,far,city,no,368,0,0,0,0,18,0,0,1,1,0,0,0,very early commit; first commitment; only commit at position; far; 4-star,https://247sports.com/player/weston-nielsen-46144165/high-school-302376/
143,2027,46150626,Jai Jones,WR,Wisconsin,Hard Commit,no,yes,54,Vulnerable,42.0,Weak / Attack,42.4%,57.6%,33.4%,55.0%,45.0%,0.9038,4-star,319,5/31/2026,"Chandler (Chandler, AZ)",AZ,Chandler,33.282765,-111.851819,WI,43.087815,-89.429856,1387,far,city,no,199,0,0,0,0,19,2,0,0,0,2,2,0,early commit; first commitment; only commit at position; far; 4-star,https://247sports.com/player/jai-jones-46150626/high-school-316311/
144,2027,46151827,John Gay,S,Notre Dame,Hard Commit,no,yes,60,Vulnerable,44.0,Weak / Attack,42.4%,57.6%,33.4%,55.0%,45.0%,0.8750,3-star,765,4/22/2026,"Chaminade-Madonna (Hollywood, FL)",FL,Hollywood,26.030967,-80.164609,IN,41.700283,-86.238679,1137,far,city,no,238,0,0,1,1,12,1,1,1,0,3,3,0,early commit; first commitment; thin position group; far; other-school OV after commit,https://247sports.com/player/john-gay-46151827/high-school-320081/
145,2027,46160026,Dustin Roach,S,Wisconsin,Hard Commit,no,yes,65,Stable / Monitor,65,Stable / Monitor,42.4%,57.6%,17.5%,17.5%,82.5%,0.8678,3-star,NA,1/23/2026,"Catholic Memorial (Waukesha, WI)",WI,Waukesha,43.009084,-88.245062,WI,43.087815,-89.429856,60,nearby,city,yes,327,0,0,2,2,1,0,0,1,0,0,0,0,early commit; first commitment,https://247sports.com/player/dustin-roach-46160026/high-school-339805/
146,2027,46162296,Jonah Lubno,QB,Utah,Hard Commit,no,yes,51,Vulnerable,51,Vulnerable,42.3%,57.7%,33.4%,33.4%,66.6%,0.8500,3-star,NA,6/14/2026,"Campo Verde (Gilbert, AZ)",AZ,Gilbert,33.310345,-111.743121,UT,40.776928,-111.930991,516,regional,city,no,185,0,0,0,0,0,0,0,0,0,0,0,0,early commit; first commitment; only commit at position,https://247sports.com/player/jonah-lubno-46162296/high-school-346404/
147,2027,46150112,Honor Fa'alave-Johnson,ATH,USC,Hard Commit,no,yes,50,Vulnerable,50,Vulnerable,42.1%,57.9%,33.4%,33.4%,66.6%,0.9905,5-star,15,3/14/2026,"Cathedral Catholic (San Diego, CA)",CA,San Diego,32.814977,-117.135562,CA,34.019394,-118.410825,111,nearby,city,yes,277,0,0,0,0,16,0,3,1,0,0,0,0,early commit; first commitment; only commit at position; 5-star,https://247sports.com/player/honor-faalave-johnson-46150112/high-school-315391/
148,2027,46160348,Wyatt Frey,TE,Northwestern,Hard Commit,no,yes,38,Weak / Attack,38,Weak / Attack,42.0%,58.0%,55.0%,55.0%,45.0%,0.8700,3-star,888,11/18/2025,"Lawrence-Nelson (Nelson, NE)",NE,Nelson,40.201167,-98.06863,IL,42.046391,-87.694352,554,regional,city,no,393,0,0,1,0,1,0,0,0,0,0,0,0,very early commit; first commitment; thin position group,https://247sports.com/player/wyatt-frey-46160348/high-school-340482/
149,2027,46165810,Josiah Sturdivant,Edge,Rutgers,Hard Commit,no,yes,58,Vulnerable,46.0,Weak / Attack,42.0%,58.0%,33.4%,55.0%,45.0%,0.8800,3-star,629,5/30/2026,"Wake Forest (Wake Forest, NC)",NC,Wake Forest,35.964409,-78.51332,NJ,40.1,-74.5,360,regional,city,no,200,0,0,0,0,8,1,0,0,0,2,2,0,early commit; first commitment; only commit at position; other-school OV after commit,https://247sports.com/player/josiah-sturdivant-46165810/high-school-356943/
150,2027,46149514,Jaxon Holly,Edge,Florida State,Hard Commit,no,yes,58,Vulnerable,58,Vulnerable,41.7%,58.3%,33.4%,33.4%,66.6%,0.8800,3-star,629,6/14/2026,"Roswell (Roswell, GA)",GA,Roswell,34.039453,-84.350946,FL,30.453529,-84.252272,248,nearby,city,no,185,0,0,1,1,0,0,0,0,0,0,0,0,early commit; first commitment; thin position group,https://247sports.com/player/jaxon-holly-46149514/high-school-314560/
151,2027,46141363,Nico Bland,WR,Arizona State,Hard Commit,no,yes,33,Weak / Attack,33,Weak / Attack,41.6%,58.4%,55.0%,55.0%,45.0%,0.9118,4-star,269,12/2/2025,"Orange Lutheran (Orange, CA)",CA,Orange,33.786971,-117.861265,AZ,33.388414,-111.931782,342,regional,city,no,379,0,0,1,0,9,0,1,1,0,0,0,0,very early commit; first commitment; thin position group; 4-star,https://247sports.com/player/nico-bland-46141363/high-school-296138/
152,2027,46162168,DaJour Webb,DL,West Virginia,Hard Commit,no,yes,56,Vulnerable,43.0,Weak / Attack,41.6%,58.4%,33.4%,55.0%,45.0%,0.8700,3-star,888,3/7/2026,"Jones (Orlando, FL)",FL,Orlando,28.40865,-81.254805,WV,39.637487,-79.946856,779,far,city,no,284,0,0,1,0,7,0,0,1,4,2,2,0,early commit; first commitment; thin position group; far; other-school OV after commit,https://247sports.com/player/dajour-webb-46162168/high-school-346245/
153,2027,46160423,Zion Vilma,ATH,Rutgers,Hard Commit,no,yes,58,Vulnerable,58,Vulnerable,41.6%,58.4%,33.4%,33.4%,66.6%,0.8700,3-star,888,5/31/2026,"Dr. Joaquin Garcia (Lake Worth, FL)",FL,Lake Worth,,,NJ,40.1,-74.5,913,far,state,no,199,0,0,0,0,17,1,0,0,0,0,0,0,early commit; first commitment; only commit at position; far,https://247sports.com/player/zion-vilma-46160423/high-school-340826/
154,2027,46149188,Landon Blum,WR,Penn State,Hard Commit,no,yes,48,Weak / Attack,48,Weak / Attack,41.5%,58.5%,55.0%,55.0%,45.0%,0.9062,4-star,306,4/4/2026,"Woodbine (Woodbine, IA)",IA,Woodbine,41.736338,-95.711055,PA,40.791039,-77.856813,928,far,city,no,256,0,0,0,0,19,0,1,1,0,0,0,0,early commit; first commitment; only commit at position; far; 4-star,https://247sports.com/player/landon-blum-46149188/high-school-313933/
155,2027,46164194,Jhadyn Nelson,LB,Texas Tech,Hard Commit,no,yes,53,Vulnerable,33,Weak / Attack,41.4%,58.6%,33.4%,55.0%,45.0%,0.9747,4-star,66,3/18/2026,"Langham Creek (Houston, TX)",TX,Houston,29.785743,-95.388806,TX,33.561901,-101.888883,463,regional,city,yes,273,0,0,0,0,16,0,0,1,1,6,6,0,early commit; first commitment; only commit at position; 4-star; other-school OV after commit,https://247sports.com/player/jhadyn-nelson-46164194/high-school-350620/
156,2027,46155280,Carter Blattner,DL,Penn State,Hard Commit,no,yes,61,Vulnerable,45.0,Weak / Attack,41.4%,58.6%,33.4%,55.0%,45.0%,0.8889,3-star,480,4/4/2026,"Northern Highlands (Allendale, NJ)",NJ,Allendale,41.032669,-74.133826,PA,40.791039,-77.856813,195,nearby,city,no,256,0,0,1,1,12,0,0,1,0,3,3,0,early commit; first commitment; thin position group; other-school OV after commit,https://247sports.com/player/carter-blattner-46155280/high-school-328875/
157,2027,46158439,Chris Bradley,CB,Indiana,Hard Commit,no,yes,58,Vulnerable,58,Vulnerable,41.4%,58.6%,33.4%,33.4%,66.6%,0.8600,3-star,NA,6/14/2026,"North College Hill (West Chester, OH)",OH,West Chester,,,IN,39.1637,-86.524264,215,nearby,state,no,185,0,0,1,1,0,0,0,0,0,0,0,0,early commit; first commitment; thin position group,https://247sports.com/player/chris-bradley-46158439/high-school-337465/
158,2027,46159846,Justyn Lindsay,WR,Nebraska,Hard Commit,no,yes,58,Vulnerable,58,Vulnerable,41.4%,58.6%,33.4%,33.4%,66.6%,0.8500,3-star,NA,6/13/2026,"Blue Springs (Blue Springs, MO)",MO,Blue Springs,39.012001,-94.267612,NE,40.810284,-96.674856,178,nearby,city,no,186,0,0,1,1,0,0,0,0,0,0,0,0,early commit; first commitment; thin position group,https://247sports.com/player/justyn-lindsay-46159846/high-school-339501/
159,2027,46150898,Matt Erickson,OT,Nebraska,Hard Commit,no,yes,41,Weak / Attack,34.2,Weak / Attack,41.2%,58.8%,55.0%,55.0%,45.0%,0.8756,3-star,754,9/13/2025,"Millard North (Omaha, NE)",NE,Omaha,41.262705,-96.053475,NE,40.810284,-96.674856,45,nearby,city,yes,459,0,0,1,1,6,0,0,0,1,1,1,0,very early commit; first commitment; thin position group; other-school OV after commit; other-school offers after commit,https://247sports.com/player/matt-erickson-46150898/high-school-316757/
160,2027,46158117,Dami Sowunmi,DL,Missouri,Hard Commit,no,yes,48,Weak / Attack,38.0,Weak / Attack,41.2%,58.8%,55.0%,55.0%,45.0%,0.8900,4-star,451,5/27/2026,"Brownsburg (Brownsburg, IN)",IN,Brownsburg,39.834436,-86.385693,MO,38.94729,-92.326387,323,regional,city,no,203,0,0,0,0,13,0,2,1,0,2,2,0,early commit; first commitment; only commit at position; 4-star; other-school OV after commit,https://247sports.com/player/dami-sowunmi-46158117/high-school-336962/
161,2027,46165146,Blake Loughlin,LB,Northwestern,Hard Commit,no,yes,56,Vulnerable,56,Vulnerable,41.2%,58.8%,33.4%,33.4%,66.6%,0.8550,3-star,NA,6/3/2026,"Shakopee (Shakopee, MN)",MN,Shakopee,44.771906,-93.475699,IL,42.046391,-87.694352,346,regional,city,no,196,0,0,1,1,0,0,0,0,0,0,0,0,early commit; first commitment; thin position group,https://247sports.com/player/blake-loughlin-46165146/high-school-353368/
162,2027,46155472,T'ari Miller,CB,Missouri,Hard Commit,no,yes,60,Vulnerable,60,Vulnerable,41.1%,58.9%,33.4%,33.4%,66.6%,0.8878,3-star,487,6/21/2026,"Miami Central (Miami, FL)",FL,Miami,25.775163,-80.208615,MO,38.94729,-92.326387,1150,far,city,no,178,0,0,0,0,14,3,0,0,0,0,0,0,first commitment; only commit at position; far,https://247sports.com/player/tari-miller-46155472/high-school-329144/
163,2027,46153352,Ty'ire Clark,S,Michigan State,Hard Commit,no,yes,59,Vulnerable,59,Vulnerable,40.9%,59.1%,33.4%,33.4%,66.6%,0.8550,3-star,NA,4/4/2026,"St. Peter's Prep (Jersey City, NJ)",NJ,Jersey City,40.711417,-74.06476,MI,42.748913,-84.482442,555,regional,city,no,256,0,0,1,1,11,0,0,1,0,0,0,0,early commit; first commitment; thin position group,https://247sports.com/player/tyire-clark-46153352/high-school-324337/
164,2027,46167098,Luke Linder,TE,West Virginia,Hard Commit,no,yes,56,Vulnerable,56,Vulnerable,40.8%,59.2%,33.4%,33.4%,66.6%,0.8400,3-star,NA,6/21/2026,"Whitefield Academy (Mableton, GA)",GA,Mableton,33.812998,-84.576946,WV,39.637487,-79.946856,477,regional,city,no,178,0,0,0,0,0,0,0,0,0,0,0,0,first commitment; only commit at position,https://247sports.com/player/luke-linder-46167098/high-school-359961/
165,2027,46157063,Edwin Guzman,IOL,Syracuse,Hard Commit,no,yes,65,Stable / Monitor,65,Stable / Monitor,40.8%,59.2%,17.5%,17.5%,82.5%,0.8550,3-star,NA,1/23/2026,"Erie (Erie, PA)",PA,Erie,42.116594,-80.073503,NY,43.040998,-76.143554,210,nearby,city,no,327,0,0,2,2,1,0,0,0,0,0,0,0,early commit; first commitment,https://247sports.com/player/edwin-guzman-46157063/high-school-334201/
166,2027,46165375,Carter Jamison,S,Tennessee,Hard Commit,no,yes,54,Vulnerable,50.0,Vulnerable,40.7%,59.3%,33.4%,33.4%,66.6%,0.8650,3-star,NA,5/2/2026,"Creekside (Fairburn, GA)",GA,Fairburn,33.547798,-84.587265,TN,35.97068,-83.94927,171,nearby,city,no,228,0,0,0,0,8,0,1,1,0,1,1,0,early commit; first commitment; only commit at position; other-school OV after commit,https://247sports.com/player/carter-jamison-46165375/high-school-355324/
167,2027,46167367,Jewellz Tapp,CB,TCU,Hard Commit,no,yes,61,Vulnerable,61,Vulnerable,40.7%,59.3%,33.4%,33.4%,66.6%,0.8600,3-star,NA,6/13/2026,"John Curtis (River Ridge, LA)",LA,River Ridge,29.95861,-90.222046,TX,32.781954,-97.348573,463,regional,city,no,186,0,0,2,2,0,0,0,0,0,0,0,0,early commit; first commitment,https://247sports.com/player/jewellz-tapp-46167367/high-school-360360/
168,2027,46164128,Brayden Watson,LB,Michigan,Hard Commit,no,yes,54,Vulnerable,50.0,Vulnerable,40.5%,59.5%,33.4%,33.4%,66.6%,0.8850,3-star,515,5/29/2026,"Buford (Buford, GA)",GA,Buford,34.118562,-83.98861,MI,42.276147,-83.73086,564,regional,city,no,201,0,0,0,0,9,0,0,1,0,1,1,0,early commit; first commitment; only commit at position; other-school OV after commit,https://247sports.com/player/brayden-watson-46164128/high-school-350505/
169,2027,46165550,Aidan McPherson,QB,Duke,Hard Commit,no,yes,54,Vulnerable,53.8,Vulnerable,40.5%,59.5%,33.4%,33.4%,66.6%,0.8700,3-star,888,3/21/2026,"Thomas County Central (Thomasville, GA)",GA,Thomasville,30.839422,-83.978781,NC,35.977928,-78.898109,460,regional,city,no,270,0,0,0,0,8,0,0,1,3,0,0,0,early commit; first commitment; only commit at position; other-school offers after commit,https://247sports.com/player/aidan-mcpherson-46165550/high-school-361301/
170,2027,46166756,Zion Watson,S,Rutgers,Hard Commit,no,yes,67,Stable / Monitor,67,Stable / Monitor,40.5%,59.5%,17.5%,17.5%,82.5%,0.8600,3-star,NA,5/30/2026,"Northside Christian (St. Petersburg, FL)",FL,St. Petersburg,27.762727,-82.644131,NJ,40.1,-74.5,971,far,city,no,200,0,0,3,3,2,1,0,0,0,0,0,0,early commit; first commitment; far,https://247sports.com/player/zion-watson-46166756/high-school-359503/
171,2027,46165629,Khy'lieb Rodriguez,WR,NC State,Hard Commit,no,yes,53,Vulnerable,53,Vulnerable,40.4%,59.6%,33.4%,33.4%,66.6%,0.8600,3-star,NA,6/17/2026,"Ardrey Kell (Charlotte, NC)",NC,Charlotte,35.209045,-80.83099,NC,35.831868,-78.641042,130,nearby,city,yes,182,0,0,0,0,0,0,0,0,0,0,0,0,early commit; first commitment; only commit at position,https://247sports.com/player/khylieb-rodriguez-46165629/high-school-355988/
172,2027,46165351,Eli Stumpf,QB,Michigan State,Hard Commit,no,yes,55,Vulnerable,55,Vulnerable,40.3%,59.7%,33.4%,33.4%,66.6%,0.8650,3-star,NA,3/17/2026,"Big Walnut (Sunbury, OH)",OH,Sunbury,40.249405,-82.880199,MI,42.748913,-84.482442,192,nearby,city,no,274,0,0,0,0,4,0,0,1,0,0,0,0,early commit; first commitment; only commit at position,https://247sports.com/player/eli-stumpf-46165351/high-school-355289/
173,2027,46163813,Jordan Cason,ATH,Northwestern,Hard Commit,no,yes,60,Vulnerable,54.0,Vulnerable,40.1%,59.9%,33.4%,33.4%,66.6%,0.8600,3-star,NA,6/9/2026,"Bradford (Starke, FL)",FL,Starke,29.947452,-82.112885,IL,42.046391,-87.694352,892,far,city,no,190,0,0,1,1,12,2,0,0,0,1,1,0,early commit; first commitment; thin position group; far; other-school OV after commit,https://247sports.com/player/jordan-cason-46163813/high-school-349635/
174,2027,46161060,Adeola Werner,Edge,Texas Tech,Hard Commit,no,yes,58,Vulnerable,58,Vulnerable,40.1%,59.9%,33.4%,33.4%,66.6%,0.8700,3-star,888,6/15/2026,"NFL Academy (London, EN)",EN,London,,,TX,33.561901,-101.888883,,,,no,184,0,0,1,1,0,0,0,0,0,0,0,0,early commit; first commitment; thin position group,https://247sports.com/player/adeola-werner-46161060/high-school-343815/
175,2027,46164146,Kenny Fairley,DL,Colorado,Hard Commit,no,yes,59,Vulnerable,39,Weak / Attack,40.0%,60.0%,33.4%,55.0%,45.0%,0.8700,3-star,888,4/24/2026,"Creekside (Fairburn, GA)",GA,Fairburn,33.547798,-84.587265,CO,40.024431,-105.251251,1224,far,city,no,236,0,0,1,1,18,0,0,0,0,4,4,0,early commit; first commitment; thin position group; far; other-school OV after commit,https://247sports.com/player/kenny-fairley-46164146/high-school-350527/
176,2027,46165028,Dylan Wafle,LB,USC,Hard Commit,no,yes,57,Vulnerable,57,Vulnerable,40.0%,60.0%,33.4%,33.4%,66.6%,0.8450,3-star,NA,6/15/2026,"Avon Old Farms (Avon, CT)",CT,Avon,,,CA,34.019394,-118.410825,2519,cross_country,state,no,184,0,0,1,1,6,1,0,0,0,0,0,0,early commit; first commitment; thin position group; cross country,https://247sports.com/player/dylan-wafle-46165028/high-school-352715/
177,2027,46156828,Greydon Howell,ATH,Oklahoma,Hard Commit,no,yes,57,Vulnerable,57,Vulnerable,39.8%,60.2%,33.4%,33.4%,66.6%,0.8927,4-star,419,3/8/2026,"Broken Bow (Broken Bow, OK)",OK,Broken Bow,34.028862,-94.741357,OK,35.240569,-97.345299,170,nearby,city,yes,283,0,0,1,1,10,0,0,0,0,0,0,0,early commit; first commitment; thin position group; 4-star,https://247sports.com/player/greydon-howell-46156828/high-school-333045/
178,2027,46152517,Isaiah Rogers,RB,Notre Dame,Hard Commit,no,yes,53,Vulnerable,47.0,Weak / Attack,39.7%,60.3%,33.4%,55.0%,45.0%,0.9263,4-star,194,3/30/2026,"Springfield Central (Springfield, MA)",MA,Springfield,42.115454,-72.539978,IN,41.700283,-86.238679,704,regional,city,no,261,0,0,1,1,12,0,2,0,0,1,1,0,early commit; first commitment; thin position group; 4-star; other-school OV after commit,https://247sports.com/player/isaiah-rogers-46152517/high-school-322260/
179,2027,46156384,Gavin Hampton,QB,Mississippi State,Hard Commit,no,yes,58,Vulnerable,58,Vulnerable,39.7%,60.3%,33.4%,33.4%,66.6%,0.8800,3-star,629,6/19/2026,"Riverdale (Murfreesboro, TN)",TN,Murfreesboro,35.853915,-86.421224,MS,33.463261,-88.827796,214,nearby,city,no,180,0,0,0,0,0,0,0,0,0,0,0,0,first commitment; only commit at position,https://247sports.com/player/gavin-hampton-46156384/high-school-331305/
180,2027,46155489,Braylen Ross,WR,Arizona,Hard Commit,no,yes,59,Vulnerable,59,Vulnerable,39.6%,60.4%,33.4%,33.4%,66.6%,0.8550,3-star,NA,5/1/2026,"Crean Lutheran (Irvine, CA)",CA,Irvine,33.678399,-117.771254,AZ,32.153036,-110.870773,414,regional,city,no,229,0,0,1,1,8,0,0,0,0,0,0,0,early commit; first commitment; thin position group,https://247sports.com/player/braylen-ross-46155489/high-school-329167/
181,2027,46167903,Josh Barr,ATH,Syracuse,Hard Commit,no,yes,58,Vulnerable,58,Vulnerable,39.4%,60.6%,33.4%,33.4%,66.6%,0.8600,3-star,NA,6/14/2026,"Irondequoit (Rochester, NY)",NY,Rochester,43.169927,-77.616891,NY,43.040998,-76.143554,75,nearby,city,yes,185,0,0,1,1,0,0,0,0,0,0,0,0,early commit; first commitment; thin position group,https://247sports.com/player/josh-barr-46167903/high-school-361063/
182,2027,46166784,Jaylen Oliver,S,Arizona,Hard Commit,no,yes,53,Vulnerable,53,Vulnerable,39.2%,60.8%,33.4%,33.4%,66.6%,0.8550,3-star,NA,6/1/2026,"Spring Westfield (Houston, TX)",TX,Houston,29.785743,-95.388806,AZ,32.153036,-110.870773,931,far,city,no,198,0,0,1,0,0,0,0,0,0,0,0,0,early commit; first commitment; thin position group; far,https://247sports.com/player/jaylen-oliver-46166784/high-school-359537/
183,2027,46153238,Kei'Shjuan Telfair,CB,Penn State,Hard Commit,no,yes,53,Vulnerable,43.0,Weak / Attack,39.1%,60.9%,33.4%,55.0%,45.0%,0.9601,4-star,90,4/19/2026,"Euclid (Euclid, OH)",OH,Euclid,41.592154,-81.519678,PA,40.791039,-77.856813,198,nearby,city,no,241,0,0,0,0,17,0,1,1,0,2,2,0,early commit; first commitment; only commit at position; 4-star; other-school OV after commit,https://247sports.com/player/keishjuan-telfair-46153238/high-school-324101/
184,2027,46149682,Ben'Jarvius Shumaker,DL,Colorado,Hard Commit,no,yes,75,Stable / Monitor,75,Stable / Monitor,39.0%,61.0%,17.5%,17.5%,82.5%,0.9712,4-star,70,6/23/2026,"Choctaw County (Ackerman, MS)",MS,Ackerman,33.311435,-89.170116,CO,40.024431,-105.251251,1003,far,city,no,176,1,0,1,0,2,1,1,0,0,0,0,0,thin position group; far; 4-star,https://247sports.com/player/benjarvius-shumaker-46149682/high-school-314764/
185,2027,46144140,CaDarius McMiller,RB,Oregon,Hard Commit,no,yes,45,Weak / Attack,45,Weak / Attack,38.9%,61.1%,55.0%,55.0%,45.0%,0.9350,4-star,158,2/14/2026,"Tyler High (Tyler, TX)",TX,Tyler,32.317258,-95.305886,OR,44.056848,-123.119019,1703,cross_country,city,no,305,0,0,0,0,23,0,1,0,0,0,0,0,early commit; first commitment; only commit at position; cross country; 4-star,https://247sports.com/player/cadarius-mcmiller-46144140/high-school-302336/
186,2027,46157588,Kendray Porter Jr.,RB,Houston,Hard Commit,no,yes,55,Vulnerable,55,Vulnerable,38.6%,61.4%,33.4%,33.4%,66.6%,0.8833,3-star,570,4/22/2026,"Newton (Newton, TX)",TX,Newton,30.850769,-93.754105,TX,29.785743,-95.388806,122,nearby,city,yes,238,0,0,0,0,4,0,0,1,0,0,0,0,early commit; first commitment; only commit at position,https://247sports.com/player/kendray-porter-jr-46157588/high-school-335799/
187,2027,46154068,Roye Oliver III,WR,USC,Hard Commit,no,yes,56,Vulnerable,56,Vulnerable,38.6%,61.4%,33.4%,33.4%,66.6%,0.9595,4-star,91,3/27/2026,"Hamilton (Chandler, AZ)",AZ,Chandler,33.282765,-111.851819,CA,34.019394,-118.410825,381,regional,city,no,264,0,0,1,1,17,0,2,1,1,0,0,0,early commit; first commitment; thin position group; 4-star; other-school offers after commit,https://247sports.com/player/roye-oliver-iii-46154068/high-school-325855/
188,2027,46166269,Ke'Vontae Pitts,S,Mississippi State,Hard Commit,no,yes,63,Vulnerable,63,Vulnerable,38.5%,61.5%,33.4%,33.4%,66.6%,0.8600,3-star,NA,6/14/2026,"East Nashville Magnet School (Nashville, TN)",TN,Nashville,,,MS,33.463261,-88.827796,212,nearby,state,no,185,0,0,2,2,0,0,0,0,0,0,0,0,early commit; first commitment,https://247sports.com/player/kevontae-pitts-46166269/high-school-358544/
189,2027,46158849,Kaiden Robinson-Vickers,DL,North Carolina,Hard Commit,no,yes,57,Vulnerable,47.0,Weak / Attack,38.4%,61.6%,33.4%,55.0%,45.0%,0.8937,4-star,407,6/7/2026,"Hawthorne (Hawthorne, FL)",FL,Hawthorne,29.593677,-82.094467,NC,35.928328,-79.041375,472,regional,city,no,192,0,0,0,0,19,3,0,1,0,2,2,0,early commit; first commitment; only commit at position; 4-star; other-school OV after commit,https://247sports.com/player/kaiden-robinson-vickers-46158849/high-school-337994/
190,2027,46157797,Justin Johnson,CB,Illinois,Hard Commit,no,yes,52,Vulnerable,52,Vulnerable,38.4%,61.6%,33.4%,33.4%,66.6%,0.9206,4-star,219,3/4/2026,"Evanston Township (Evanston, IL)",IL,Evanston,42.046391,-87.694352,IL,40.114099,-88.274619,137,nearby,city,yes,287,0,0,0,0,13,0,0,1,0,0,0,0,early commit; first commitment; only commit at position; 4-star,https://247sports.com/player/justin-johnson-46157797/high-school-336134/
191,2027,46147058,Eli Johnson,S,Ohio State,Hard Commit,no,yes,33,Weak / Attack,33,Weak / Attack,38.3%,61.7%,55.0%,55.0%,45.0%,0.9241,4-star,203,11/15/2025,"Cibolo Steele (Cibolo, TX)",TX,Cibolo,29.570142,-98.217797,OH,39.983938,-82.984882,1122,far,city,no,396,0,0,1,0,19,0,1,1,1,0,0,0,very early commit; first commitment; thin position group; far; 4-star,https://247sports.com/player/eli-johnson-46147058/high-school-308588/
192,2027,46143572,Sione Kaho,QB,Stanford,Hard Commit,no,yes,50,Vulnerable,38.0,Weak / Attack,38.1%,61.9%,33.4%,55.0%,45.0%,0.8933,4-star,408,4/30/2026,"Lincoln (Tacoma, WA)",WA,Tacoma,47.252199,-122.459832,CA,37.426933,-122.167741,679,regional,city,no,230,0,0,0,0,11,0,0,0,0,2,2,0,early commit; first commitment; only commit at position; 4-star; other-school OV after commit,https://247sports.com/player/sione-kaho-46143572/high-school-301050/
193,2027,46155639,Sebastian Blue,DL,Louisville,Hard Commit,no,yes,60,Vulnerable,60,Vulnerable,38.1%,61.9%,33.4%,33.4%,66.6%,0.8811,3-star,612,1/31/2026,"Trinity (Louisville, KY)",KY,Louisville,38.224728,-85.740614,KY,38.224728,-85.740614,0,in_state,city,yes,319,0,0,1,0,0,0,0,0,0,0,0,0,early commit; first commitment; thin position group,https://247sports.com/player/sebastian-blue-46155639/high-school-329397/
194,2027,46145096,Kavian Bryant,QB,Texas Tech,Hard Commit,no,yes,31,Weak / Attack,31,Weak / Attack,38.0%,62.0%,55.0%,55.0%,45.0%,0.9748,4-star,65,11/1/2025,"Palestine Westwood (Palestine, TX)",TX,Palestine,31.754512,-95.646953,TX,33.561901,-101.888883,384,regional,city,yes,410,0,0,0,0,21,0,1,0,0,0,0,0,very early commit; first commitment; only commit at position; 4-star,https://247sports.com/player/kavian-bryant-46145096/high-school-304237/
195,2027,46154711,Omari St. Fort,RB,UCF,Hard Commit,no,yes,53,Vulnerable,53,Vulnerable,38.0%,62.0%,33.4%,33.4%,66.6%,0.8700,3-star,888,6/14/2026,"Atlantic (Delray Beach, FL)",FL,Delray Beach,26.455903,-80.09042,FL,28.40865,-81.254805,153,nearby,city,yes,185,0,0,0,0,0,0,0,0,0,0,0,0,early commit; first commitment; only commit at position,https://247sports.com/player/omari-st-fort-46154711/high-school-327840/
196,2027,46149838,Krystian Walcott,DL,Boston College,Hard Commit,no,yes,61,Vulnerable,61,Vulnerable,38.0%,62.0%,33.4%,33.4%,66.6%,0.8550,3-star,NA,6/14/2026,"Buford (Buford, GA)",GA,Buford,34.118562,-83.98861,MA,42.2,-71.8,865,far,city,no,185,0,0,4,4,0,0,0,0,0,0,0,0,early commit; first commitment; far,https://247sports.com/player/krystian-walcott-46149838/high-school-315019/
197,2027,46167249,Cade Newman,TE,Illinois,Hard Commit,no,yes,57,Vulnerable,57,Vulnerable,37.9%,62.1%,33.4%,33.4%,66.6%,0.8550,3-star,NA,6/6/2026,"Ankeny Centennial (Ankeny, IA)",IA,Ankeny,41.730164,-93.601083,IL,40.114099,-88.274619,300,regional,city,no,193,0,0,0,0,3,3,0,0,0,0,0,0,early commit; first commitment; only commit at position,https://247sports.com/player/cade-newman-46167249/high-school-360168/
198,2027,46164551,Jeremiah Jones,OT,Indiana,Hard Commit,no,yes,58,Vulnerable,58,Vulnerable,37.9%,62.1%,33.4%,33.4%,66.6%,0.8750,3-star,765,1/31/2026,"Michigan City (Michigan City, IN)",IN,Michigan City,41.708776,-86.866875,IN,39.1637,-86.524264,177,nearby,city,yes,319,0,0,1,1,0,0,0,0,0,0,0,0,early commit; first commitment; thin position group,https://247sports.com/player/jeremiah-jones-46164551/high-school-351446/
199,2027,46134912,Trae Taylor,QB,Nebraska,Hard Commit,no,yes,30,Weak / Attack,18.0,Weak / Attack,37.8%,62.2%,55.0%,55.0%,45.0%,0.9794,4-star,48,5/1/2025,"Millard South (Omaha, NE)",NE,Omaha,41.262705,-96.053475,NE,40.810284,-96.674856,45,nearby,city,yes,594,0,0,0,0,7,0,12,0,0,3,1,0,very early commit; first commitment; only commit at position; 4-star; other-school OV after commit,https://247sports.com/player/trae-taylor-46134912/high-school-350309/
200,2027,46144699,Lonnie Andrews III,QB,Virginia,Hard Commit,no,yes,36,Weak / Attack,36,Weak / Attack,37.8%,62.2%,55.0%,55.0%,45.0%,0.8711,3-star,871,10/18/2025,"Oscar Smith (Chesapeake, VA)",VA,Chesapeake,36.679376,-76.301788,VA,38.037658,-78.485381,152,nearby,city,yes,424,0,0,0,0,10,0,0,1,2,0,0,0,very early commit; first commitment; only commit at position; other-school offers after commit,https://247sports.com/player/lonnie-andrews-iii-46144699/high-school-303596/
201,2027,46148607,Corey Hadley Jr.,S,Nebraska,Hard Commit,no,yes,53,Vulnerable,35.0,Weak / Attack,37.7%,62.3%,33.4%,55.0%,45.0%,0.9423,4-star,128,4/26/2026,"Sandy Creek (Tyrone, GA)",GA,Tyrone,33.476059,-84.594522,NE,40.810284,-96.674856,835,far,city,no,234,0,0,1,1,20,0,1,0,0,3,3,0,early commit; first commitment; thin position group; far; 4-star,https://247sports.com/player/corey-hadley-jr-46148607/high-school-312603/
202,2027,46149472,Luke Starcevic,ATH,Clemson,Hard Commit,no,yes,54,Vulnerable,54,Vulnerable,37.7%,62.3%,33.4%,33.4%,66.6%,0.9130,4-star,257,6/1/2026,"Kindred (Kindred, ND)",ND,Kindred,46.649379,-97.01694,SC,34.683564,-82.810575,1109,far,city,no,198,0,0,0,0,21,2,2,0,0,0,0,0,early commit; first commitment; only commit at position; far; 4-star,https://247sports.com/player/luke-starcevic-46149472/high-school-314482/
203,2027,46162419,Olayiwola Taiwo,Edge,Georgia,Hard Commit,no,yes,59,Vulnerable,47.0,Weak / Attack,37.5%,62.5%,33.4%,55.0%,45.0%,0.8750,3-star,765,6/1/2026,"Lovejoy (Hampton, GA)",GA,Hampton,33.377704,-84.298974,GA,32.7,-83.3,74,nearby,city,yes,198,0,0,0,0,1,1,0,0,0,2,2,0,early commit; first commitment; only commit at position; other-school OV after commit,https://247sports.com/player/olayiwola-taiwo-46162419/high-school-346563/
204,2027,46145331,Cameron Pritchett,Edge,Oregon,Hard Commit,no,yes,35,Weak / Attack,35,Weak / Attack,37.4%,62.6%,55.0%,55.0%,45.0%,0.9165,4-star,235,6/2/2025,"Thompson (Alabaster, AL)",AL,Alabaster,33.214355,-86.82308,OR,44.056848,-123.119019,2077,cross_country,city,no,562,0,0,2,1,21,0,1,1,0,0,0,0,very early commit; first commitment; cross country; 4-star,https://247sports.com/player/cameron-pritchett-46145331/high-school-304768/
205,2027,46142228,Trenton Yancey,WR,Purdue,Hard Commit,no,yes,54,Vulnerable,42.0,Weak / Attack,37.4%,62.6%,33.4%,55.0%,45.0%,0.9128,4-star,260,6/9/2026,"Duncanville (Duncanville, TX)",TX,Duncanville,32.64595,-96.91387,IN,40.443707,-86.923616,772,far,city,no,190,0,0,0,0,19,3,0,0,0,2,2,0,early commit; first commitment; only commit at position; far; 4-star,https://247sports.com/player/trenton-yancey-46142228/high-school-297838/
206,2027,46159907,Jack Henderson,Edge,Utah,Hard Commit,no,yes,54,Vulnerable,48.0,Weak / Attack,37.4%,62.6%,33.4%,55.0%,45.0%,0.8600,3-star,NA,4/7/2026,"Bishop Kelly (Boise, ID)",ID,Boise,,,UT,40.776928,-111.930991,273,regional,state,no,253,0,0,0,0,12,0,0,0,0,1,1,0,early commit; first commitment; only commit at position; other-school OV after commit,https://247sports.com/player/jack-henderson-46159907/high-school-339587/
207,2027,46162538,Ryan Pankey,ATH,Michigan State,Hard Commit,no,yes,60,Vulnerable,60,Vulnerable,37.2%,62.8%,33.4%,33.4%,66.6%,0.8500,3-star,NA,6/7/2026,"Montrose (Montrose, CO)",CO,Montrose,38.468893,-107.858983,MI,42.748913,-84.482442,1257,far,city,no,192,0,0,1,1,15,2,0,0,0,0,0,0,early commit; first commitment; thin position group; far,https://247sports.com/player/ryan-pankey-46162538/high-school-346725/
208,2027,46145803,Ronnie Gomiller,WR,Cincinnati,Hard Commit,no,yes,54,Vulnerable,36.0,Weak / Attack,37.1%,62.9%,33.4%,55.0%,45.0%,0.8937,4-star,406,6/7/2026,"East St. Louis (East St. Louis, IL)",IL,East St. Louis,38.616361,-90.130528,OH,39.140183,-84.505829,305,regional,city,no,192,0,0,0,0,15,2,0,0,0,3,3,0,early commit; first commitment; only commit at position; 4-star; other-school OV after commit,https://247sports.com/player/ronnie-gomiller-46145803/high-school-305912/
209,2027,46154736,Bryian Duncan Jr.,ATH,West Virginia,Hard Commit,no,yes,65,Stable / Monitor,59.0,Vulnerable,36.9%,63.1%,17.5%,33.4%,66.6%,0.8783,3-star,722,6/2/2026,"Cairo (Cairo, GA)",GA,Cairo,30.879229,-84.205505,WV,39.637487,-79.946856,651,regional,city,no,197,0,0,2,1,0,1,0,0,0,1,1,0,early commit; first commitment; other-school OV after commit,https://247sports.com/player/bryian-duncan-jr-46154736/high-school-327869/
210,2027,46162112,Andre Phillip II,QB,West Virginia,Hard Commit,no,yes,49,Weak / Attack,49,Weak / Attack,36.8%,63.2%,55.0%,55.0%,45.0%,0.8600,3-star,NA,5/8/2026,"Klein Oak (Spring, TX)",TX,Spring,30.062169,-95.383966,WV,39.637487,-79.946856,1095,far,city,no,222,0,0,0,0,8,0,1,1,0,0,0,0,early commit; first commitment; only commit at position; far,https://247sports.com/player/andre-phillip-ii-46162112/high-school-346166/
211,2027,46141493,Aaryn Washington,CB,USC,Hard Commit,no,yes,50,Vulnerable,50,Vulnerable,36.8%,63.2%,33.4%,33.4%,66.6%,0.9510,4-star,107,1/10/2026,"IMG Academy (Bradenton, FL)",FL,Bradenton,27.489798,-82.576804,CA,34.019394,-118.410825,2164,cross_country,city,no,340,0,0,1,1,16,0,7,1,0,0,0,0,early commit; first commitment; thin position group; cross country; 4-star,https://247sports.com/player/aaryn-washington-46141493/high-school-349684/
212,2027,46163732,Samuel Nelson,Edge,Oklahoma,Hard Commit,no,yes,59,Vulnerable,59,Vulnerable,36.8%,63.2%,33.4%,33.4%,66.6%,0.8850,3-star,515,4/30/2026,"Bryant (Bryant, AR)",AR,Bryant,34.615059,-92.491338,OK,35.240569,-97.345299,278,regional,city,no,230,0,0,1,1,9,0,0,1,0,0,0,0,early commit; first commitment; thin position group,https://247sports.com/player/samuel-nelson-46163732/high-school-349428/
213,2027,46144299,Peyton Miller,IOL,Florida,Hard Commit,no,yes,56,Vulnerable,36,Weak / Attack,36.7%,63.3%,33.4%,55.0%,45.0%,0.9437,4-star,124,4/27/2026,"Anna (Anna, TX)",TX,Anna,33.348167,-96.553452,FL,29.679537,-82.346793,874,far,city,no,233,0,0,1,1,13,1,2,1,0,4,4,0,early commit; first commitment; thin position group; far; 4-star,https://247sports.com/player/peyton-miller-46144299/high-school-302543/
214,2027,46164292,Braylon Gamble,S,Boston College,Hard Commit,no,yes,64,Vulnerable,64,Vulnerable,36.7%,63.3%,33.4%,33.4%,66.6%,0.8500,3-star,NA,6/14/2026,"Massillon Washington (Massillon, OH)",OH,Massillon,40.784483,-81.525216,MA,42.2,-71.8,512,regional,city,no,185,0,0,3,3,0,0,0,0,0,0,0,0,early commit; first commitment,https://247sports.com/player/braylon-gamble-46164292/high-school-350928/
215,2027,46143376,Jameson Purcell,QB,Indiana,Hard Commit,no,yes,39,Weak / Attack,39,Weak / Attack,36.6%,63.4%,55.0%,55.0%,45.0%,0.8822,3-star,583,7/21/2025,"Maine South (Park Ridge, IL)",IL,Park Ridge,42.011762,-87.843434,IN,39.1637,-86.524264,209,nearby,city,no,513,0,0,0,0,23,0,0,1,0,0,0,0,very early commit; first commitment; only commit at position,https://247sports.com/player/jameson-purcell-46143376/high-school-300387/
216,2027,46153455,Ezra Sanelivi,RB,BYU,Hard Commit,no,yes,54,Vulnerable,48.0,Weak / Attack,36.6%,63.4%,33.4%,55.0%,45.0%,0.8600,3-star,NA,4/8/2026,"Liberty (Henderson, NV)",NV,Henderson,36.008958,-115.0268,UT,40.245312,-111.645057,346,regional,city,no,252,0,0,0,0,13,0,0,0,0,1,1,0,early commit; first commitment; only commit at position; other-school OV after commit,https://247sports.com/player/ezra-sanelivi-46153455/high-school-324520/
217,2027,46138988,Davontrae Kirkland,S,Baylor,Hard Commit,no,yes,43,Weak / Attack,41.5,Weak / Attack,36.5%,63.5%,55.0%,55.0%,45.0%,0.8833,3-star,570,6/14/2025,"Waco University (Waco, TX)",TX,Waco,31.557994,-97.18975,TX,31.557994,-97.18975,0,in_state,city,yes,550,0,0,1,0,13,0,0,0,2,0,0,0,very early commit; first commitment; thin position group; other-school offers after commit,https://247sports.com/player/davontrae-kirkland-46138988/high-school-291804/
218,2027,46145113,Jerry Outhouse Jr.,CB,UCLA,Hard Commit,no,yes,65,Stable / Monitor,45,Weak / Attack,36.5%,63.5%,17.5%,55.0%,45.0%,0.9538,4-star,101,5/1/2026,"North Crowley (Fort Worth, TX)",TX,Fort Worth,32.781954,-97.348573,CA,34.019394,-118.410825,1216,far,city,no,229,1,1,0,0,15,0,1,1,0,4,4,0,early commit; prior decommit; only commit at position; far; 4-star,https://247sports.com/player/jerry-outhouse-jr-46145113/high-school-304256/
219,2027,46148562,Hawken Anderson,IOL,Boston College,Hard Commit,no,yes,56,Vulnerable,56,Vulnerable,36.5%,63.5%,33.4%,33.4%,66.6%,0.8550,3-star,NA,2/15/2026,"Suffield Academy (Suffield, CT)",CT,Suffield,,,MA,42.2,-71.8,62,nearby,state,no,304,0,0,0,0,10,0,0,0,0,0,0,0,early commit; first commitment; only commit at position,https://247sports.com/player/hawken-anderson-46148562/high-school-312261/
220,2027,46165495,AJ Tillman Jr.,ATH,Louisville,Hard Commit,no,yes,57,Vulnerable,45.0,Weak / Attack,36.4%,63.6%,33.4%,55.0%,45.0%,0.9179,4-star,229,6/1/2026,"Lithonia (Lithonia, GA)",GA,Lithonia,33.712954,-84.1062,KY,38.224728,-85.740614,325,regional,city,no,198,0,0,0,0,22,1,0,0,0,2,2,0,early commit; first commitment; only commit at position; 4-star; other-school OV after commit,https://247sports.com/player/aj-tillman-jr-46165495/high-school-355478/
221,2027,46156901,Brayden White,DL,Stanford,Hard Commit,no,yes,55,Vulnerable,35,Weak / Attack,36.3%,63.7%,33.4%,55.0%,45.0%,0.8700,3-star,888,5/24/2026,"Shepherd (Shepherd, TX)",TX,Shepherd,30.486166,-95.011345,CA,37.426933,-122.167741,1622,cross_country,city,no,206,0,0,0,0,20,1,0,0,0,4,4,0,early commit; first commitment; only commit at position; cross country; other-school OV after commit,https://247sports.com/player/brayden-white-46156901/high-school-333595/
222,2027,46162577,John Amofah Jr.,DL,Cincinnati,Hard Commit,no,yes,64,Vulnerable,64,Vulnerable,36.3%,63.7%,33.4%,33.4%,66.6%,0.8400,3-star,NA,4/18/2026,"Douglass (Atlanta, GA)",GA,Atlanta,33.762909,-84.422675,OH,39.140183,-84.505829,372,regional,city,no,242,0,0,2,2,9,0,0,0,0,0,0,0,early commit; first commitment,https://247sports.com/player/john-amofah-jr-46162577/high-school-346780/
223,2027,46157095,Sam Ngata,LB,Oregon,Hard Commit,no,yes,64,Vulnerable,64,Vulnerable,36.2%,63.8%,33.4%,33.4%,66.6%,0.8822,3-star,583,1/24/2026,"Olympus (Salt Lake City, UT)",UT,Salt Lake City,40.776928,-111.930991,OR,44.056848,-123.119019,613,regional,city,no,326,0,0,2,2,11,0,0,0,0,0,0,0,early commit; first commitment,https://247sports.com/player/sam-ngata-46157095/high-school-334360/
224,2027,46165532,Eric Vaulx Jr.,DL,Florida State,Hard Commit,no,yes,58,Vulnerable,46.0,Weak / Attack,36.1%,63.9%,33.4%,55.0%,45.0%,0.8850,3-star,515,5/31/2026,"Lake Cormorant (Lake Cormorant, MS)",MS,Lake Cormorant,,,FL,30.453529,-84.252272,356,regional,state,no,199,0,0,0,0,15,1,2,0,0,2,2,0,early commit; first commitment; only commit at position; other-school OV after commit,https://247sports.com/player/eric-vaulx-jr-46165532/high-school-355595/
225,2027,46159737,Marvin Nguetsop,DL,Ole Miss,Hard Commit,no,yes,59,Vulnerable,49.0,Weak / Attack,36.1%,63.9%,33.4%,55.0%,45.0%,0.8946,4-star,391,5/30/2026,"St. Thomas More (Oakdale, CT)",CT,Oakdale,,,MS,34.351262,-89.536981,1042,far,state,no,200,0,0,1,1,16,3,2,1,0,2,2,0,early commit; first commitment; thin position group; far; 4-star,https://247sports.com/player/marvin-nguetsop-46159737/high-school-339331/
226,2027,46150300,Quinton Cypher,LB,Ohio State,Hard Commit,no,yes,53,Vulnerable,53,Vulnerable,36.1%,63.9%,33.4%,33.4%,66.6%,0.9149,4-star,246,12/19/2025,"Millbrook (Raleigh, NC)",NC,Raleigh,35.831868,-78.641042,OH,39.983938,-82.984882,372,regional,city,no,362,0,0,1,1,6,0,7,1,0,0,0,0,early commit; first commitment; thin position group; 4-star,https://247sports.com/player/quinton-cypher-46150300/high-school-315754/
227,2027,46158957,Avrian Pauley,DL,Alabama,Hard Commit,no,yes,54,Vulnerable,53.0,Vulnerable,36.1%,63.9%,33.4%,33.4%,66.6%,0.8800,3-star,629,4/11/2026,"McGill Toolen (Mobile, AL)",AL,Mobile,30.668246,-88.107853,AL,33.234404,-87.5283,181,nearby,city,yes,249,0,0,0,0,11,0,1,1,4,0,0,0,early commit; first commitment; only commit at position; other-school offers after commit,https://247sports.com/player/avrian-pauley-46158957/high-school-338177/
228,2027,46158548,Aiden Martin,S,Utah,Hard Commit,no,yes,58,Vulnerable,58,Vulnerable,36.1%,63.9%,33.4%,33.4%,66.6%,0.8750,3-star,765,6/8/2026,"Brennan (San Antonio, TX)",TX,San Antonio,29.462809,-98.524635,UT,40.776928,-111.930991,1086,far,city,no,191,0,0,2,1,0,0,0,0,0,0,0,0,early commit; first commitment; far,https://247sports.com/player/aiden-martin-46158548/high-school-337591/
229,2027,46163112,Clarence Johnson Jr.,Edge,Kansas,Hard Commit,no,yes,54,Vulnerable,48.0,Weak / Attack,36.0%,64.0%,33.4%,55.0%,45.0%,0.8944,4-star,394,6/7/2026,"Cretin Derham Hall (Saint Paul, MN)",MN,Saint Paul,,,KS,38.959551,-95.265468,510,regional,state,no,192,0,0,0,0,10,3,2,0,0,1,1,0,early commit; first commitment; only commit at position; 4-star; other-school OV after commit,https://247sports.com/player/clarence-johnson-jr-46163112/high-school-347832/
230,2027,46158815,Tristin Hughes,ATH,Kentucky,Hard Commit,no,yes,56,Vulnerable,46.0,Weak / Attack,35.9%,64.1%,33.4%,55.0%,45.0%,0.8965,4-star,375,4/18/2026,"Rocky River (Rocky River, OH)",OH,Rocky River,41.473072,-81.853825,KY,37.8,-85.8,329,regional,city,no,242,0,1,0,0,18,0,2,1,0,2,2,0,early commit; first commitment; prior decommit; only commit at position; 4-star,https://247sports.com/player/tristin-hughes-46158815/high-school-337942/
231,2027,46163294,Zivad Robinson,DL,Iowa State,Hard Commit,no,yes,59,Vulnerable,55.0,Vulnerable,35.9%,64.1%,33.4%,33.4%,66.6%,0.8400,3-star,NA,5/6/2026,"Camden (Minneapolis, MN)",MN,Minneapolis,44.963324,-93.26832,IA,42.026327,-93.621264,204,nearby,city,no,224,0,0,1,1,7,0,1,1,0,1,1,0,early commit; first commitment; thin position group; other-school OV after commit,https://247sports.com/player/zivad-robinson-46163294/high-school-348181/
232,2027,46159600,Evan Via,CB,Stanford,Hard Commit,no,yes,51,Vulnerable,51,Vulnerable,35.8%,64.2%,33.4%,33.4%,66.6%,0.9310,4-star,176,6/9/2026,"Ladue Horton Watkins (St. Louis, MO)",MO,St. Louis,38.635699,-90.244582,CA,37.426933,-122.167741,1731,cross_country,city,no,190,0,0,0,0,21,3,0,0,0,0,0,0,early commit; first commitment; only commit at position; cross country; 4-star,https://247sports.com/player/evan-via-46159600/high-school-339138/
233,2027,46165985,Alex Johnson,Edge,Boston College,Hard Commit,no,yes,58,Vulnerable,40.0,Weak / Attack,35.7%,64.3%,33.4%,55.0%,45.0%,0.8800,3-star,629,6/8/2026,"Catawba Ridge (Fort Mill, SC)",SC,Fort Mill,35.005997,-80.94,MA,42.2,-71.8,700,regional,city,no,191,0,0,0,0,13,5,0,0,0,3,3,0,early commit; first commitment; only commit at position; other-school OV after commit,https://247sports.com/player/alex-johnson-46165985/high-school-357572/
234,2027,46167344,Samuel Thiergood,IOL,Houston,Hard Commit,no,yes,53,Vulnerable,53,Vulnerable,35.7%,64.3%,33.4%,33.4%,66.6%,0.8700,3-star,888,5/30/2026,"Randle (Richmond, TX)",TX,Richmond,29.581161,-95.760484,TX,29.785743,-95.388806,26,nearby,city,yes,200,0,0,0,0,0,0,0,0,0,0,0,0,early commit; first commitment; only commit at position,https://247sports.com/player/samuel-thiergood-46167344/high-school-360312/
235,2027,46164619,Marcus Turpin,S,Northwestern,Hard Commit,no,yes,57,Vulnerable,45.0,Weak / Attack,35.6%,64.4%,33.4%,55.0%,45.0%,0.8900,4-star,451,6/4/2026,"Gilman (Baltimore, MD)",MD,Baltimore,39.300032,-76.610476,IL,42.046391,-87.694352,611,regional,city,no,195,0,0,0,0,19,1,0,0,0,2,2,0,early commit; first commitment; only commit at position; 4-star; other-school OV after commit,https://247sports.com/player/marcus-turpin-46164619/high-school-351570/
236,2027,46149466,Jayden Miles,RB,Florida State,Hard Commit,no,yes,54,Vulnerable,42.0,Weak / Attack,35.4%,64.6%,33.4%,55.0%,45.0%,0.8944,4-star,394,6/8/2026,"Baton Rouge Catholic (Baton Rouge, LA)",LA,Baton Rouge,30.440443,-91.133166,FL,30.453529,-84.252272,410,regional,city,no,191,0,0,0,0,14,2,0,0,0,2,2,0,early commit; first commitment; only commit at position; 4-star; other-school OV after commit,https://247sports.com/player/jayden-miles-46149466/high-school-314474/
237,2027,46158339,Dallas Ward,DL,Rutgers,Hard Commit,no,yes,61,Vulnerable,61,Vulnerable,35.4%,64.6%,33.4%,33.4%,66.6%,0.8700,3-star,888,6/16/2026,"McIntosh (Peachtree City, GA)",GA,Peachtree City,33.391887,-84.570656,NJ,40.1,-74.5,724,regional,city,no,183,0,0,2,1,0,0,0,0,0,0,0,0,early commit; first commitment,https://247sports.com/player/dallas-ward-46158339/high-school-337330/
238,2027,46139694,Tory Pittman III,S,Nebraska,Hard Commit,no,yes,38,Weak / Attack,32.0,Weak / Attack,35.3%,64.7%,55.0%,55.0%,45.0%,0.9782,4-star,52,8/15/2025,"Millard North (Omaha, NE)",NE,Omaha,41.262705,-96.053475,NE,40.810284,-96.674856,45,nearby,city,yes,488,0,0,1,0,16,0,2,0,0,1,1,0,very early commit; first commitment; thin position group; 4-star; other-school OV after commit,https://247sports.com/player/tory-pittman-iii-46139694/high-school-292878/
239,2027,46147922,Nate Kamba,DL,Auburn,Hard Commit,no,yes,62,Vulnerable,62,Vulnerable,35.3%,64.7%,33.4%,33.4%,66.6%,0.9118,4-star,270,6/14/2026,"Corvian Community (Charlotte, NC)",NC,Charlotte,35.209045,-80.83099,AL,32.607806,-85.494746,322,regional,city,no,185,0,0,1,1,17,5,0,1,0,0,0,0,early commit; first commitment; thin position group; 4-star,https://247sports.com/player/nate-kamba-46147922/high-school-310358/
240,2027,46167688,Zarius Matavao,IOL,Texas Tech,Hard Commit,no,yes,58,Vulnerable,58,Vulnerable,35.2%,64.8%,33.4%,33.4%,66.6%,0.8550,3-star,NA,6/17/2026,"NFL Academy (London, EN)",EN,London,,,TX,33.561901,-101.888883,,,,no,182,0,0,1,1,0,0,0,0,0,0,0,0,early commit; first commitment; thin position group,https://247sports.com/player/zarius-matavao-46167688/high-school-360800/
241,2027,46167649,Julian McDonald,CB,Mississippi State,Hard Commit,no,yes,63,Vulnerable,63,Vulnerable,35.1%,64.9%,33.4%,33.4%,66.6%,0.8600,3-star,NA,6/8/2026,"Williamson (Mobile, AL)",AL,Mobile,30.668246,-88.107853,MS,33.463261,-88.827796,198,nearby,city,no,191,0,0,2,2,0,0,0,0,0,0,0,0,early commit; first commitment,https://247sports.com/player/julian-mcdonald-46167649/high-school-360758/
242,2027,46158656,Jay Williams,WR,Kansas,Hard Commit,no,yes,67,Stable / Monitor,55.0,Vulnerable,34.9%,65.1%,17.5%,33.4%,66.6%,0.8550,3-star,NA,6/8/2026,"Millikan (Long Beach, CA)",CA,Long Beach,33.780791,-118.16818,KS,38.959551,-95.265468,1319,far,city,no,191,0,0,3,3,5,2,0,0,0,2,2,0,early commit; first commitment; far; other-school OV after commit,https://247sports.com/player/jay-williams-46158656/high-school-337741/
243,2027,46157640,Savoy Guidry,S,Stanford,Hard Commit,no,yes,49,Weak / Attack,31.0,Weak / Attack,34.7%,65.3%,55.0%,55.0%,45.0%,0.8700,3-star,887,5/9/2026,"Holy Cross (New Orleans, LA)",LA,New Orleans,30.05342,-89.934502,CA,37.426933,-122.167741,1910,cross_country,city,no,221,0,0,0,0,19,0,1,0,0,3,3,0,early commit; first commitment; only commit at position; cross country; other-school OV after commit,https://247sports.com/player/savoy-guidry-46157640/high-school-335868/
244,2027,46155003,Derek Fisher,S,Virginia,Hard Commit,no,yes,41,Weak / Attack,41,Weak / Attack,34.7%,65.3%,55.0%,55.0%,45.0%,0.8711,3-star,871,10/23/2025,"Bethel (Hampton, VA)",VA,Hampton,37.047961,-76.297293,VA,38.037658,-78.485381,138,nearby,city,yes,419,0,0,1,0,6,0,0,1,1,0,0,0,very early commit; first commitment; thin position group; other-school offers after commit,https://247sports.com/player/derek-fisher-46155003/high-school-328389/
245,2027,46165762,Caris Sela,RB,TCU,Hard Commit,no,yes,58,Vulnerable,58,Vulnerable,34.7%,65.3%,33.4%,33.4%,66.6%,0.8600,3-star,NA,6/22/2026,"Justin Northwest (Justin, TX)",TX,Justin,33.081837,-97.314234,TX,32.781954,-97.348573,21,nearby,city,yes,177,0,0,0,0,0,0,0,0,0,0,0,0,first commitment; only commit at position,https://247sports.com/player/caris-sela-46165762/high-school-356785/
246,2027,46156396,Elliott Neff,LB,Kansas,Hard Commit,no,yes,61,Vulnerable,61,Vulnerable,34.7%,65.3%,33.4%,33.4%,66.6%,0.8450,3-star,NA,6/7/2026,"Thornapple Kellogg (Middleville, MI)",MI,Middleville,42.715319,-85.468617,KS,38.959551,-95.265468,574,regional,city,no,192,0,0,2,2,0,0,0,0,0,0,0,0,early commit; first commitment,https://247sports.com/player/elliott-neff-46156396/high-school-331325/
247,2027,46161018,Chris Harris Jr.,WR,Missouri,Hard Commit,no,yes,50,Vulnerable,46.0,Weak / Attack,34.6%,65.4%,33.4%,55.0%,45.0%,0.9245,4-star,198,3/17/2026,"Lee's Summit West (Lee's Summit, MO)",MO,Lee's Summit,38.921601,-94.384763,MO,38.94729,-92.326387,111,nearby,city,yes,274,0,0,0,0,12,0,2,1,0,1,1,0,early commit; first commitment; only commit at position; 4-star; other-school OV after commit,https://247sports.com/player/chris-harris-jr-46161018/high-school-343681/
248,2027,46145046,Ty Keys,RB,Miami,Hard Commit,no,yes,51,Vulnerable,47.0,Weak / Attack,34.6%,65.4%,33.4%,55.0%,45.0%,0.9223,4-star,213,5/1/2026,"Poplarville (Poplarville, MS)",MS,Poplarville,30.839699,-89.530092,FL,25.683061,-80.261659,667,regional,city,no,229,0,0,0,0,19,0,1,1,0,1,1,0,early commit; first commitment; only commit at position; 4-star; other-school OV after commit,https://247sports.com/player/ty-keys-46145046/high-school-304163/
249,2027,46158399,Soren Fifer,OT,Illinois,Hard Commit,no,yes,53,Vulnerable,53,Vulnerable,34.6%,65.4%,33.4%,33.4%,66.6%,0.8811,3-star,612,5/14/2026,"Morton (Morton, IL)",IL,Morton,40.61373,-89.4668,IL,40.114099,-88.274619,72,nearby,city,yes,216,0,0,0,0,0,0,0,0,0,0,0,0,early commit; first commitment; only commit at position,https://247sports.com/player/soren-fifer-46158399/high-school-337422/
250,2027,46161629,Braylon Deal,WR,TCU,Hard Commit,no,yes,58,Vulnerable,58,Vulnerable,34.6%,65.4%,33.4%,33.4%,66.6%,0.8700,3-star,888,6/16/2026,"Naaman Forest (Garland, TX)",TX,Garland,32.909826,-96.630334,TX,32.781954,-97.348573,43,nearby,city,yes,183,0,0,1,1,0,0,0,0,0,0,0,0,early commit; first commitment; thin position group,https://247sports.com/player/braylon-deal-46161629/high-school-344993/
