board_rank,class_year,player_id,name,position,committed_team,commitment_type,is_signed_or_enrolled,is_power_team_guess,commitment_strength_score,strength_tier,live_commitment_strength_score,live_strength_tier,model_decommit_flip_probability,model_stick_probability,historical_bucket_decommit_flip_rate,estimated_decommit_flip_probability,estimated_stick_probability,rating,star_bucket,national_rank,committed_date,high_school,home_state,home_city,home_lat,home_lon,college_state,college_lat,college_lon,home_to_school_miles,distance_bucket,geography_precision,is_in_state_commit,days_to_early_signing_day,prior_commitments,prior_decommits,same_position_commits_at_school,higher_rated_same_position_commits,offers_before_commit,official_visits_before_commit,unofficial_visits_before_commit,post_commit_committed_school_visits,post_commit_other_school_offers,post_commit_other_school_visits,post_commit_other_school_official_visits,post_commit_other_team_events,why_flagged,profile_url
1,2027,46156736,Tyler Reid,RB,Pittsburgh,Hard Commit,no,yes,30,Weak / Attack,29.8,Weak / Attack,89.8%,10.2%,55.0%,55.0%,45.0%,0.8756,3-star,754,3/6/2025,"St. Thomas Aquinas (Miramar, FL)",FL,Miramar,25.972529,-80.338582,PA,40.439936,-79.975676,1000,far,city,no,650,0,0,0,0,1,0,0,1,3,0,0,0,very early commit; first commitment; only commit at position; far; other-school offers after commit,https://247sports.com/player/tyler-reid-46156736/high-school-332394/
2,2027,46156635,Jacob Thomas,WR,Pittsburgh,Hard Commit,no,yes,33,Weak / Attack,13,Weak / Attack,89.3%,10.7%,55.0%,55.0%,45.0%,0.8722,3-star,859,3/1/2025,"Flanagan (Hollywood, FL)",FL,Hollywood,26.030967,-80.164609,PA,40.439936,-79.975676,996,far,city,no,655,0,0,1,1,0,0,0,1,21,3,3,0,very early commit; first commitment; thin position group; far; other-school OV after commit,https://247sports.com/player/jacob-thomas-46156635/high-school-332006/
3,2027,46144117,Tank White,ATH,Syracuse,Hard Commit,no,yes,34,Weak / Attack,31.0,Weak / Attack,89.1%,10.9%,55.0%,55.0%,45.0%,0.8644,3-star,NA,6/7/2024,"Melbourne Central Catholic (Melbourne, FL)",FL,Melbourne,28.110438,-80.662717,NY,43.040998,-76.143554,1062,far,city,no,922,0,0,1,0,8,0,1,0,4,0,0,0,very early commit; first commitment; thin position group; far; other-school offers after commit,https://247sports.com/player/tank-white-46144117/high-school-302311/
4,2027,46157065,Travis Miles,S,Syracuse,Hard Commit,no,yes,40,Weak / Attack,40,Weak / Attack,84.1%,15.9%,55.0%,55.0%,45.0%,0.8767,3-star,732,3/26/2025,"Hillside (Hillside, NJ)",NJ,Hillside,,,NY,43.040998,-76.143554,220,nearby,state,no,630,0,0,1,1,1,0,0,0,0,0,0,0,very early commit; first commitment; thin position group,https://247sports.com/player/travis-miles-46157065/high-school-334203/
5,2027,46144180,Jamier Brown,WR,Ohio State,Hard Commit,no,yes,32,Weak / Attack,32,Weak / Attack,78.2%,21.8%,55.0%,55.0%,45.0%,0.9874,5-star,23,11/23/2024,"Big Walnut (Sunbury, OH)",OH,Sunbury,40.249405,-82.880199,OH,39.983938,-82.984882,19,nearby,city,yes,753,0,0,0,0,22,0,0,1,1,0,0,0,very early commit; first commitment; only commit at position; 5-star; other-school offers after commit,https://247sports.com/player/jamier-brown-46144180/high-school-302393/
6,2027,46141772,Tayven Collins,S,New Mexico,Hard Commit,no,no,48,Weak / Attack,48,Weak / Attack,77.7%,22.3%,55.0%,55.0%,45.0%,0.8550,3-star,NA,1/4/2026,"Cascade Christian (Puyallup, WA)",WA,Puyallup,47.179046,-122.291523,NM,34.4,-106.1,1219,far,city_to_state,no,346,0,0,0,0,0,0,0,0,0,0,0,0,early commit; first commitment; only commit at position; far,https://247sports.com/player/tayven-collins-46141772/high-school-296901/
7,2027,46140325,Brady Edmunds,QB,Ohio State,Hard Commit,no,yes,22,Weak / Attack,21.8,Weak / Attack,77.1%,22.9%,55.0%,55.0%,45.0%,0.9206,4-star,219,12/2/2024,"Huntington Beach (Huntington Beach, CA)",CA,Huntington Beach,33.698007,-118.003834,OH,39.983938,-82.984882,1971,cross_country,city,no,744,0,0,0,0,14,0,4,1,3,0,0,0,very early commit; first commitment; only commit at position; cross country; 4-star,https://247sports.com/player/brady-edmunds-46140325/high-school-293940/
8,2027,46146328,Angelo Smith,S,Ohio State,Hard Commit,no,yes,35,Weak / Attack,25.0,Weak / Attack,75.9%,24.1%,55.0%,55.0%,45.0%,0.8711,3-star,871,9/21/2025,"Chaminade-Madonna (Hollywood, FL)",FL,Hollywood,26.030967,-80.164609,OH,39.983938,-82.984882,978,far,city,no,451,0,0,1,1,4,0,0,1,8,1,1,0,very early commit; first commitment; thin position group; far; other-school OV after commit,https://247sports.com/player/angelo-smith-46146328/high-school-307284/
9,2027,46154726,Jemari Foreman,S,Florida State,Hard Commit,no,yes,38,Weak / Attack,18,Weak / Attack,70.9%,29.1%,55.0%,55.0%,45.0%,0.8800,3-star,629,9/6/2025,"Cypress Bay (Fort Lauderdale, FL)",FL,Fort Lauderdale,26.141227,-80.146731,FL,30.453529,-84.252272,389,regional,city,yes,466,0,0,1,1,1,0,0,2,13,4,2,0,very early commit; first commitment; thin position group; other-school OV after commit; other-school offers after commit,https://247sports.com/player/jemari-foreman-46154726/high-school-327859/
10,2027,46160979,Levi Babin,ATH,Maryland,Hard Commit,no,yes,31,Weak / Attack,31,Weak / Attack,70.8%,29.2%,55.0%,55.0%,45.0%,0.8600,3-star,NA,10/22/2025,"Episcopal (Alexandria, VA)",VA,Alexandria,38.819251,-77.08367,MD,38.996276,-76.935594,15,nearby,city,no,420,0,0,0,0,0,0,2,1,1,0,0,0,very early commit; first commitment; only commit at position; other-school offers after commit,https://247sports.com/player/levi-babin-46160979/high-school-343580/
11,2027,46144902,Koby Shabazz,WR,Sacramento State,Hard Commit,no,no,35,Weak / Attack,35,Weak / Attack,70.4%,29.6%,55.0%,55.0%,45.0%,0.8300,3-star,NA,6/1/2025,"Grant Union (Sacramento, CA)",CA,Sacramento,38.567694,-121.468161,CA,36.8,-119.4,166,nearby,city_to_state,yes,563,0,0,0,0,2,0,0,0,0,0,0,0,very early commit; first commitment; only commit at position,https://247sports.com/player/koby-shabazz-46144902/high-school-303923/
12,2027,46160328,Gene Jones,DL,Virginia,Hard Commit,no,yes,33,Weak / Attack,33,Weak / Attack,70.1%,29.9%,55.0%,55.0%,45.0%,0.8578,3-star,NA,10/18/2025,"Hampton (Hampton, VA)",VA,Hampton,37.047961,-76.297293,VA,38.037658,-78.485381,138,nearby,city,yes,424,0,0,0,0,0,0,0,0,0,0,0,0,very early commit; first commitment; only commit at position,https://247sports.com/player/gene-jones-46160328/high-school-340392/
13,2027,46154687,Richie Flanigan,DL,Notre Dame,Hard Commit,no,yes,37,Weak / Attack,37,Weak / Attack,69.9%,30.1%,55.0%,55.0%,45.0%,0.8933,4-star,408,9/25/2025,"Notre Dame Academy (Green Bay, WI)",WI,Green Bay,44.521542,-87.986568,IN,41.700283,-86.238679,214,nearby,city,no,447,0,0,1,1,7,0,0,0,0,0,0,0,very early commit; first commitment; thin position group; 4-star,https://247sports.com/player/richie-flanigan-46154687/high-school-327687/
14,2027,46155383,Titus Osterman,ATH,Washington,Hard Commit,no,yes,53,Vulnerable,53,Vulnerable,69.9%,30.1%,33.4%,33.4%,66.6%,0.8550,3-star,NA,1/31/2026,"Kimberly (Kimberly, ID)",ID,Kimberly,42.534894,-114.370689,WA,47.619335,-122.351538,524,regional,city,no,319,0,0,0,0,3,0,0,1,0,0,0,0,early commit; first commitment; only commit at position,https://247sports.com/player/titus-osterman-46155383/high-school-329040/
15,2027,46154729,Demarcus Deroche,ATH,Miami,Hard Commit,no,yes,32,Weak / Attack,15.5,Weak / Attack,69.7%,30.3%,55.0%,55.0%,45.0%,0.9021,4-star,334,8/19/2025,"Cardinal Gibbons (Fort Lauderdale, FL)",FL,Fort Lauderdale,26.141227,-80.146731,FL,25.683061,-80.261659,32,nearby,city,yes,484,0,0,0,0,8,0,0,0,10,2,1,0,very early commit; first commitment; only commit at position; 4-star; other-school OV after commit,https://247sports.com/player/demarcus-deroche-46154729/high-school-327862/
16,2027,46158823,Javon Rogers,DL,Fresno State,Hard Commit,no,no,48,Weak / Attack,48,Weak / Attack,68.6%,31.4%,55.0%,55.0%,45.0%,0.8500,3-star,NA,6/8/2026,"Plano East (Plano, TX)",TX,Plano,33.050769,-96.747944,CA,36.8,-119.4,1306,far,city_to_state,no,191,0,0,0,0,0,0,0,0,0,0,0,0,early commit; first commitment; only commit at position; far,https://247sports.com/player/javon-rogers-46158823/high-school-337953/
17,2027,46143706,Jaylyn Jones,S,Miami,Hard Commit,no,yes,34,Weak / Attack,24.0,Weak / Attack,68.4%,31.6%,55.0%,55.0%,45.0%,0.9029,4-star,327,6/23/2025,"McArthur (Hollywood, FL)",FL,Hollywood,26.030967,-80.164609,FL,25.683061,-80.261659,25,nearby,city,yes,541,0,0,1,1,4,0,1,1,16,0,0,0,very early commit; first commitment; thin position group; 4-star; other-school offers after commit,https://247sports.com/player/jaylyn-jones-46143706/high-school-338906/
18,2027,46164572,Tiki Teeples,DL,Utah,Hard Commit,no,yes,51,Vulnerable,51,Vulnerable,68.0%,32.0%,33.4%,33.4%,66.6%,0.8650,3-star,NA,4/22/2026,"Canyon View (Waddell, AZ)",AZ,Waddell,,,UT,40.776928,-111.930991,448,regional,state,no,238,0,0,0,0,0,0,0,0,0,0,0,0,early commit; first commitment; only commit at position,https://247sports.com/player/tiki-teeples-46164572/high-school-351483/
19,2027,46154568,Chuck Alexander,WR,Louisville,Hard Commit,no,yes,34,Weak / Attack,25.5,Weak / Attack,67.9%,32.1%,55.0%,55.0%,45.0%,0.8953,4-star,385,11/29/2025,"Withrow (Cincinnati, OH)",OH,Cincinnati,39.140183,-84.505829,KY,38.224728,-85.740614,92,nearby,city,no,382,0,0,1,1,0,0,0,1,6,1,1,0,very early commit; first commitment; thin position group; 4-star; other-school OV after commit,https://247sports.com/player/chuck-alexander-46154568/high-school-327414/
20,2027,46156088,Kadin Fife,DL,Tennessee,Hard Commit,no,yes,30,Weak / Attack,10,Weak / Attack,67.1%,32.9%,55.0%,55.0%,45.0%,0.8995,4-star,355,11/21/2025,"Cherokee County (Centre, AL)",AL,Centre,34.153059,-85.671683,TN,35.97068,-83.94927,159,nearby,city,no,390,0,0,0,0,8,0,1,0,13,2,2,0,very early commit; first commitment; only commit at position; 4-star; other-school OV after commit,https://247sports.com/player/kadin-fife-46156088/high-school-330462/
21,2027,46152705,Elijajuan Houston,S,Arizona State,Hard Commit,no,yes,48,Weak / Attack,48,Weak / Attack,66.5%,33.5%,55.0%,55.0%,45.0%,0.8811,3-star,612,5/29/2026,"North Crowley (Fort Worth, TX)",TX,Fort Worth,32.781954,-97.348573,AZ,33.388414,-111.931782,845,far,city,no,201,0,0,0,0,0,0,0,0,0,0,0,0,early commit; first commitment; only commit at position; far,https://247sports.com/player/elijajuan-houston-46152705/high-school-322510/
22,2027,46150124,Raylaun Henry,CB,Texas A&M,Hard Commit,no,yes,25,Weak / Attack,25,Weak / Attack,66.1%,33.9%,55.0%,55.0%,45.0%,0.9845,5-star,29,11/15/2025,"St. Frances Academy (Baltimore, MD)",MD,Baltimore,39.300032,-76.610476,TX,30.58516,-96.29636,1263,far,city,no,396,0,0,0,0,19,0,2,2,0,0,0,0,very early commit; first commitment; only commit at position; far; 5-star,https://247sports.com/player/raylaun-henry-46150124/high-school-315406/
23,2027,46166976,Eron Mallard,ATH,Purdue,Hard Commit,no,yes,51,Vulnerable,51,Vulnerable,65.8%,34.2%,33.4%,33.4%,66.6%,0.8700,3-star,888,6/8/2026,"Benedictine Military School (Savannah, GA)",GA,Savannah,32.018043,-81.196492,IN,40.443707,-86.923616,664,regional,city,no,191,0,0,0,0,0,0,0,0,0,0,0,0,early commit; first commitment; only commit at position,https://247sports.com/player/eron-mallard-46166976/high-school-359781/
24,2027,46162614,Elijah Butler,S,Virginia Tech,Hard Commit,no,yes,47,Weak / Attack,47,Weak / Attack,65.7%,34.3%,55.0%,55.0%,45.0%,0.8900,4-star,451,5/8/2026,"St. Frances Academy (Baltimore, MD)",MD,Baltimore,39.300032,-76.610476,VA,37.231264,-80.426745,252,regional,city,no,222,0,0,0,0,0,0,0,0,0,0,0,0,early commit; first commitment; only commit at position; 4-star,https://247sports.com/player/elijah-butler-46162614/high-school-346847/
25,2027,46154318,Jaylen Scott,S,Oklahoma,Hard Commit,no,yes,52,Vulnerable,34.0,Weak / Attack,65.1%,34.9%,33.4%,55.0%,45.0%,0.9111,4-star,276,3/7/2026,"Williamson (Mobile, AL)",AL,Mobile,30.668246,-88.107853,OK,35.240569,-97.345299,621,regional,city,no,284,0,1,0,0,5,0,1,0,16,1,1,0,early commit; first commitment; prior decommit; only commit at position; 4-star,https://247sports.com/player/jaylen-scott-46154318/high-school-326554/
26,2027,46159353,Harrison Luke,S,Clemson,Hard Commit,no,yes,41,Weak / Attack,41,Weak / Attack,64.8%,35.2%,55.0%,55.0%,45.0%,0.8833,3-star,570,9/2/2025,"North Oconee (Bogart, GA)",GA,Bogart,33.947625,-83.533749,SC,34.683564,-82.810575,65,nearby,city,no,470,0,0,1,1,7,0,0,1,2,0,0,0,very early commit; first commitment; thin position group; other-school offers after commit,https://247sports.com/player/harrison-luke-46159353/high-school-338812/
27,2027,46157693,King Kalama,DL,Duke,Hard Commit,no,yes,55,Vulnerable,51.5,Vulnerable,64.7%,35.3%,33.4%,33.4%,66.6%,0.8850,3-star,515,12/16/2025,"Reagan (Pfafftown, NC)",NC,Pfafftown,,,NC,35.977928,-78.898109,38,nearby,state,yes,365,0,0,0,0,2,0,0,2,10,0,0,0,early commit; first commitment; only commit at position; other-school offers after commit,https://247sports.com/player/king-kalama-46157693/high-school-335952/
28,2027,46142279,Rufai Azeez,ATH,Nevada,Hard Commit,no,no,53,Vulnerable,46.2,Weak / Attack,64.6%,35.4%,33.4%,55.0%,45.0%,0.8400,3-star,NA,3/13/2026,"Tustin (Tustin, CA)",CA,Tustin,33.73092,-117.810599,NV,39.3,-116.6,391,regional,city_to_state,no,278,0,0,0,0,2,0,0,0,1,1,1,0,early commit; first commitment; only commit at position; other-school OV after commit; other-school offers after commit,https://247sports.com/player/rufai-azeez-46142279/high-school-297941/
29,2027,46146814,Saniiyn Black,S,Pittsburgh,Hard Commit,no,yes,48,Weak / Attack,48,Weak / Attack,64.4%,35.6%,55.0%,55.0%,45.0%,0.8550,3-star,NA,5/13/2026,"Zephyrhills (Zephyrhills, FL)",FL,Zephyrhills,28.240721,-82.179024,PA,40.439936,-79.975676,852,far,city,no,217,0,0,0,0,0,0,0,0,0,0,0,0,early commit; first commitment; only commit at position; far,https://247sports.com/player/saniiyn-black-46146814/high-school-308174/
30,2027,46146210,Jeau-Pierre Furtado,DL,Bowling Green,Hard Commit,no,no,53,Vulnerable,53,Vulnerable,64.3%,35.7%,33.4%,33.4%,66.6%,0.8550,3-star,NA,6/21/2026,"The First Academy (Lake Minneola, FL)",FL,Lake Minneola,,,OH,40.4,-82.8,816,far,state,no,178,0,0,0,0,0,0,0,0,0,0,0,0,first commitment; only commit at position; far,https://247sports.com/player/jeau-pierre-furtado-46146210/high-school-306818/
31,2027,46158640,Steele Harris,ATH,Wisconsin,Hard Commit,no,yes,53,Vulnerable,53,Vulnerable,64.0%,36.0%,33.4%,33.4%,66.6%,0.8750,3-star,765,6/7/2026,"Great Falls (Great Falls, MT)",MT,Great Falls,47.502518,-111.29997,WI,43.087815,-89.429856,1102,far,city,no,192,0,0,1,1,0,0,0,0,0,0,0,0,early commit; first commitment; thin position group; far,https://247sports.com/player/steele-harris-46158640/high-school-337722/
32,2027,46166847,Edan Richardson,DL,Syracuse,Hard Commit,no,yes,53,Vulnerable,53,Vulnerable,63.9%,36.1%,33.4%,33.4%,66.6%,0.8650,3-star,NA,6/4/2026,"Archbishop McCarthy (Fort Lauderdale, FL)",FL,Fort Lauderdale,26.141227,-80.146731,NY,43.040998,-76.143554,1189,far,city,no,195,0,0,1,1,0,0,0,0,0,0,0,0,early commit; first commitment; thin position group; far,https://247sports.com/player/edan-richardson-46166847/high-school-359635/
33,2027,46149944,Matamatagi Uiagalelei,DL,Washington,Hard Commit,no,yes,60,Vulnerable,60,Vulnerable,63.7%,36.3%,33.4%,33.4%,66.6%,0.8633,3-star,NA,2/22/2026,"Mater Dei (Santa Ana, CA)",CA,Santa Ana,33.736332,-117.8829,WA,47.619335,-122.351538,987,far,city,no,297,0,0,2,2,1,0,0,1,0,0,0,0,early commit; first commitment; far,https://247sports.com/player/matamatagi-uiagalelei-46149944/high-school-315146/
34,2027,46164759,Joey Massey,ATH,Iowa State,Hard Commit,no,yes,51,Vulnerable,51,Vulnerable,62.8%,37.2%,33.4%,33.4%,66.6%,0.8650,3-star,NA,6/5/2026,"Notre Dame Academy (Green Bay, WI)",WI,Green Bay,44.521542,-87.986568,IA,42.026327,-93.621264,332,regional,city,no,194,0,0,0,0,0,0,0,0,0,0,0,0,early commit; first commitment; only commit at position,https://247sports.com/player/joey-massey-46164759/high-school-351863/
35,2027,46161357,Zach Forbish,WR,Michigan State,Hard Commit,no,yes,48,Weak / Attack,48,Weak / Attack,62.7%,37.3%,55.0%,55.0%,45.0%,0.8700,3-star,888,6/7/2026,"Frisco Lone Star (Frisco, TX)",TX,Frisco,33.155427,-96.822596,MI,42.748913,-84.482442,942,far,city,no,192,0,0,0,0,0,0,0,0,0,0,0,0,early commit; first commitment; only commit at position; far,https://247sports.com/player/zach-forbish-46161357/high-school-344571/
36,2027,46146402,Kayden Edwards,ATH,Boston College,Hard Commit,no,yes,51,Vulnerable,51,Vulnerable,62.6%,37.4%,33.4%,33.4%,66.6%,0.8550,3-star,NA,6/17/2026,"Ironton (Ironton, OH)",OH,Ironton,38.532596,-82.67809,MA,42.2,-71.8,626,regional,city,no,182,0,0,0,0,0,0,0,0,0,0,0,0,early commit; first commitment; only commit at position,https://247sports.com/player/kayden-edwards-46146402/high-school-307413/
37,2027,46143324,Connor Winn,TE,Florida State,Hard Commit,no,yes,33,Weak / Attack,33,Weak / Attack,62.2%,37.8%,55.0%,55.0%,45.0%,0.8450,3-star,NA,7/1/2025,"University Christian (Jacksonville, FL)",FL,Jacksonville,30.336864,-81.661603,FL,30.453529,-84.252272,155,nearby,city,yes,533,0,0,0,0,0,0,0,0,0,0,0,0,very early commit; first commitment; only commit at position,https://247sports.com/player/connor-winn-46143324/high-school-361337/
38,2027,46149257,Sione Felila,DL,Oklahoma,Hard Commit,no,yes,58,Vulnerable,58,Vulnerable,61.9%,38.1%,33.4%,33.4%,66.6%,0.8750,3-star,765,4/27/2026,"Oak Hills (Hesperia, CA)",CA,Hesperia,34.397038,-117.315198,OK,35.240569,-97.345299,1132,far,city,no,233,0,0,2,2,0,0,0,0,0,0,0,0,early commit; first commitment; far,https://247sports.com/player/sione-felila-46149257/high-school-314079/
39,2027,46164717,Bryson Brown,LB,Baylor,Hard Commit,no,yes,51,Vulnerable,51,Vulnerable,61.8%,38.2%,33.4%,33.4%,66.6%,0.8650,3-star,NA,1/31/2026,"Stillwater (Stillwater, OK)",OK,Stillwater,36.131496,-97.074464,TX,31.557994,-97.18975,316,regional,city,no,319,0,0,0,0,0,0,0,0,0,0,0,0,early commit; first commitment; only commit at position,https://247sports.com/player/bryson-brown-46164717/high-school-351809/
40,2027,46167306,Magic Haynes,DL,Arizona State,Hard Commit,no,yes,51,Vulnerable,51,Vulnerable,61.6%,38.4%,33.4%,33.4%,66.6%,0.8600,3-star,NA,6/15/2026,"Compton Centennial (Compton, CA)",CA,Compton,33.894047,-118.227469,AZ,33.388414,-111.931782,364,regional,city,no,184,0,0,0,0,0,0,0,0,0,0,0,0,early commit; first commitment; only commit at position,https://247sports.com/player/magic-haynes-46167306/high-school-360244/
41,2027,46146165,Kingston Parks,WR,Boise State,Hard Commit,no,no,48,Weak / Attack,48,Weak / Attack,61.5%,38.5%,55.0%,55.0%,45.0%,0.8450,3-star,NA,6/6/2026,"Aledo (Aledo, TX)",TX,Aledo,32.698254,-97.608384,ID,44.2,-114.6,1211,far,city,no,193,0,0,0,0,0,0,0,0,0,0,0,0,early commit; first commitment; only commit at position; far,https://247sports.com/player/kingston-parks-46146165/high-school-306718/
42,2027,46163630,Marcus Watson,ATH,Houston,Hard Commit,no,yes,53,Vulnerable,49.0,Weak / Attack,61.2%,38.8%,33.4%,55.0%,45.0%,0.8700,3-star,888,4/3/2026,"Baton Rouge Central (Baton Rouge, LA)",LA,Baton Rouge,30.440443,-91.133166,TX,29.785743,-95.388806,258,regional,city,no,257,0,0,0,0,5,0,0,1,0,1,1,0,early commit; first commitment; only commit at position; other-school OV after commit,https://247sports.com/player/marcus-watson-46163630/high-school-349101/
43,2027,46164607,Raiden Cook,DL,Houston,Hard Commit,no,yes,52,Vulnerable,42.0,Weak / Attack,61.1%,38.9%,33.4%,55.0%,45.0%,0.9389,4-star,144,2/3/2026,"Barbers Hill (Mont Belvieu, TX)",TX,Mont Belvieu,29.849964,-94.874713,TX,29.785743,-95.388806,31,nearby,city,yes,316,0,0,0,0,7,0,0,1,8,1,1,0,early commit; first commitment; only commit at position; 4-star; other-school OV after commit,https://247sports.com/player/raiden-cook-46164607/high-school-351553/
44,2027,46166263,Tavares Stinson,CB,Tulane,Hard Commit,no,no,51,Vulnerable,51,Vulnerable,61.1%,38.9%,33.4%,33.4%,66.6%,0.8650,3-star,NA,4/12/2026,"Spalding (Griffin, GA)",GA,Griffin,33.243188,-84.271861,LA,30.05342,-89.934502,399,regional,city,no,248,0,0,0,0,0,0,0,0,0,0,0,0,early commit; first commitment; only commit at position,https://247sports.com/player/tavares-stinson-46166263/high-school-358538/
45,2027,46164414,Asofa Lauifi,IOL,Hawaii,Hard Commit,no,no,45,Weak / Attack,45,Weak / Attack,61.0%,39.0%,55.0%,55.0%,45.0%,0.8500,3-star,NA,5/14/2026,"Cathedral Catholic (San Diego, CA)",CA,San Diego,32.814977,-117.135562,HI,20.8,-156.3,2537,cross_country,city_to_state,no,216,0,0,0,0,0,0,0,0,0,0,0,0,early commit; first commitment; only commit at position; cross country,https://247sports.com/player/asofa-lauifi-46164414/high-school-351238/
46,2027,46158390,Demetrius Terrell,DL,Tulane,Hard Commit,no,no,51,Vulnerable,51,Vulnerable,61.0%,39.0%,33.4%,33.4%,66.6%,0.8600,3-star,NA,6/16/2026,"Parker (Birmingham, AL)",AL,Birmingham,33.527174,-86.797036,LA,30.05342,-89.934502,303,regional,city,no,183,0,0,0,0,0,0,0,0,0,0,0,0,early commit; first commitment; only commit at position,https://247sports.com/player/demetrius-terrell-46158390/high-school-337410/
47,2027,46149821,Elijah Patmon,DL,Texas A&M,Hard Commit,no,yes,33,Weak / Attack,33,Weak / Attack,60.9%,39.1%,55.0%,55.0%,45.0%,0.9296,4-star,180,10/11/2025,"Northside (Warner Robins, GA)",GA,Warner Robins,32.597096,-83.653936,TX,30.58516,-96.29636,756,far,city,no,431,0,0,1,1,17,0,2,1,1,0,0,0,very early commit; first commitment; thin position group; far; 4-star,https://247sports.com/player/elijah-patmon-46149821/high-school-314986/
48,2027,46164962,Kane Morris,ATH,Western Michigan,Hard Commit,no,no,53,Vulnerable,53,Vulnerable,60.9%,39.1%,33.4%,33.4%,66.6%,0.8650,3-star,NA,2/3/2026,"Portage Northern (Portage, MI)",MI,Portage,42.19705,-85.591395,MI,44.3,-85.6,145,nearby,city_to_state,yes,316,0,0,0,0,0,0,0,0,0,0,0,0,early commit; first commitment; only commit at position,https://247sports.com/player/kane-morris-46164962/high-school-352539/
49,2027,46144157,Deshawn Laporte,QB,Delaware State,Hard Commit,no,no,28,Weak / Attack,17.5,Weak / Attack,60.8%,39.2%,55.0%,55.0%,45.0%,0.8300,3-star,NA,11/4/2025,"Burbank (Burbank, CA)",CA,Burbank,34.190079,-118.326405,DE,39.0,-75.5,2377,cross_country,city_to_state,no,407,0,0,0,0,6,0,0,0,14,0,0,0,very early commit; first commitment; only commit at position; cross country; other-school offers after commit,https://247sports.com/player/deshawn-laporte-46144157/high-school-302368/
50,2027,46158848,Trevor Jacobs,WR,South Alabama,Hard Commit,no,no,35,Weak / Attack,32.0,Weak / Attack,60.3%,39.7%,55.0%,55.0%,45.0%,0.8300,3-star,NA,12/3/2025,"Tallahassee Lincoln (Tallahassee, FL)",FL,Tallahassee,30.453529,-84.252272,AL,32.8,-86.8,221,nearby,city_to_state,no,378,0,0,0,0,3,0,0,0,4,0,0,0,very early commit; first commitment; only commit at position; other-school offers after commit,https://247sports.com/player/trevor-jacobs-46158848/high-school-337993/
51,2027,46161368,Gunnar Perry,LB,California,Hard Commit,no,yes,53,Vulnerable,53,Vulnerable,60.3%,39.7%,33.4%,33.4%,66.6%,0.8500,3-star,NA,2/6/2026,"Cactus Shadows (Scottsdale, AZ)",AZ,Scottsdale,33.684272,-111.861448,CA,37.865673,-122.298725,652,regional,city,no,313,0,0,0,0,1,0,0,0,0,0,0,0,early commit; first commitment; only commit at position,https://247sports.com/player/gunnar-perry-46161368/high-school-354710/
52,2027,46165769,Cameron Horne,DL,Appalachian State,Hard Commit,no,no,54,Vulnerable,54,Vulnerable,59.3%,40.7%,33.4%,33.4%,66.6%,0.8550,3-star,NA,3/21/2026,"Newton (Covington, GA)",GA,Covington,33.605439,-83.846634,NC,35.6,-79.4,288,regional,city_to_state,no,270,0,0,0,0,6,0,0,0,0,0,0,0,early commit; first commitment; only commit at position,https://247sports.com/player/cameron-horne-46165769/high-school-356792/
53,2027,46164044,Gunnar Larsen,WR,Army,Hard Commit,no,no,50,Vulnerable,50,Vulnerable,59.1%,40.9%,33.4%,33.4%,66.6%,0.8650,3-star,NA,6/22/2026,"Billings Central Catholic (Billings, MT)",MT,Billings,45.788538,-108.552475,NY,42.9,-75.0,1658,cross_country,city_to_state,no,177,0,0,0,0,0,0,0,0,0,0,0,0,first commitment; only commit at position; cross country,https://247sports.com/player/gunnar-larsen-46164044/high-school-350405/
54,2027,46167522,Landon Johnson,S,TCU,Hard Commit,no,yes,51,Vulnerable,51,Vulnerable,58.9%,41.1%,33.4%,33.4%,66.6%,0.8600,3-star,NA,6/5/2026,"Madison Prep Academy (Baton Rouge, LA)",LA,Baton Rouge,30.440443,-91.133166,TX,32.781954,-97.348573,400,regional,city,no,194,0,0,0,0,0,0,0,0,0,0,0,0,early commit; first commitment; only commit at position,https://247sports.com/player/landon-johnson-46167522/high-school-360572/
55,2027,46164392,Kingston Williams,DL,UNLV,Hard Commit,no,no,58,Vulnerable,58,Vulnerable,58.7%,41.3%,33.4%,33.4%,66.6%,0.8550,3-star,NA,3/11/2026,"Chaminade (West Hills, CA)",CA,West Hills,,,NV,39.3,-116.6,230,nearby,state,no,280,0,0,1,1,0,0,0,0,0,0,0,0,early commit; first commitment; thin position group,https://247sports.com/player/kingston-williams-46164392/high-school-351181/
56,2027,46145091,Jonathan Barnes,CB,UCF,Hard Commit,no,yes,48,Weak / Attack,48,Weak / Attack,57.8%,42.2%,55.0%,55.0%,45.0%,0.8500,3-star,NA,6/14/2026,"Duncanville (Duncanville, TX)",TX,Duncanville,32.64595,-96.91387,FL,28.40865,-81.254805,976,far,city,no,185,0,0,0,0,0,0,0,0,0,0,0,0,early commit; first commitment; only commit at position; far,https://247sports.com/player/jonathan-barnes-46145091/high-school-304232/
57,2027,46163095,Braxton Huynh,WR,San Diego State,Hard Commit,no,no,56,Vulnerable,56,Vulnerable,57.8%,42.2%,33.4%,33.4%,66.6%,0.8300,3-star,NA,2/5/2026,"Liberty (Peoria, AZ)",AZ,Peoria,33.786186,-112.308042,CA,36.8,-119.4,451,regional,city_to_state,no,314,0,0,1,1,0,0,0,0,0,0,0,0,early commit; first commitment; thin position group,https://247sports.com/player/braxton-huynh-46163095/high-school-347808/
58,2027,46156295,Kataferu Galoia,DL,Oregon State,Hard Commit,no,no,53,Vulnerable,53,Vulnerable,57.6%,42.4%,33.4%,33.4%,66.6%,0.8600,3-star,NA,6/6/2026,"Timberline (Lacey, WA)",WA,Lacey,47.043087,-122.798232,OR,44.0,-120.5,238,nearby,city_to_state,no,193,0,0,0,0,0,0,0,0,0,0,0,0,early commit; first commitment; only commit at position,https://247sports.com/player/kataferu-galoia-46156295/high-school-331117/
59,2027,46164312,Ethan Howey,DL,North Dakota,Hard Commit,no,no,53,Vulnerable,53,Vulnerable,57.6%,42.4%,33.4%,33.4%,66.6%,0.8500,3-star,NA,2/11/2026,"Minot (Minot, ND)",ND,Minot,48.236125,-101.277533,ND,47.5,-100.5,62,nearby,city_to_state,yes,308,0,0,0,0,0,0,0,0,0,0,0,0,early commit; first commitment; only commit at position,https://247sports.com/player/ethan-howey-46164312/high-school-350982/
60,2027,46147250,Xavier Muhammad,DL,Michigan,Hard Commit,no,yes,54,Vulnerable,34,Weak / Attack,57.5%,42.5%,33.4%,55.0%,45.0%,0.9563,4-star,95,5/14/2026,"South Houston (South Houston, TX)",TX,South Houston,29.661024,-95.228361,MI,42.276147,-83.73086,1081,far,city,no,216,0,0,0,0,16,2,1,1,0,4,4,0,early commit; first commitment; only commit at position; far; 4-star,https://247sports.com/player/xavier-muhammad-46147250/high-school-308861/
61,2027,46166948,Cordaro Parham,CB,Michigan State,Hard Commit,no,yes,51,Vulnerable,51,Vulnerable,57.4%,42.6%,33.4%,33.4%,66.6%,0.8650,3-star,NA,6/5/2026,"Jefferson (Jefferson, GA)",GA,Jefferson,34.136239,-83.602157,MI,42.748913,-84.482442,597,regional,city,no,194,0,0,0,0,0,0,0,0,0,0,0,0,early commit; first commitment; only commit at position,https://247sports.com/player/cordaro-parham-46166948/high-school-359744/
62,2027,46148482,Amari Oquendo,S,FIU,Hard Commit,no,no,34,Weak / Attack,30.2,Weak / Attack,57.3%,42.7%,55.0%,55.0%,45.0%,0.8600,3-star,NA,9/17/2025,"Eau Gallie (Melbourne, FL)",FL,Melbourne,28.110438,-80.662717,FL,28.6,-82.4,111,nearby,city_to_state,yes,455,0,0,0,0,6,0,1,0,5,0,0,0,very early commit; first commitment; only commit at position; other-school offers after commit,https://247sports.com/player/amari-oquendo-46148482/high-school-312000/
63,2027,46163393,Keshawn Barkus,RB,Nevada,Hard Commit,no,no,51,Vulnerable,51,Vulnerable,57.3%,42.7%,33.4%,33.4%,66.6%,0.8350,3-star,NA,3/18/2026,"Westwood (Mesa, AZ)",AZ,Mesa,33.400626,-111.716487,NV,39.3,-116.6,490,regional,city_to_state,no,273,0,0,0,0,0,0,0,0,0,0,0,0,early commit; first commitment; only commit at position,https://247sports.com/player/keshawn-barkus-46163393/high-school-348434/
64,2027,46166027,Zeke Walkup,DL,Maryland,Hard Commit,no,yes,61,Vulnerable,61,Vulnerable,57.3%,42.7%,33.4%,33.4%,66.6%,0.8700,3-star,888,6/21/2026,"Cannon County (Woodbury, TN)",TN,Woodbury,35.82473,-86.072434,MD,38.996276,-76.935594,547,regional,city,no,178,0,0,1,1,0,0,0,0,0,0,0,0,first commitment; thin position group,https://247sports.com/player/zeke-walkup-46166027/high-school-357737/
65,2027,46147767,Christian Freeman,RB,NC State,Hard Commit,no,yes,38,Weak / Attack,38,Weak / Attack,57.1%,42.9%,55.0%,55.0%,45.0%,0.8650,3-star,NA,7/4/2025,"Southeast Raleigh (Raleigh, NC)",NC,Raleigh,35.831868,-78.641042,NC,35.831868,-78.641042,0,in_state,city,yes,530,0,0,0,0,8,0,0,1,2,0,0,0,very early commit; first commitment; only commit at position; other-school offers after commit,https://247sports.com/player/christian-freeman-46147767/high-school-309937/
66,2027,46146222,Jayce Johnson,QB,Texas A&M,Hard Commit,no,yes,25,Weak / Attack,25,Weak / Attack,56.8%,43.2%,55.0%,55.0%,45.0%,0.9245,4-star,199,8/3/2025,"Lowndes (Valdosta, GA)",GA,Valdosta,30.850126,-83.278833,TX,30.58516,-96.29636,773,far,city,no,500,0,0,0,0,10,0,5,5,0,2,0,0,very early commit; first commitment; only commit at position; far; 4-star,https://247sports.com/player/jayce-johnson-46146222/high-school-306845/
67,2027,46143876,Gunner Rivers,QB,NC State,Hard Commit,no,yes,47,Weak / Attack,47,Weak / Attack,56.8%,43.2%,55.0%,55.0%,45.0%,0.9411,4-star,136,2/23/2026,"St. Michael Catholic (Fairhope, AL)",AL,Fairhope,30.52092,-87.879122,NC,35.831868,-78.641042,648,regional,city,no,296,0,0,0,0,2,0,3,1,0,0,0,0,early commit; first commitment; only commit at position; 4-star,https://247sports.com/player/gunner-rivers-46143876/high-school-301976/
68,2027,46167331,Josiah Barnes,S,Georgia State,Hard Commit,no,no,51,Vulnerable,51,Vulnerable,56.7%,43.3%,33.4%,33.4%,66.6%,0.8500,3-star,NA,6/9/2026,"Oak Grove (Hattiesburg, MS)",MS,Hattiesburg,31.307305,-89.317434,GA,32.7,-83.3,365,regional,city_to_state,no,190,0,0,0,0,0,0,0,0,0,0,0,0,early commit; first commitment; only commit at position,https://247sports.com/player/josiah-barnes-46167331/high-school-360289/
69,2027,46157846,Linkin Apana,LB,TCU,Hard Commit,no,yes,53,Vulnerable,53,Vulnerable,56.7%,43.3%,33.4%,33.4%,66.6%,0.8650,3-star,NA,6/19/2026,"Kamehameha Kapalama (Honolulu, HI)",HI,Honolulu,,,TX,32.781954,-97.348573,3683,cross_country,state,no,180,0,0,0,0,8,0,0,0,0,0,0,0,first commitment; only commit at position; cross country,https://247sports.com/player/linkin-apana-46157846/high-school-336262/
70,2027,46159589,Alonzo Green,S,Oregon State,Hard Commit,no,no,53,Vulnerable,53,Vulnerable,56.4%,43.6%,33.4%,33.4%,66.6%,0.8550,3-star,NA,4/28/2026,"Oak Hills (Hesperia, CA)",CA,Hesperia,34.397038,-117.315198,OR,44.0,-120.5,685,regional,city_to_state,no,232,0,0,0,0,5,0,0,1,1,0,0,0,early commit; first commitment; only commit at position; other-school offers after commit,https://247sports.com/player/alonzo-green-46159589/high-school-339127/
71,2027,46164408,Steven Alexis,RB,Illinois,Hard Commit,no,yes,48,Weak / Attack,48,Weak / Attack,56.3%,43.7%,55.0%,55.0%,45.0%,0.8633,3-star,NA,6/16/2026,"Gibbs (St. Petersburg, FL)",FL,St. Petersburg,27.762727,-82.644131,IL,40.114099,-88.274619,912,far,city,no,183,0,0,0,0,0,0,0,0,0,0,0,0,early commit; first commitment; only commit at position; far,https://247sports.com/player/steven-alexis-46164408/high-school-351226/
72,2027,46159769,Malahn Green,WR,Oklahoma,Hard Commit,no,yes,51,Vulnerable,51,Vulnerable,56.3%,43.7%,33.4%,33.4%,66.6%,0.8600,3-star,NA,6/14/2026,"Cardinal Ritter College Prep (St. Louis, MO)",MO,St. Louis,38.635699,-90.244582,OK,35.240569,-97.345299,457,regional,city,no,185,0,0,0,0,0,0,0,0,0,0,0,0,early commit; first commitment; only commit at position,https://247sports.com/player/malahn-green-46159769/high-school-339386/
73,2027,46162805,Hassan Smith,CB,Boise State,Hard Commit,no,no,51,Vulnerable,51,Vulnerable,56.2%,43.8%,33.4%,33.4%,66.6%,0.8500,3-star,NA,6/7/2026,"Desert Mountain (Scottsdale, AZ)",AZ,Scottsdale,33.684272,-111.861448,ID,44.2,-114.6,741,regional,city,no,192,0,0,0,0,0,0,0,0,0,0,0,0,early commit; first commitment; only commit at position,https://247sports.com/player/hassan-smith-46162805/high-school-347244/
74,2027,46162816,Keldrid Ben,RB,Oklahoma,Hard Commit,no,yes,34,Weak / Attack,28.8,Weak / Attack,56.1%,43.9%,55.0%,55.0%,45.0%,0.9488,4-star,111,12/1/2025,"Montgomery (Montgomery, TX)",TX,Montgomery,30.390385,-95.698168,OK,35.240569,-97.345299,348,regional,city,no,380,0,0,1,0,3,0,0,0,7,0,0,0,very early commit; first commitment; thin position group; 4-star; other-school offers after commit,https://247sports.com/player/keldrid-ben-46162816/high-school-347273/
75,2027,46164535,Monyah Johnson,DL,Coastal Carolina,Hard Commit,no,no,53,Vulnerable,53,Vulnerable,56.1%,43.9%,33.4%,33.4%,66.6%,0.8550,3-star,NA,6/14/2026,"Troup County (LaGrange, GA)",GA,LaGrange,33.02698,-85.038261,SC,33.8,-80.9,245,nearby,city_to_state,no,185,0,0,0,0,0,0,0,0,0,0,0,0,early commit; first commitment; only commit at position,https://247sports.com/player/monyah-johnson-46164535/high-school-351427/
76,2027,46158176,Da'Jon Talley-Rhodes,RB,Indiana,Hard Commit,no,yes,53,Vulnerable,41.0,Weak / Attack,56.0%,44.0%,33.4%,55.0%,45.0%,0.8878,3-star,487,6/3/2026,"St. John's College (Washington, DC)",DC,Washington,38.904247,-77.016517,IN,39.1637,-86.524264,510,regional,city,no,196,0,0,0,0,1,0,0,0,0,2,2,0,early commit; first commitment; only commit at position; other-school OV after commit,https://247sports.com/player/dajon-talley-rhodes-46158176/high-school-337066/
77,2027,46144738,Holden Niemi,TE,Texas A&M,Hard Commit,no,yes,48,Weak / Attack,48,Weak / Attack,55.6%,44.4%,55.0%,55.0%,45.0%,0.8811,3-star,612,5/22/2026,"Dexter (Dexter, MI)",MI,Dexter,42.332256,-83.881027,TX,30.58516,-96.29636,1063,far,city,no,208,0,0,0,0,0,0,0,0,0,0,0,0,early commit; first commitment; only commit at position; far,https://247sports.com/player/holden-niemi-46144738/high-school-303663/
78,2027,46167844,Xavier Means,ATH,East Carolina,Hard Commit,no,no,53,Vulnerable,53,Vulnerable,55.4%,44.6%,33.4%,33.4%,66.6%,0.8600,3-star,NA,6/13/2026,"Northwestern (Rock Hill, SC)",SC,Rock Hill,34.938216,-81.019177,NC,35.6,-79.4,102,nearby,city_to_state,no,186,0,0,0,0,0,0,0,0,0,0,0,0,early commit; first commitment; only commit at position,https://247sports.com/player/xavier-means-46167844/high-school-361000/
79,2027,46147998,George Toia,DL,UCLA,Hard Commit,no,yes,50,Vulnerable,40.0,Weak / Attack,55.0%,45.0%,33.4%,55.0%,45.0%,0.9420,4-star,131,4/30/2026,"Byron Nelson (Trophy Club, TX)",TX,Trophy Club,32.992522,-97.172964,CA,34.019394,-118.410825,1223,far,city,no,230,0,0,0,0,20,0,0,1,0,2,2,0,early commit; first commitment; only commit at position; far; 4-star,https://247sports.com/player/george-toia-46147998/high-school-344442/
80,2027,46166897,Luke Stevens,S,Arizona,Hard Commit,no,yes,53,Vulnerable,53,Vulnerable,54.6%,45.4%,33.4%,33.4%,66.6%,0.8500,3-star,NA,6/1/2026,"Fort Worth Christian (North Richland Hills, TX)",TX,North Richland Hills,32.86058,-97.219146,AZ,32.153036,-110.870773,796,far,city,no,198,0,0,1,1,0,0,0,0,0,0,0,0,early commit; first commitment; thin position group; far,https://247sports.com/player/luke-stevens-46166897/high-school-359691/
81,2027,46146740,Xavier Perkins,Edge,Virginia Tech,Hard Commit,no,yes,53,Vulnerable,53,Vulnerable,54.5%,45.5%,33.4%,33.4%,66.6%,0.8844,3-star,552,4/14/2026,"C.E. Jordan (Durham, NC)",NC,Durham,35.977928,-78.898109,VA,37.231264,-80.426745,121,nearby,city,no,246,0,0,0,0,0,0,0,0,0,0,0,0,early commit; first commitment; only commit at position,https://247sports.com/player/xavier-perkins-46146740/high-school-322196/
82,2027,46153350,Trey Haddad,WR,Texas A&M,Hard Commit,no,yes,53,Vulnerable,53,Vulnerable,54.5%,45.5%,33.4%,33.4%,66.6%,0.8550,3-star,NA,6/14/2026,"St. Ignatius (Cleveland, OH)",OH,Cleveland,41.478462,-81.679435,TX,30.58516,-96.29636,1108,far,city,no,185,0,0,1,1,0,0,0,0,0,0,0,0,early commit; first commitment; thin position group; far,https://247sports.com/player/trey-haddad-46153350/high-school-324334/
83,2027,46163858,Randolph Santiago,OT,Washington State,Hard Commit,no,no,45,Weak / Attack,45,Weak / Attack,54.2%,45.8%,55.0%,55.0%,45.0%,0.8450,3-star,NA,6/16/2026,"Kailua (Kailua, HI)",HI,Kailua,19.645581,-155.997749,WA,47.4,-120.7,2753,cross_country,city_to_state,no,183,0,0,0,0,0,0,0,0,0,0,0,0,early commit; first commitment; only commit at position; cross country,https://247sports.com/player/randolph-santiago-46163858/high-school-349767/
84,2027,46159210,Abdus Kone,IOL,Maryland,Hard Commit,no,yes,48,Weak / Attack,48,Weak / Attack,54.2%,45.8%,55.0%,55.0%,45.0%,0.8400,3-star,NA,5/31/2026,"North Shore (Houston, TX)",TX,Houston,29.785743,-95.388806,MD,38.996276,-76.935594,1226,far,city,no,199,0,0,0,0,0,0,0,0,0,0,0,0,early commit; first commitment; only commit at position; far,https://247sports.com/player/abdus-kone-46159210/high-school-338590/
85,2027,90720,Christian Chancellor Jr.,CB,Clemson,Hard Commit,no,yes,41,Weak / Attack,41,Weak / Attack,54.1%,45.9%,55.0%,55.0%,45.0%,0.8711,3-star,871,7/25/2025,"D.W. Daniel (Central, SC)",SC,Central,34.723405,-82.774706,SC,34.683564,-82.810575,3,nearby,city,yes,509,0,0,1,1,7,0,0,2,0,0,0,0,very early commit; first commitment; thin position group,https://247sports.com/player/christian-chancellor-jr-90720/high-school-174249/
86,2027,46165970,Jakari Graham,ATH,Temple,Hard Commit,no,no,53,Vulnerable,53,Vulnerable,54.0%,46.0%,33.4%,33.4%,66.6%,0.8450,3-star,NA,6/10/2026,"The St. James (Springfield, VA)",VA,Springfield,38.781571,-77.183921,PA,41.2,-77.2,167,nearby,city_to_state,no,189,0,0,0,0,0,0,0,0,0,0,0,0,early commit; first commitment; only commit at position,https://247sports.com/player/jakari-graham-46165970/high-school-357516/
87,2027,46163437,Shelvy Clark,LB,Maryland,Hard Commit,no,yes,48,Weak / Attack,48,Weak / Attack,53.9%,46.1%,55.0%,55.0%,45.0%,0.8700,3-star,887,6/7/2026,"Germantown (Germantown, TN)",TN,Germantown,35.081957,-89.782584,MD,38.996276,-76.935594,758,far,city,no,192,0,0,0,0,0,0,0,0,0,0,0,0,early commit; first commitment; only commit at position; far,https://247sports.com/player/shelvy-clark-46163437/high-school-348546/
88,2027,46148786,Braden Chaffin,IOL,Stanford,Hard Commit,no,yes,45,Weak / Attack,45,Weak / Attack,53.8%,46.2%,55.0%,55.0%,45.0%,0.8400,3-star,NA,6/1/2026,"Stevenson (Detroit, MI)",MI,Detroit,42.383037,-83.102237,CA,37.426933,-122.167741,2080,cross_country,city,no,198,0,0,0,0,0,0,0,0,0,0,0,0,early commit; first commitment; only commit at position; cross country,https://247sports.com/player/braden-chaffin-46148786/high-school-312975/
89,2027,46145101,Jeremiah Douglas,WR,Vanderbilt,Hard Commit,no,yes,37,Weak / Attack,18.0,Weak / Attack,53.7%,46.3%,55.0%,55.0%,45.0%,0.8767,3-star,732,12/2/2025,"Crandall (Crandall, TX)",TX,Crandall,32.634506,-96.432064,TN,35.8,-86.4,613,regional,city,no,379,0,0,0,0,16,0,0,1,4,3,3,0,very early commit; first commitment; only commit at position; other-school OV after commit; other-school offers after commit,https://247sports.com/player/jeremiah-douglas-46145101/high-school-304242/
90,2027,46167847,AJ Veal,DL,East Carolina,Hard Commit,no,no,53,Vulnerable,53,Vulnerable,53.6%,46.4%,33.4%,33.4%,66.6%,0.8450,3-star,NA,6/14/2026,"Westwood (Blythewood, SC)",SC,Blythewood,34.209247,-80.995293,NC,35.6,-79.4,132,nearby,city_to_state,no,185,0,0,0,0,0,0,0,0,0,0,0,0,early commit; first commitment; only commit at position,https://247sports.com/player/aj-veal-46167847/high-school-361003/
91,2027,46167443,Jeremiah Joseph,DL,Rutgers,Hard Commit,no,yes,58,Vulnerable,58,Vulnerable,53.6%,46.4%,33.4%,33.4%,66.6%,0.8600,3-star,NA,6/9/2026,"Ridge Community (Davenport, FL)",FL,Davenport,28.161193,-81.610839,NJ,40.1,-74.5,919,far,city,no,190,0,0,2,2,0,0,0,0,0,0,0,0,early commit; first commitment; far,https://247sports.com/player/jeremiah-joseph-46167443/high-school-360467/
92,2027,46166750,Jacobi Pasley,ATH,West Virginia,Hard Commit,no,yes,63,Vulnerable,63,Vulnerable,53.6%,46.4%,33.4%,33.4%,66.6%,0.8700,3-star,888,5/1/2026,"Bradwell Institute (Hinesville, GA)",GA,Hinesville,31.826702,-81.615773,WV,39.637487,-79.946856,548,regional,city,no,229,0,0,2,2,1,0,0,0,0,0,0,0,early commit; first commitment,https://247sports.com/player/jacobi-pasley-46166750/high-school-359495/
93,2027,46159806,Sean Kraft,LS,Notre Dame,Hard Commit,no,yes,33,Weak / Attack,33,Weak / Attack,53.5%,46.5%,55.0%,55.0%,45.0%,0.8000,3-star,NA,6/24/2025,"Asheville Christian Academy (Swannanoa, NC)",NC,Swannanoa,35.600776,-82.387171,IN,41.700283,-86.238679,470,regional,city,no,540,0,0,0,0,5,0,0,0,0,0,0,0,very early commit; first commitment; only commit at position,https://247sports.com/player/sean-kraft-46159806/high-school-339445/
94,2027,46152918,Kase Betz,WR,Montana State,Hard Commit,no,no,53,Vulnerable,53,Vulnerable,53.5%,46.5%,33.4%,33.4%,66.6%,0.8300,3-star,NA,4/2/2026,"Graham-Kapowsin (Graham, WA)",WA,Graham,47.034315,-122.276854,MT,46.9,-110.4,560,regional,city_to_state,no,258,0,0,0,0,4,0,0,0,0,0,0,0,early commit; first commitment; only commit at position,https://247sports.com/player/kase-betz-46152918/high-school-322841/
95,2027,46159412,Zayden Smith,ATH,Texas Tech,Hard Commit,no,yes,66,Stable / Monitor,66,Stable / Monitor,53.5%,46.5%,17.5%,17.5%,82.5%,0.8844,3-star,552,6/20/2026,"Bishop McDevitt (Harrisburg, PA)",PA,Harrisburg,40.275891,-76.88502,TX,33.561901,-101.888883,1451,far,city,no,179,0,0,3,3,0,0,0,0,0,0,0,0,first commitment; far,https://247sports.com/player/zayden-smith-46159412/high-school-338893/
96,2027,46142344,Hakim Frampton,ATH,Texas A&M,Hard Commit,no,yes,30,Weak / Attack,30,Weak / Attack,53.2%,46.8%,55.0%,55.0%,45.0%,0.8911,4-star,429,9/27/2025,"San Antonio Brandeis (San Antonio, TX)",TX,San Antonio,29.462809,-98.524635,TX,30.58516,-96.29636,154,nearby,city,yes,445,0,0,0,0,14,0,1,1,1,0,0,0,very early commit; first commitment; only commit at position; 4-star; other-school offers after commit,https://247sports.com/player/hakim-frampton-46142344/high-school-319002/
97,2027,46165261,D'Mari Bryant,RB,Idaho,Hard Commit,no,no,48,Weak / Attack,48,Weak / Attack,53.1%,46.9%,55.0%,55.0%,45.0%,0.8400,3-star,NA,6/1/2026,"Millennium (Goodyear, AZ)",AZ,Goodyear,33.254031,-112.366472,ID,44.2,-114.6,766,far,city_to_state,no,198,0,0,0,0,0,0,0,0,0,0,0,0,early commit; first commitment; only commit at position; far,https://247sports.com/player/dmari-bryant-46165261/high-school-355037/
98,2027,46154163,Gianni Porfilio,CB,Purdue,Hard Commit,no,yes,50,Vulnerable,50,Vulnerable,53.1%,46.9%,33.4%,33.4%,66.6%,0.8500,3-star,NA,5/14/2026,"Huntington Beach (Huntington Beach, CA)",CA,Huntington Beach,33.698007,-118.003834,IN,40.443707,-86.923616,1766,cross_country,city,no,216,0,0,1,1,0,0,0,0,0,0,0,0,early commit; first commitment; thin position group; cross country,https://247sports.com/player/gianni-porfilio-46154163/high-school-326144/
99,2027,46153369,Benny Easter Jr.,WR,Texas Tech,Hard Commit,no,yes,35,Weak / Attack,15,Weak / Attack,53.0%,47.0%,55.0%,55.0%,45.0%,0.9751,4-star,63,11/20/2025,"Humble Summer Creek (Humble, TX)",TX,Humble,29.988207,-95.264356,TX,33.561901,-101.888883,461,regional,city,yes,391,0,0,1,0,6,0,0,1,8,4,4,0,very early commit; first commitment; thin position group; 4-star; other-school OV after commit,https://247sports.com/player/benny-easter-jr-46153369/high-school-324357/
100,2027,46154922,Bradley Sturdivant,IOL,Arkansas,Hard Commit,no,yes,43,Weak / Attack,43,Weak / Attack,52.9%,47.1%,55.0%,55.0%,45.0%,0.8556,3-star,NA,1/26/2025,"Sheridan (Sheridan, AR)",AR,Sheridan,34.321575,-92.443067,AR,36.071455,-94.166564,155,nearby,city,yes,689,0,0,2,1,0,0,0,0,0,0,0,0,very early commit; first commitment,https://247sports.com/player/bradley-sturdivant-46154922/high-school-328257/
101,2027,46166410,Kingston Thornton,CB,Northwestern,Hard Commit,no,yes,53,Vulnerable,53,Vulnerable,52.9%,47.1%,33.4%,33.4%,66.6%,0.8722,3-star,859,6/12/2026,"Parish Episcopal School (Dallas, TX)",TX,Dallas,32.793333,-96.766513,IL,42.046391,-87.694352,809,far,city,no,187,0,0,1,1,0,0,0,0,0,0,0,0,early commit; first commitment; thin position group; far,https://247sports.com/player/kingston-thornton-46166410/high-school-358912/
102,2027,46167719,Bryer Putman,TE,Boise State,Hard Commit,no,no,48,Weak / Attack,48,Weak / Attack,52.7%,47.3%,55.0%,55.0%,45.0%,0.8650,3-star,NA,6/7/2026,"Wilton (Wilton, IA)",IA,Wilton,41.589109,-91.025481,ID,44.2,-114.6,1203,far,city,no,192,0,0,0,0,0,0,0,0,0,0,0,0,early commit; first commitment; only commit at position; far,https://247sports.com/player/bryer-putman-46167719/high-school-360833/
103,2027,46158121,Sevelino Taliauli,Edge,Colorado State,Hard Commit,no,no,48,Weak / Attack,48,Weak / Attack,52.6%,47.4%,55.0%,55.0%,45.0%,0.8400,3-star,NA,6/5/2026,"Long Beach Poly (Long Beach, CA)",CA,Long Beach,33.780791,-118.16818,CO,39.0,-105.5,791,far,city_to_state,no,194,0,0,0,0,0,0,0,0,0,0,0,0,early commit; first commitment; only commit at position; far,https://247sports.com/player/sevelino-taliauli-46158121/high-school-336968/
104,2027,46149353,Max Markofski,TE,Arizona,Hard Commit,no,yes,51,Vulnerable,51,Vulnerable,52.6%,47.4%,33.4%,33.4%,66.6%,0.8750,3-star,765,4/13/2026,"Mission Viejo (Mission Viejo, CA)",CA,Mission Viejo,33.609335,-117.656471,AZ,32.153036,-110.870773,406,regional,city,no,247,0,0,0,0,0,0,0,0,0,0,0,0,early commit; first commitment; only commit at position,https://247sports.com/player/max-markofski-46149353/high-school-314295/
105,2027,46166523,Zyaire Patrick,CB,Western Michigan,Hard Commit,no,no,51,Vulnerable,51,Vulnerable,52.6%,47.4%,33.4%,33.4%,66.6%,0.8300,3-star,NA,6/14/2026,"Stockbridge (Stockbridge, GA)",GA,Stockbridge,33.530019,-84.234275,MI,44.3,-85.6,748,regional,city_to_state,no,185,0,0,0,0,0,0,0,0,0,0,0,0,early commit; first commitment; only commit at position,https://247sports.com/player/zyaire-patrick-46166523/high-school-359120/
106,2027,46137213,Furian Inferrera,QB,Minnesota,Hard Commit,no,yes,47,Weak / Attack,38.0,Weak / Attack,52.5%,47.5%,55.0%,55.0%,45.0%,0.8350,3-star,NA,6/21/2025,"Mission Hills (San Marcos, CA)",CA,San Marcos,33.132567,-117.169892,MN,44.963324,-93.26832,1512,cross_country,city,no,543,1,0,1,1,2,0,0,0,0,2,1,0,very early commit; thin position group; cross country; other-school OV after commit,https://247sports.com/player/furian-inferrera-46137213/high-school-296340/
107,2027,46167845,Ja'Quez Johnson,CB,East Carolina,Hard Commit,no,no,51,Vulnerable,51,Vulnerable,52.5%,47.5%,33.4%,33.4%,66.6%,0.8500,3-star,NA,6/15/2026,"Auburn (Auburn, AL)",AL,Auburn,32.607806,-85.494746,NC,35.6,-79.4,405,regional,city_to_state,no,184,0,0,0,0,0,0,0,0,0,0,0,0,early commit; first commitment; only commit at position,https://247sports.com/player/jaquez-johnson-46167845/high-school-361001/
108,2027,46166432,Noah Willis,CB,Cincinnati,Hard Commit,no,yes,51,Vulnerable,51,Vulnerable,52.4%,47.6%,33.4%,33.4%,66.6%,0.8500,3-star,NA,6/11/2026,"Blessed Trinity Catholic (Roswell, GA)",GA,Roswell,34.039453,-84.350946,OH,39.140183,-84.505829,353,regional,city,no,188,0,0,0,0,0,0,0,0,0,0,0,0,early commit; first commitment; only commit at position,https://247sports.com/player/noah-willis-46166432/high-school-358945/
109,2027,46156183,Prince Washington,CB,Colorado,Hard Commit,no,yes,53,Vulnerable,53,Vulnerable,52.3%,47.7%,33.4%,33.4%,66.6%,0.8500,3-star,NA,5/24/2026,"Houston Lamar (Houston, TX)",TX,Houston,29.785743,-95.388806,CO,40.024431,-105.251251,900,far,city,no,206,0,0,1,1,0,0,0,0,0,0,0,0,early commit; first commitment; thin position group; far,https://247sports.com/player/prince-washington-46156183/high-school-330676/
110,2027,46151615,Noah Parker,RB,Georgia,Hard Commit,no,yes,38,Weak / Attack,31.8,Weak / Attack,52.1%,47.9%,55.0%,55.0%,45.0%,0.8733,3-star,845,11/15/2025,"Macon County (Montezuma, GA)",GA,Montezuma,32.297239,-84.019058,GA,32.7,-83.3,50,nearby,city,yes,396,0,0,1,1,0,0,0,1,3,2,0,0,very early commit; first commitment; thin position group; other-school visit after commit; other-school offers after commit,https://247sports.com/player/noah-parker-46151615/high-school-318078/
111,2027,46167628,Bariyus Allen,DL,Iowa,Hard Commit,no,yes,61,Vulnerable,61,Vulnerable,52.1%,47.9%,33.4%,33.4%,66.6%,0.8800,3-star,629,6/7/2026,"Belmont (Dayton, OH)",OH,Dayton,39.784743,-84.199632,IA,41.655661,-91.530859,405,regional,city,no,192,0,0,2,2,0,0,0,0,0,0,0,0,early commit; first commitment,https://247sports.com/player/bariyus-allen-46167628/high-school-360734/
112,2027,46150752,Maurikus Banks,QB,Old Dominion,Hard Commit,no,no,38,Weak / Attack,38,Weak / Attack,52.0%,48.0%,55.0%,55.0%,45.0%,0.8250,3-star,NA,6/22/2025,"Phoebus (Hampton, VA)",VA,Hampton,37.047961,-76.297293,VA,37.5,-78.7,136,nearby,city_to_state,yes,542,0,0,1,1,0,0,0,0,0,0,0,0,very early commit; first commitment; thin position group,https://247sports.com/player/maurikus-banks-46150752/high-school-316505/
113,2027,46154755,Kharim Hughley,QB,Clemson,Hard Commit,no,yes,30,Weak / Attack,30,Weak / Attack,51.8%,48.2%,55.0%,55.0%,45.0%,0.9346,4-star,161,7/10/2025,"Gainesville (Gainesville, GA)",GA,Gainesville,34.2901,-83.829106,SC,34.683564,-82.810575,64,nearby,city,no,524,0,0,0,0,15,0,2,1,0,0,0,0,very early commit; first commitment; only commit at position; 4-star,https://247sports.com/player/kharim-hughley-46154755/high-school-327921/
114,2027,46166192,Abram Hilton,RB,South Florida,Hard Commit,no,no,51,Vulnerable,51,Vulnerable,51.8%,48.2%,33.4%,33.4%,66.6%,0.8600,3-star,NA,5/31/2026,"Screven County (Sylvania, GA)",GA,Sylvania,32.747226,-81.640693,FL,28.6,-82.4,290,regional,city_to_state,no,199,0,0,0,0,0,0,0,0,0,0,0,0,early commit; first commitment; only commit at position,https://247sports.com/player/abram-hilton-46166192/high-school-358365/
115,2027,46158711,Savior Owens,RB,Michigan State,Hard Commit,no,yes,55,Vulnerable,55,Vulnerable,51.7%,48.3%,33.4%,33.4%,66.6%,0.8600,3-star,NA,1/25/2026,"Massillon Washington (Massillon, OH)",OH,Massillon,40.784483,-81.525216,MI,42.748913,-84.482442,204,nearby,city,no,325,0,0,0,0,5,0,0,1,0,0,0,0,early commit; first commitment; only commit at position,https://247sports.com/player/savior-owens-46158711/high-school-337802/
116,2027,46160851,Sharontae Bailey,OT,Tulane,Hard Commit,no,no,51,Vulnerable,51,Vulnerable,51.6%,48.4%,33.4%,33.4%,66.6%,0.8700,3-star,888,4/6/2026,"Anniston (Anniston, AL)",AL,Anniston,33.673469,-85.810891,LA,30.05342,-89.934502,348,regional,city,no,254,0,0,0,0,0,0,0,0,0,0,0,0,early commit; first commitment; only commit at position,https://247sports.com/player/sharontae-bailey-46160851/high-school-342608/
117,2027,46158514,DJ Mitchell,CB,Miami (OH),Hard Commit,no,no,55,Vulnerable,35.5,Weak / Attack,51.5%,48.5%,33.4%,55.0%,45.0%,0.8450,3-star,NA,3/19/2026,"Franklin Central (Indianapolis, IN)",IN,Indianapolis,,,OH,40.4,-82.8,188,nearby,state,no,272,0,0,0,0,2,0,0,0,2,3,3,0,early commit; first commitment; only commit at position; other-school OV after commit; other-school offers after commit,https://247sports.com/player/dj-mitchell-46158514/high-school-337550/
118,2027,46149141,Lopeti Malupo,DL,Washington State,Hard Commit,no,no,54,Vulnerable,54,Vulnerable,51.5%,48.5%,33.4%,33.4%,66.6%,0.8550,3-star,NA,5/6/2026,"Archbishop Riordan (San Francisco, CA)",CA,San Francisco,37.727239,-123.032229,WA,47.4,-120.7,679,regional,city_to_state,no,224,0,0,0,0,10,0,0,1,1,0,0,0,early commit; first commitment; only commit at position; other-school offers after commit,https://247sports.com/player/lopeti-malupo-46149141/high-school-313828/
119,2027,46148046,Jaxx DeJean,ATH,Iowa,Hard Commit,no,yes,53,Vulnerable,53,Vulnerable,51.4%,48.6%,33.4%,33.4%,66.6%,0.8867,3-star,497,12/21/2025,"Odebolt-Arthur (Odebolt, IA)",IA,Odebolt,42.311842,-95.254378,IA,41.655661,-91.530859,197,nearby,city,yes,360,0,0,0,0,5,0,3,1,0,0,0,0,early commit; first commitment; only commit at position,https://247sports.com/player/jaxx-dejean-46148046/high-school-310774/
120,2027,46156164,Javarious Griffin Jr.,WR,Mississippi State,Hard Commit,no,yes,53,Vulnerable,53,Vulnerable,51.4%,48.6%,33.4%,33.4%,66.6%,0.8750,3-star,765,3/21/2026,"Cleveland Central (Cleveland, MS)",MS,Cleveland,33.744008,-90.728476,MS,33.463261,-88.827796,111,nearby,city,yes,270,0,0,0,0,0,0,0,0,0,0,0,0,early commit; first commitment; only commit at position,https://247sports.com/player/javarious-griffin-jr-46156164/high-school-330637/
121,2027,46153943,Titus Vidlak,QB,Montana State,Hard Commit,no,no,53,Vulnerable,52.2,Vulnerable,51.1%,48.9%,33.4%,33.4%,66.6%,0.8300,3-star,NA,12/21/2025,"Fruitland (Fruitland, ID)",ID,Fruitland,44.016796,-116.920703,MT,46.9,-110.4,373,regional,city_to_state,no,360,0,0,0,0,3,0,0,0,1,0,0,0,early commit; first commitment; only commit at position; other-school offers after commit,https://247sports.com/player/titus-vidlak-46153943/high-school-325500/
122,2027,46161914,Damian Anyasodo,IOL,Utah,Hard Commit,no,yes,51,Vulnerable,51,Vulnerable,51.0%,49.0%,33.4%,33.4%,66.6%,0.8650,3-star,NA,6/7/2026,"St. Mary's (Stockton, CA)",CA,Stockton,37.976553,-121.308598,UT,40.776928,-111.930991,537,regional,city,no,192,0,0,0,0,0,0,0,0,0,0,0,0,early commit; first commitment; only commit at position,https://247sports.com/player/damian-anyasodo-46161914/high-school-345432/
123,2027,46167843,Ira Dale Jr.,RB,East Carolina,Hard Commit,no,no,51,Vulnerable,51,Vulnerable,51.0%,49.0%,33.4%,33.4%,66.6%,0.8450,3-star,NA,6/13/2026,"Venice (Venice, FL)",FL,Venice,27.116973,-82.41519,NC,35.6,-79.4,612,regional,city_to_state,no,186,0,0,0,0,0,0,0,0,0,0,0,0,early commit; first commitment; only commit at position,https://247sports.com/player/ira-dale-jr-46167843/high-school-360999/
124,2027,46164108,Jordan Walley,ATH,Minnesota,Hard Commit,no,yes,55,Vulnerable,55,Vulnerable,51.0%,49.0%,33.4%,33.4%,66.6%,0.8600,3-star,NA,5/31/2026,"D'Iberville (D'Iberville, MS)",MS,D'Iberville,30.443519,-88.895358,MN,44.963324,-93.26832,1031,far,city,no,199,0,0,0,0,11,1,0,0,0,0,0,0,early commit; first commitment; only commit at position; far,https://247sports.com/player/jordan-walley-46164108/high-school-350474/
125,2027,46157584,Jayin Talib,IOL,Colorado,Hard Commit,no,yes,51,Vulnerable,51,Vulnerable,50.8%,49.2%,33.4%,33.4%,66.6%,0.8600,3-star,NA,6/14/2026,"Allen (Allen, TX)",TX,Allen,33.109736,-96.673032,CO,40.024431,-105.251251,674,regional,city,no,185,0,0,0,0,0,0,0,0,0,0,0,0,early commit; first commitment; only commit at position,https://247sports.com/player/jayin-talib-46157584/high-school-335795/
126,2027,46157489,Seth Price,WR,Idaho,Hard Commit,no,no,53,Vulnerable,50.8,Vulnerable,50.6%,49.4%,33.4%,33.4%,66.6%,0.8300,3-star,NA,4/21/2026,"Lake Stevens (Lake Stevens, WA)",WA,Lake Stevens,48.003405,-122.096828,ID,44.2,-114.6,445,regional,city_to_state,no,239,0,0,0,0,4,0,0,0,3,0,0,0,early commit; first commitment; only commit at position; other-school offers after commit,https://247sports.com/player/seth-price-46157489/high-school-335533/
127,2027,46155759,EJ Coleman,ATH,Washington State,Hard Commit,no,no,54,Vulnerable,54,Vulnerable,50.5%,49.5%,33.4%,33.4%,66.6%,0.8600,3-star,NA,5/14/2026,"Folsom (Folsom, CA)",CA,Folsom,38.666597,-121.141635,WA,47.4,-120.7,604,regional,city_to_state,no,216,0,0,0,0,10,0,0,1,0,0,0,0,early commit; first commitment; only commit at position,https://247sports.com/player/ej-coleman-46155759/high-school-329729/
128,2027,46155677,Nick Vecrumba,IOL,Kansas,Hard Commit,no,yes,51,Vulnerable,51,Vulnerable,50.3%,49.7%,33.4%,33.4%,66.6%,0.8550,3-star,NA,5/25/2026,"Brownsburg (Brownsburg, IN)",IN,Brownsburg,39.834436,-86.385693,KS,38.959551,-95.265468,478,regional,city,no,205,0,0,0,0,0,0,0,0,0,0,0,0,early commit; first commitment; only commit at position,https://247sports.com/player/nick-vecrumba-46155677/high-school-329536/
129,2027,46157056,Josh Fasbender,DL,Buffalo,Hard Commit,no,no,54,Vulnerable,54,Vulnerable,50.2%,49.8%,33.4%,33.4%,66.6%,0.8700,3-star,888,5/31/2026,"St. Xavier (Cincinnati, OH)",OH,Cincinnati,39.140183,-84.505829,NY,42.9,-75.0,559,regional,city_to_state,no,199,0,0,0,0,10,0,0,0,0,0,0,0,early commit; first commitment; only commit at position,https://247sports.com/player/josh-fasbender-46157056/high-school-334194/
130,2027,46160357,Andy Stedem,Edge,Virginia,Hard Commit,no,yes,51,Vulnerable,51,Vulnerable,50.1%,49.9%,33.4%,33.4%,66.6%,0.8550,3-star,NA,6/15/2026,"Avon Old Farms (Avon, CT)",CT,Avon,,,VA,38.037658,-78.485381,393,regional,state,no,184,0,0,0,0,0,0,0,0,0,0,0,0,early commit; first commitment; only commit at position,https://247sports.com/player/andy-stedem-46160357/high-school-360224/
131,2027,46155088,Jamarkus Pittman,DL,Ole Miss,Hard Commit,no,yes,40,Weak / Attack,35.5,Weak / Attack,49.8%,50.2%,55.0%,55.0%,45.0%,0.8994,4-star,356,6/6/2025,"Memphis Academy of Science and Engineering (Memphis, TN)",TN,Memphis,35.109164,-89.968511,MS,34.351262,-89.536981,58,nearby,city,no,558,0,0,1,0,16,0,0,0,6,0,0,0,very early commit; first commitment; thin position group; 4-star; other-school offers after commit,https://247sports.com/player/jamarkus-pittman-46155088/high-school-328532/
132,2027,46151663,Lee Prince Jr.,RB,West Virginia,Hard Commit,no,yes,51,Vulnerable,51,Vulnerable,49.7%,50.3%,33.4%,33.4%,66.6%,0.8750,3-star,765,4/3/2026,"Miami Carol City (Opa Locka, FL)",FL,Opa Locka,,,WV,39.637487,-79.946856,775,far,state,no,257,0,0,0,0,9,0,0,0,0,0,0,0,early commit; first commitment; only commit at position; far,https://247sports.com/player/lee-prince-jr-46151663/high-school-318308/
133,2027,46162292,Quentin Dorsey,DL,Kansas,Hard Commit,no,yes,58,Vulnerable,52.0,Vulnerable,49.7%,50.3%,33.4%,33.4%,66.6%,0.8650,3-star,NA,6/7/2026,"Grandview (Aurora, CO)",CO,Aurora,39.709537,-104.720509,KS,38.959551,-95.265468,508,regional,city,no,192,0,0,0,0,9,2,0,0,0,1,1,0,early commit; first commitment; only commit at position; other-school OV after commit,https://247sports.com/player/quentin-dorsey-46162292/high-school-346398/
134,2027,46161742,Blake Moser,WR,Iowa State,Hard Commit,no,yes,58,Vulnerable,58,Vulnerable,49.7%,50.3%,33.4%,33.4%,66.6%,0.8450,3-star,NA,6/6/2026,"Lake Stevens (Lake Stevens, WA)",WA,Lake Stevens,48.003405,-122.096828,IA,42.026327,-93.621264,1442,far,city,no,193,0,0,2,2,0,0,0,0,0,0,0,0,early commit; first commitment; far,https://247sports.com/player/blake-moser-46161742/high-school-345137/
135,2027,46166865,Lamier Wade,Edge,UConn,Hard Commit,no,no,57,Vulnerable,57,Vulnerable,49.6%,50.4%,33.4%,33.4%,66.6%,0.8600,3-star,NA,6/9/2026,"Bishop Canevin (Pittsburgh, PA)",PA,Pittsburgh,40.439936,-79.975676,CT,41.6,-72.7,388,regional,city_to_state,no,190,0,0,0,0,1,2,0,0,0,0,0,0,early commit; first commitment; only commit at position,https://247sports.com/player/lamier-wade-46166865/high-school-359656/
136,2027,46167611,Carter Hawkins,ATH,Wake Forest,Hard Commit,no,yes,58,Vulnerable,58,Vulnerable,49.6%,50.4%,33.4%,33.4%,66.6%,0.8600,3-star,NA,6/8/2026,"Timberland (St. Stephen, SC)",SC,St. Stephen,33.402629,-79.925194,NC,36.102863,-80.260829,188,nearby,city,no,191,0,0,1,1,0,0,0,0,0,0,0,0,early commit; first commitment; thin position group,https://247sports.com/player/carter-hawkins-46167611/high-school-360687/
137,2027,46159294,Luke Wilson,OT,Oklahoma,Hard Commit,no,yes,39,Weak / Attack,38.2,Weak / Attack,49.5%,50.5%,55.0%,55.0%,45.0%,0.8844,3-star,552,8/7/2025,"Southlake Carroll (Southlake, TX)",TX,Southlake,32.954493,-97.148867,OK,35.240569,-97.345299,158,nearby,city,no,496,0,0,1,1,8,0,1,0,1,0,0,0,very early commit; first commitment; thin position group; other-school offers after commit,https://247sports.com/player/luke-wilson-46159294/high-school-338745/
138,2027,46159667,Taylan Patterson,ATH,Utah,Hard Commit,no,yes,58,Vulnerable,58,Vulnerable,49.4%,50.6%,33.4%,33.4%,66.6%,0.8400,3-star,NA,6/16/2026,"Basha (Chandler, AZ)",AZ,Chandler,33.282765,-111.851819,UT,40.776928,-111.930991,518,regional,city,no,183,0,0,1,1,2,0,0,0,0,0,0,0,early commit; first commitment; thin position group,https://247sports.com/player/taylan-patterson-46159667/high-school-339235/
139,2027,46159186,Jake Baker,IOL,Oklahoma State,Hard Commit,no,yes,51,Vulnerable,51,Vulnerable,49.3%,50.7%,33.4%,33.4%,66.6%,0.8550,3-star,NA,6/14/2026,"Ensworth (Nashville, TN)",TN,Nashville,,,OK,36.131496,-97.074464,597,regional,state,no,185,0,0,0,0,0,0,0,0,0,0,0,0,early commit; first commitment; only commit at position,https://247sports.com/player/jake-baker-46159186/high-school-338551/
140,2027,46161786,Charlie Fowler,TE,Boston College,Hard Commit,no,yes,48,Weak / Attack,48,Weak / Attack,49.2%,50.8%,55.0%,55.0%,45.0%,0.8650,3-star,NA,6/8/2026,"Loyola Academy (Wilmette, IL)",IL,Wilmette,42.077323,-87.728621,MA,42.2,-71.8,815,far,city,no,191,0,0,0,0,0,0,0,0,0,0,0,0,early commit; first commitment; only commit at position; far,https://247sports.com/player/charlie-fowler-46161786/high-school-345188/
141,2027,46159744,Prentice Mackyeon Jr.,S,Arkansas State,Hard Commit,no,no,54,Vulnerable,54,Vulnerable,49.2%,50.8%,33.4%,33.4%,66.6%,0.8700,3-star,888,6/18/2026,"John Curtis (River Ridge, LA)",LA,River Ridge,29.95861,-90.222046,AR,35.2,-92.4,384,regional,city_to_state,no,181,0,0,0,0,6,0,0,0,0,0,0,0,early commit; first commitment; only commit at position,https://247sports.com/player/prentice-mackyeon-jr-46159744/high-school-339338/
142,2027,46147310,J'Isaiah Mitchell,ATH,Boise State,Hard Commit,no,no,54,Vulnerable,48.0,Weak / Attack,49.0%,51.0%,33.4%,55.0%,45.0%,0.8733,3-star,845,6/2/2026,"Puyallup (Puyallup, WA)",WA,Puyallup,47.179046,-122.291523,ID,44.2,-114.6,424,regional,city,no,197,0,0,0,0,10,0,0,0,0,1,1,0,early commit; first commitment; only commit at position; other-school OV after commit,https://247sports.com/player/jisaiah-mitchell-46147310/high-school-308972/
143,2027,46154901,Easton Royal,WR,Texas,Hard Commit,no,yes,35,Weak / Attack,15,Weak / Attack,48.9%,51.1%,55.0%,55.0%,45.0%,0.9969,5-star,6,11/29/2025,"Brother Martin (New Orleans, LA)",LA,New Orleans,30.05342,-89.934502,TX,30.298622,-97.754134,467,regional,city,no,382,0,0,1,0,16,0,0,1,2,4,3,0,very early commit; first commitment; thin position group; 5-star; other-school OV after commit,https://247sports.com/player/easton-royal-46154901/high-school-328203/
144,2027,46155180,Ethan Posey,IOL,Miami (OH),Hard Commit,no,no,51,Vulnerable,51,Vulnerable,48.9%,51.1%,33.4%,33.4%,66.6%,0.8300,3-star,NA,4/14/2026,"Brother Rice (Oak Lawn, IL)",IL,Oak Lawn,41.713885,-87.752777,OH,40.4,-82.8,273,regional,city_to_state,no,246,0,0,0,0,0,0,0,0,0,0,0,0,early commit; first commitment; only commit at position,https://247sports.com/player/ethan-posey-46155180/high-school-344514/
145,2027,46150263,K'Adrian Redmond,DL,Texas Tech,Hard Commit,no,yes,40,Weak / Attack,37.0,Weak / Attack,48.7%,51.3%,55.0%,55.0%,45.0%,0.9283,4-star,186,9/18/2025,"DeSoto (DeSoto, TX)",TX,DeSoto,32.599349,-96.862941,TX,33.561901,-101.888883,298,regional,city,yes,454,0,0,2,1,7,0,0,0,0,1,0,0,very early commit; first commitment; 4-star; other-school visit after commit,https://247sports.com/player/kadrian-redmond-46150263/high-school-315712/
146,2027,46159309,Isaiah Hansen,RB,Iowa State,Hard Commit,no,yes,51,Vulnerable,51,Vulnerable,48.7%,51.3%,33.4%,33.4%,66.6%,0.8938,4-star,404,3/4/2026,"Newton (Newton, IA)",IA,Newton,41.696337,-93.040512,IA,42.026327,-93.621264,38,nearby,city,yes,287,0,0,0,0,2,0,0,1,0,0,0,0,early commit; first commitment; only commit at position; 4-star,https://247sports.com/player/isaiah-hansen-46159309/high-school-338760/
147,2027,46151871,Kye Cooper,S,San Diego State,Hard Commit,no,no,51,Vulnerable,51,Vulnerable,48.7%,51.3%,33.4%,33.4%,66.6%,0.8550,3-star,NA,6/4/2026,"San Diego HS (San Diego, CA)",CA,San Diego,32.814977,-117.135562,CA,36.8,-119.4,304,regional,city_to_state,yes,195,0,0,0,0,0,0,0,0,0,0,0,0,early commit; first commitment; only commit at position,https://247sports.com/player/kye-cooper-46151871/high-school-320997/
148,2027,46157041,Elijah Williams,ATH,Northern Arizona,Hard Commit,no,no,54,Vulnerable,54,Vulnerable,48.7%,51.3%,33.4%,33.4%,66.6%,0.8300,3-star,NA,5/23/2026,"Chaminade (West Hills, CA)",CA,West Hills,,,AZ,34.3,-111.7,466,regional,state,no,207,0,0,0,0,7,0,0,0,0,0,0,0,early commit; first commitment; only commit at position,https://247sports.com/player/elijah-williams-46157041/high-school-334087/
149,2027,46149925,Karnell James,S,Texas,Hard Commit,no,yes,32,Weak / Attack,28.8,Weak / Attack,48.5%,51.5%,55.0%,55.0%,45.0%,0.9096,4-star,285,12/3/2025,"Manvel (Manvel, TX)",TX,Manvel,29.485422,-95.362322,TX,30.298622,-97.754134,154,nearby,city,yes,378,0,0,0,0,14,0,0,1,7,0,0,0,very early commit; first commitment; only commit at position; 4-star; other-school offers after commit,https://247sports.com/player/karnell-james-46149925/high-school-315127/
150,2027,46167794,Matthew Schlenhardt,LB,Syracuse,Hard Commit,no,yes,51,Vulnerable,51,Vulnerable,48.5%,51.5%,33.4%,33.4%,66.6%,0.8500,3-star,NA,6/14/2026,"Maine South (Park Ridge, IL)",IL,Park Ridge,42.011762,-87.843434,NY,43.040998,-76.143554,599,regional,city,no,185,0,0,0,0,0,0,0,0,0,0,0,0,early commit; first commitment; only commit at position,https://247sports.com/player/matthew-schlenhardt-46167794/high-school-360933/
151,2027,46149098,Jack Devine,QB,San Diego State,Hard Commit,no,no,51,Vulnerable,51,Vulnerable,48.3%,51.7%,33.4%,33.4%,66.6%,0.8400,3-star,NA,2/20/2026,"Regents School (Austin, TX)",TX,Austin,30.298622,-97.754134,CA,36.8,-119.4,1321,far,city_to_state,no,299,0,0,0,0,7,0,0,0,0,0,0,0,early commit; first commitment; only commit at position; far,https://247sports.com/player/jack-devine-46149098/high-school-313695/
152,2027,46165558,Jacorrion Tramble,WR,Toledo,Hard Commit,no,no,62,Vulnerable,62,Vulnerable,48.3%,51.7%,33.4%,33.4%,66.6%,0.8700,3-star,888,6/20/2026,"Notre Dame (Chattanooga, TN)",TN,Chattanooga,35.065958,-85.248386,OH,40.4,-82.8,392,regional,city_to_state,no,179,0,0,0,0,5,1,0,0,0,0,0,0,first commitment; only commit at position,https://247sports.com/player/jacorrion-tramble-46165558/high-school-355623/
153,2027,46159359,Cade Reikowski,IOL,Northwestern,Hard Commit,no,yes,53,Vulnerable,53,Vulnerable,48.2%,51.8%,33.4%,33.4%,66.6%,0.8800,3-star,629,2/1/2026,"Pewaukee (Pewaukee, WI)",WI,Pewaukee,43.066141,-88.244465,IL,42.046391,-87.694352,76,nearby,city,no,318,0,0,0,0,4,0,1,0,0,0,0,0,early commit; first commitment; only commit at position,https://247sports.com/player/cade-reikowski-46159359/high-school-338819/
154,2027,46142377,Andrew Beard,RB,Florida,Hard Commit,no,yes,48,Weak / Attack,32.0,Weak / Attack,48.1%,51.9%,55.0%,55.0%,45.0%,0.9318,4-star,173,5/8/2026,"Prince Avenue Christian School (Bogart, GA)",GA,Bogart,33.947625,-83.533749,FL,29.679537,-82.346793,303,regional,city,no,222,0,0,0,0,9,0,1,1,0,3,3,0,early commit; first commitment; only commit at position; 4-star; other-school OV after commit,https://247sports.com/player/andrew-beard-46142377/high-school-314685/
155,2027,46161398,Carter Temple,ATH,North Dakota State,Hard Commit,no,no,54,Vulnerable,54,Vulnerable,48.1%,51.9%,33.4%,33.4%,66.6%,0.8650,3-star,NA,5/16/2026,"Kearney (Kearney, MO)",MO,Kearney,39.355111,-94.35858,ND,47.5,-100.5,641,regional,city_to_state,no,214,0,0,0,0,12,0,0,0,0,0,0,0,early commit; first commitment; only commit at position,https://247sports.com/player/carter-temple-46161398/high-school-344637/
156,2027,46165559,Mason Moore,S,Ole Miss,Hard Commit,no,yes,58,Vulnerable,56.5,Vulnerable,48.0%,52.0%,33.4%,33.4%,66.6%,0.8600,3-star,NA,5/1/2026,"Baton Rouge Central (Baton Rouge, LA)",LA,Baton Rouge,30.440443,-91.133166,MS,34.351262,-89.536981,286,regional,city,no,229,0,0,1,1,4,0,0,0,2,0,0,0,early commit; first commitment; thin position group; other-school offers after commit,https://247sports.com/player/mason-moore-46165559/high-school-355625/
157,2027,46158899,Isaiah Stephens,RB,North Carolina,Hard Commit,no,yes,51,Vulnerable,47.0,Weak / Attack,47.9%,52.1%,33.4%,55.0%,45.0%,0.8600,3-star,NA,3/28/2026,"Sheridan (Sheridan, AR)",AR,Sheridan,34.321575,-92.443067,NC,35.928328,-79.041375,765,far,city,no,263,0,0,0,0,9,0,0,1,0,1,1,0,early commit; first commitment; only commit at position; far; other-school OV after commit,https://247sports.com/player/isaiah-stephens-46158899/high-school-338088/
158,2027,46165377,Bray'don Davis,IOL,South Florida,Hard Commit,no,no,51,Vulnerable,51,Vulnerable,47.9%,52.1%,33.4%,33.4%,66.6%,0.8550,3-star,NA,6/14/2026,"Central Tuscaloosa (Tuscaloosa, AL)",AL,Tuscaloosa,33.234404,-87.5283,FL,28.6,-82.4,441,regional,city_to_state,no,185,0,0,0,0,0,0,0,0,0,0,0,0,early commit; first commitment; only commit at position,https://247sports.com/player/braydon-davis-46165377/high-school-355326/
159,2027,46157580,Shahariam Thurston,CB,Iowa State,Hard Commit,no,yes,56,Vulnerable,56,Vulnerable,47.9%,52.1%,33.4%,33.4%,66.6%,0.8500,3-star,NA,6/14/2026,"Arlington Lamar (Arlington, TX)",TX,Arlington,32.700708,-97.124691,IA,42.026327,-93.621264,672,regional,city,no,185,0,0,1,1,0,0,0,0,0,0,0,0,early commit; first commitment; thin position group,https://247sports.com/player/shahariam-thurston-46157580/high-school-335790/
160,2027,46156843,Jackson Batch,ATH,Oregon State,Hard Commit,no,no,59,Vulnerable,59,Vulnerable,47.9%,52.1%,33.4%,33.4%,66.6%,0.8300,3-star,NA,3/19/2026,"Cesar Chavez (Stockton, CA)",CA,Stockton,37.976553,-121.308598,OR,44.0,-120.5,418,regional,city_to_state,no,272,0,0,1,1,7,0,0,1,1,0,0,0,early commit; first commitment; thin position group; other-school offers after commit,https://247sports.com/player/jackson-batch-46156843/high-school-333191/
161,2027,46161033,Preston Beckham,RB,Cincinnati,Hard Commit,no,yes,53,Vulnerable,53,Vulnerable,47.8%,52.2%,33.4%,33.4%,66.6%,0.8600,3-star,NA,6/16/2026,"Lennard (Ruskin, FL)",FL,Ruskin,27.706834,-82.422182,OH,39.140183,-84.505829,799,far,city,no,183,0,0,1,1,0,0,0,0,0,0,0,0,early commit; first commitment; thin position group; far,https://247sports.com/player/preston-beckham-46161033/high-school-343723/
162,2027,46159000,KD Jones,IOL,Nebraska,Hard Commit,no,yes,55,Vulnerable,37.0,Weak / Attack,47.7%,52.3%,33.4%,55.0%,45.0%,0.8800,3-star,629,5/21/2026,"Grayson (Loganville, GA)",GA,Loganville,33.836502,-83.896135,NE,40.810284,-96.674856,850,far,city,no,209,0,0,1,1,2,0,0,0,0,3,3,0,early commit; first commitment; thin position group; far; other-school OV after commit,https://247sports.com/player/kd-jones-46159000/high-school-338226/
163,2027,46161556,Jashaun Shaffer,CB,Northern Arizona,Hard Commit,no,no,53,Vulnerable,53,Vulnerable,47.6%,52.4%,33.4%,33.4%,66.6%,0.8200,3-star,NA,4/27/2026,"St. John Bosco (Bellflower, CA)",CA,Bellflower,33.887821,-118.12725,AZ,34.3,-111.7,369,regional,city_to_state,no,233,0,0,0,0,3,0,0,0,0,0,0,0,early commit; first commitment; only commit at position,https://247sports.com/player/jashaun-shaffer-46161556/high-school-344907/
164,2027,46132000,Max Brown,LB,Clemson,Hard Commit,no,yes,39,Weak / Attack,35.8,Weak / Attack,47.5%,52.5%,55.0%,55.0%,45.0%,0.8778,3-star,723,6/3/2025,"Jefferson (Jefferson, GA)",GA,Jefferson,34.136239,-83.602157,SC,34.683564,-82.810575,59,nearby,city,no,561,0,0,1,1,15,0,1,1,7,0,0,0,very early commit; first commitment; thin position group; other-school offers after commit,https://247sports.com/player/max-brown-46132000/high-school-278218/
165,2027,46147902,Zane Johnson,QB,Buffalo,Hard Commit,no,no,51,Vulnerable,51,Vulnerable,47.5%,52.5%,33.4%,33.4%,66.6%,0.8450,3-star,NA,4/29/2026,"Trinity (Louisville, KY)",KY,Louisville,38.224728,-85.740614,NY,42.9,-75.0,649,regional,city_to_state,no,231,0,0,0,0,0,0,0,0,0,0,0,0,early commit; first commitment; only commit at position,https://247sports.com/player/zane-johnson-46147902/high-school-310305/
166,2027,46162252,Cash Hollingshead,QB,Iowa State,Hard Commit,no,yes,48,Weak / Attack,48,Weak / Attack,47.4%,52.6%,55.0%,55.0%,45.0%,0.8500,3-star,NA,6/4/2026,"Salem Hills (Salem, UT)",UT,Salem,40.055295,-111.667365,IA,42.026327,-93.621264,948,far,city,no,195,0,0,0,0,0,0,0,0,0,0,0,0,early commit; first commitment; only commit at position; far,https://247sports.com/player/cash-hollingshead-46162252/high-school-346353/
167,2027,46161621,Evan Duke Cazimero,LB,Colorado State,Hard Commit,no,no,48,Weak / Attack,48,Weak / Attack,47.4%,52.6%,55.0%,55.0%,45.0%,0.8350,3-star,NA,6/12/2026,"Kamehameha Kapalama (Honolulu, HI)",HI,Honolulu,,,CO,39.0,-105.5,3244,cross_country,state,no,187,0,0,0,0,9,0,0,0,0,0,0,0,early commit; first commitment; only commit at position; cross country,https://247sports.com/player/evan-duke-cazimero-46161621/high-school-344983/
168,2027,46159718,JoJo Accelus,RB,Appalachian State,Hard Commit,no,no,56,Vulnerable,56,Vulnerable,47.3%,52.7%,33.4%,33.4%,66.6%,0.8550,3-star,NA,6/5/2026,"Monticello (Monticello, AR)",AR,Monticello,33.624778,-91.793722,NC,35.6,-79.4,717,regional,city_to_state,no,194,0,0,1,1,0,0,0,0,0,0,0,0,early commit; first commitment; thin position group,https://247sports.com/player/jojo-accelus-46159718/high-school-339302/
169,2027,46165052,Tyler Younger,Edge,Alabama,Hard Commit,no,yes,58,Vulnerable,58,Vulnerable,47.3%,52.7%,33.4%,33.4%,66.6%,0.8800,3-star,629,6/23/2026,"Greater Atlanta Christian School (Norcross, GA)",GA,Norcross,33.937394,-84.205634,AL,33.234404,-87.5283,197,nearby,city,no,176,0,0,0,0,0,0,0,0,0,0,0,0,first commitment; only commit at position,https://247sports.com/player/tyler-younger-46165052/high-school-352750/
170,2027,46150551,Majay Thompson,WR,Florida State,Hard Commit,no,yes,65,Stable / Monitor,65,Stable / Monitor,47.3%,52.7%,17.5%,17.5%,82.5%,0.8800,3-star,629,6/19/2026,"Crest (Shelby, NC)",NC,Shelby,35.290405,-81.545645,FL,30.453529,-84.252272,369,regional,city,no,180,0,0,1,1,0,4,1,0,0,0,0,0,first commitment; thin position group,https://247sports.com/player/majay-thompson-46150551/high-school-339288/
171,2027,46153654,Myels Smith,DL,Texas A&M,Hard Commit,no,yes,53,Vulnerable,53,Vulnerable,47.2%,52.8%,33.4%,33.4%,66.6%,0.9786,4-star,51,12/20/2025,"Inglewood (Los Angeles, CA)",CA,Los Angeles,34.019394,-118.410825,TX,30.58516,-96.29636,1310,far,city,no,361,0,0,1,0,16,0,3,0,0,0,0,0,early commit; first commitment; thin position group; far; 4-star,https://247sports.com/player/myels-smith-46153654/high-school-324839/
172,2027,46166220,Owen Reineck,IOL,Tulane,Hard Commit,no,no,53,Vulnerable,53,Vulnerable,47.1%,52.9%,33.4%,33.4%,66.6%,0.8550,3-star,NA,4/17/2026,"Bayside Academy (Daphne, AL)",AL,Daphne,30.627931,-87.872087,LA,30.05342,-89.934502,129,nearby,city,no,243,0,0,0,0,0,0,0,0,0,0,0,0,early commit; first commitment; only commit at position,https://247sports.com/player/owen-reineck-46166220/high-school-358426/
173,2027,46146916,John Archer,DL,South Carolina,Hard Commit,no,yes,55,Vulnerable,45.0,Weak / Attack,46.5%,53.5%,33.4%,55.0%,45.0%,0.9333,4-star,164,4/29/2026,"Seventy-First (Fayetteville, NC)",NC,Fayetteville,35.082766,-78.973515,SC,34.040519,-80.906099,131,nearby,city,no,231,0,0,0,0,16,0,0,1,0,2,2,0,early commit; first commitment; only commit at position; 4-star; other-school OV after commit,https://247sports.com/player/john-archer-46146916/high-school-308410/
174,2027,46144142,Karece Hoyt,ATH,Baylor,Hard Commit,no,yes,35,Weak / Attack,32.0,Weak / Attack,46.4%,53.6%,55.0%,55.0%,45.0%,0.9024,4-star,332,10/11/2025,"Frisco Lone Star (Frisco, TX)",TX,Frisco,33.155427,-96.822596,TX,31.557994,-97.18975,112,nearby,city,yes,431,0,0,0,0,20,0,0,0,4,0,0,0,very early commit; first commitment; only commit at position; 4-star; other-school offers after commit,https://247sports.com/player/karece-hoyt-46144142/high-school-302338/
175,2027,46168200,Caleb Pugh,IOL,Indiana,Hard Commit,no,yes,56,Vulnerable,56,Vulnerable,46.4%,53.6%,33.4%,33.4%,66.6%,0.8600,3-star,NA,6/21/2026,"Grand Rapids Christian (Grand Rapids, MI)",MI,Grand Rapids,42.961156,-85.65557,IN,39.1637,-86.524264,266,regional,city,no,178,0,0,0,0,0,0,0,0,0,0,0,0,first commitment; only commit at position,https://247sports.com/player/caleb-pugh-46168200/high-school-361568/
176,2027,46155812,Jyrion Hampton,S,Texas State,Hard Commit,no,no,53,Vulnerable,53,Vulnerable,46.2%,53.8%,33.4%,33.4%,66.6%,0.8450,3-star,NA,4/28/2026,"South Oak Cliff (Dallas, TX)",TX,Dallas,32.793333,-96.766513,TX,29.87361,-97.936725,213,nearby,city,yes,232,0,0,0,0,0,0,0,0,0,0,0,0,early commit; first commitment; only commit at position,https://247sports.com/player/jyrion-hampton-46155812/high-school-329807/
177,2027,46157636,Edward Rivera,ATH,Sacramento State,Hard Commit,no,no,45,Weak / Attack,44.2,Weak / Attack,46.0%,54.0%,55.0%,55.0%,45.0%,0.8300,3-star,NA,6/26/2025,"Compton (Compton, CA)",CA,Compton,33.894047,-118.227469,CA,36.8,-119.4,211,nearby,city_to_state,yes,538,0,0,2,1,1,0,0,0,1,0,0,0,very early commit; first commitment; other-school offers after commit,https://247sports.com/player/edward-rivera-46157636/high-school-335863/
178,2027,46146793,Kyng Golston,DL,Tulsa,Hard Commit,no,no,58,Vulnerable,58,Vulnerable,45.9%,54.1%,33.4%,33.4%,66.6%,0.8550,3-star,NA,6/22/2026,"Valliant (Valliant, OK)",OK,Valliant,34.007542,-95.084904,OK,35.6,-97.5,176,nearby,city_to_state,yes,177,0,0,0,0,0,0,0,0,0,0,0,0,first commitment; only commit at position,https://247sports.com/player/kyng-golston-46146793/high-school-308151/
179,2027,46147761,Tytan DeJong,ATH,BYU,Hard Commit,no,yes,58,Vulnerable,58,Vulnerable,45.9%,54.1%,33.4%,33.4%,66.6%,0.8550,3-star,NA,3/30/2026,"Mountain Ridge (Herriman, UT)",UT,Herriman,40.491819,-112.02043,UT,40.245312,-111.645057,26,nearby,city,yes,261,0,0,1,1,0,0,0,0,0,0,0,0,early commit; first commitment; thin position group,https://247sports.com/player/tytan-dejong-46147761/high-school-309929/
180,2027,46167627,Jonathan Harris,S,Iowa,Hard Commit,no,yes,58,Vulnerable,58,Vulnerable,45.8%,54.2%,33.4%,33.4%,66.6%,0.8600,3-star,NA,6/8/2026,"Brother Rice (Oak Lawn, IL)",IL,Oak Lawn,41.713885,-87.752777,IA,41.655661,-91.530859,195,nearby,city,no,191,0,0,1,1,0,0,0,0,0,0,0,0,early commit; first commitment; thin position group,https://247sports.com/player/jonathan-harris-46167627/high-school-360733/
181,2027,46155207,Drew Almquist,ATH,Montana,Hard Commit,no,no,55,Vulnerable,54.2,Vulnerable,45.7%,54.3%,33.4%,33.4%,66.6%,0.8400,3-star,NA,4/3/2026,"Capital (Helena, MT)",MT,Helena,46.596556,-112.021765,MT,46.9,-110.4,80,nearby,city_to_state,yes,257,0,0,0,0,3,0,0,0,1,0,0,0,early commit; first commitment; only commit at position; other-school offers after commit,https://247sports.com/player/drew-almquist-46155207/high-school-328729/
182,2027,46166585,Matthew Smith,QB,Vanderbilt,Hard Commit,no,yes,45,Weak / Attack,45,Weak / Attack,45.6%,54.4%,55.0%,55.0%,45.0%,0.8500,3-star,NA,6/15/2026,"Santa Margarita Catholic (Rancho Santa Margarita, CA)",CA,Rancho Santa Margarita,33.632332,-117.599008,TN,35.8,-86.4,1771,cross_country,city,no,184,0,0,0,0,0,0,0,0,0,0,0,0,early commit; first commitment; only commit at position; cross country,https://247sports.com/player/matthew-smith-46166585/high-school-359218/
183,2027,46148569,Justin Coach,LB,Washington,Hard Commit,no,yes,56,Vulnerable,56,Vulnerable,45.6%,54.4%,33.4%,33.4%,66.6%,0.8689,3-star,NA,2/12/2026,"St. John Bosco (Bellflower, CA)",CA,Bellflower,33.887821,-118.12725,WA,47.619335,-122.351538,974,far,city,no,307,0,0,1,1,9,0,0,1,0,0,0,0,early commit; first commitment; thin position group; far,https://247sports.com/player/justin-coach-46148569/high-school-312276/
184,2027,46165911,Darryn Williams,LB,Wake Forest,Hard Commit,no,yes,55,Vulnerable,49.0,Weak / Attack,45.4%,54.6%,33.4%,55.0%,45.0%,0.8600,3-star,NA,4/17/2026,"Gainesville (Gainesville, GA)",GA,Gainesville,34.2901,-83.829106,NC,36.102863,-80.260829,237,nearby,city,no,243,0,0,0,0,2,0,0,0,0,1,1,0,early commit; first commitment; only commit at position; other-school OV after commit,https://247sports.com/player/darryn-williams-46165911/high-school-357363/
185,2027,46155727,Shane Reiersgaard,IOL,North Dakota,Hard Commit,no,no,50,Vulnerable,50,Vulnerable,45.3%,54.7%,33.4%,33.4%,66.6%,0.8400,3-star,NA,6/16/2026,"Brophy College Preparatory (Phoenix, AZ)",AZ,Phoenix,33.572154,-112.090132,ND,47.5,-100.5,1136,far,city_to_state,no,183,0,0,0,0,4,0,0,0,0,0,0,0,early commit; first commitment; only commit at position; far,https://247sports.com/player/shane-reiersgaard-46155727/high-school-329678/
186,2027,46159434,Michael Gibbs,DL,James Madison,Hard Commit,no,no,58,Vulnerable,58,Vulnerable,45.3%,54.7%,33.4%,33.4%,66.6%,0.8450,3-star,NA,3/28/2026,"Trinity Episcopal (Richmond, VA)",VA,Richmond,37.531399,-77.476009,VA,37.5,-78.7,67,nearby,city_to_state,yes,263,0,0,1,1,0,0,0,0,0,0,0,0,early commit; first commitment; thin position group,https://247sports.com/player/michael-gibbs-46159434/high-school-338919/
187,2027,46162016,Jameson Honey,DL,Northern Illinois,Hard Commit,no,no,60,Vulnerable,60,Vulnerable,45.2%,54.8%,33.4%,33.4%,66.6%,0.8650,3-star,NA,6/10/2026,"Lindbergh (St. Louis, MO)",MO,St. Louis,38.635699,-90.244582,IL,40.0,-89.2,110,nearby,city_to_state,no,189,0,0,0,0,7,1,0,0,0,0,0,0,early commit; first commitment; only commit at position,https://247sports.com/player/jameson-honey-46162016/high-school-345913/
188,2027,46167691,Wyatt Wilber,LB,Minnesota,Hard Commit,no,yes,53,Vulnerable,53,Vulnerable,45.1%,54.9%,33.4%,33.4%,66.6%,0.8600,3-star,NA,6/14/2026,"Maryville (Maryville, TN)",TN,Maryville,35.74781,-83.980234,MN,44.963324,-93.26832,802,far,city,no,185,0,0,1,1,0,0,0,0,0,0,0,0,early commit; first commitment; thin position group; far,https://247sports.com/player/wyatt-wilber-46167691/high-school-360803/
189,2027,46165251,Giacamo SanFilippo,LB,Kansas State,Hard Commit,no,yes,55,Vulnerable,48.8,Weak / Attack,45.0%,55.0%,33.4%,55.0%,45.0%,0.8450,3-star,NA,4/19/2026,"Bishop Moore Catholic (Orlando, FL)",FL,Orlando,28.40865,-81.254805,KS,39.188307,-96.605864,1151,far,city,no,241,0,0,1,1,4,0,0,1,3,1,1,0,early commit; first commitment; thin position group; far; other-school OV after commit,https://247sports.com/player/giacamo-sanfilippo-46165251/high-school-354988/
190,2027,46162240,Jeremy Adeyanju,RB,Washington,Hard Commit,no,yes,50,Vulnerable,50,Vulnerable,44.9%,55.1%,33.4%,33.4%,66.6%,0.9010,4-star,341,3/15/2026,"Sandra Day O'Connor (Glendale, AZ)",AZ,Glendale,33.533111,-112.189901,WA,47.619335,-122.351538,1108,far,city,no,276,0,0,0,0,18,0,0,1,0,0,0,0,early commit; first commitment; only commit at position; far; 4-star,https://247sports.com/player/jeremy-adeyanju-46162240/high-school-346340/
191,2027,46163851,Demichael Burks,CB,BYU,Hard Commit,no,yes,56,Vulnerable,56,Vulnerable,44.9%,55.1%,33.4%,33.4%,66.6%,0.8500,3-star,NA,6/15/2026,"Desert Pines (Las Vegas, NV)",NV,Las Vegas,36.233499,-115.264037,UT,40.245312,-111.645057,340,regional,city,no,184,0,0,1,1,0,0,0,0,0,0,0,0,early commit; first commitment; thin position group,https://247sports.com/player/demichael-burks-46163851/high-school-349759/
192,2027,46167106,Ethan Singletary,WR,East Carolina,Hard Commit,no,no,53,Vulnerable,53,Vulnerable,44.8%,55.2%,33.4%,33.4%,66.6%,0.8300,3-star,NA,6/14/2026,"Irmo (Columbia, SC)",SC,Columbia,34.040519,-80.906099,NC,35.6,-79.4,138,nearby,city_to_state,no,185,0,0,0,0,0,0,0,0,0,0,0,0,early commit; first commitment; only commit at position,https://247sports.com/player/ethan-singletary-46167106/high-school-359970/
193,2027,46160022,Kingston Allen,RB,Wisconsin,Hard Commit,no,yes,51,Vulnerable,51,Vulnerable,44.7%,55.3%,33.4%,33.4%,66.6%,0.9155,4-star,242,4/3/2026,"Notre Dame Academy (Green Bay, WI)",WI,Green Bay,44.521542,-87.986568,WI,43.087815,-89.429856,122,nearby,city,yes,257,0,0,0,0,5,0,0,1,0,0,0,0,early commit; first commitment; only commit at position; 4-star,https://247sports.com/player/kingston-allen-46160022/high-school-339801/
194,2027,46146815,Timmy Emongo,RB,Ball State,Hard Commit,no,no,53,Vulnerable,53,Vulnerable,44.7%,55.3%,33.4%,33.4%,66.6%,0.8450,3-star,NA,5/26/2026,"Scott County (Georgetown, KY)",KY,Georgetown,38.260181,-84.534921,IN,39.9,-86.3,148,nearby,city_to_state,no,204,0,0,0,0,0,0,0,0,0,0,0,0,early commit; first commitment; only commit at position,https://247sports.com/player/timmy-emongo-46146815/high-school-308194/
195,2027,46145150,Ayden Bullinger,OT,Hawaii,Hard Commit,no,no,47,Weak / Attack,47,Weak / Attack,44.6%,55.4%,55.0%,55.0%,45.0%,0.8200,3-star,NA,5/11/2026,"Graham-Kapowsin (Graham, WA)",WA,Graham,47.034315,-122.276854,HI,20.8,-156.3,2626,cross_country,city_to_state,no,219,0,0,0,0,5,0,0,0,0,0,0,0,early commit; first commitment; only commit at position; cross country,https://247sports.com/player/ayden-bullinger-46145150/high-school-304297/
196,2027,46166008,Christian Stowe,Edge,South Florida,Hard Commit,no,no,56,Vulnerable,56,Vulnerable,44.6%,55.4%,33.4%,33.4%,66.6%,0.8500,3-star,NA,5/30/2026,"Crest (Shelby, NC)",NC,Shelby,35.290405,-81.545645,FL,28.6,-82.4,465,regional,city_to_state,no,200,0,0,1,1,0,0,0,0,0,0,0,0,early commit; first commitment; thin position group,https://247sports.com/player/christian-stowe-46166008/high-school-357685/
197,2027,46165027,Dae'Sean Graves,WR,UConn,Hard Commit,no,no,53,Vulnerable,53,Vulnerable,44.4%,55.6%,33.4%,33.4%,66.6%,0.8650,3-star,NA,5/6/2026,"Holy Cross (Waterbury, CT)",CT,Waterbury,41.5585,-73.036685,CT,41.6,-72.7,18,nearby,city_to_state,yes,224,0,0,0,0,0,0,0,0,0,0,0,0,early commit; first commitment; only commit at position,https://247sports.com/player/daesean-graves-46165027/high-school-352712/
198,2027,46162043,Marcus Small,OT,Syracuse,Hard Commit,no,yes,35,Weak / Attack,15,Weak / Attack,44.3%,55.7%,55.0%,55.0%,45.0%,0.8689,3-star,NA,10/23/2025,"First Coast (Jacksonville, FL)",FL,Jacksonville,30.336864,-81.661603,NY,43.040998,-76.143554,929,far,city,no,419,0,0,1,0,3,0,0,0,3,4,3,0,very early commit; first commitment; thin position group; far; other-school OV after commit,https://247sports.com/player/marcus-small-46162043/high-school-345974/
199,2027,46154818,Mekai Brown,Edge,USC,Hard Commit,no,yes,42,Weak / Attack,42,Weak / Attack,44.3%,55.7%,55.0%,55.0%,45.0%,0.9829,5-star,39,4/17/2026,"Greenwich Country Day (Greenwich, CT)",CT,Greenwich,41.027773,-73.626931,CA,34.019394,-118.410825,2474,cross_country,city,no,243,0,0,0,0,19,0,4,1,0,0,0,0,early commit; first commitment; only commit at position; cross country; 5-star,https://247sports.com/player/mekai-brown-46154818/high-school-328072/
200,2027,46165288,Cadriann Olds,DL,Baylor,Hard Commit,no,yes,58,Vulnerable,46.0,Weak / Attack,44.0%,56.0%,33.4%,55.0%,45.0%,0.8600,3-star,NA,6/8/2026,"Booker T. Washington (Tulsa, OK)",OK,Tulsa,36.127949,-95.902316,TX,31.557994,-97.18975,324,regional,city,no,191,0,0,0,0,9,1,1,0,0,2,2,0,early commit; first commitment; only commit at position; other-school OV after commit,https://247sports.com/player/cadriann-olds-46165288/high-school-355211/
201,2027,46142061,Kekoa Peko,DL,Boise State,Hard Commit,no,no,58,Vulnerable,58,Vulnerable,43.7%,56.3%,33.4%,33.4%,66.6%,0.8500,3-star,NA,5/31/2026,"St. John Bosco (Bellflower, CA)",CA,Bellflower,33.887821,-118.12725,ID,44.2,-114.6,737,regional,city,no,199,0,0,0,0,13,1,0,0,0,0,0,0,early commit; first commitment; only commit at position,https://247sports.com/player/kekoa-peko-46142061/high-school-297406/
202,2027,46166998,George Murray III,CB,Kansas State,Hard Commit,no,yes,58,Vulnerable,58,Vulnerable,43.5%,56.5%,33.4%,33.4%,66.6%,0.8500,3-star,NA,6/2/2026,"Apalachee (Winder, GA)",GA,Winder,33.991568,-83.723554,KS,39.188307,-96.605864,799,far,city,no,197,0,0,2,2,0,0,0,0,0,0,0,0,early commit; first commitment; far,https://247sports.com/player/george-murray-iii-46166998/high-school-359808/
203,2027,46164472,Mo Poko,WR,Houston,Hard Commit,no,yes,55,Vulnerable,55,Vulnerable,43.3%,56.7%,33.4%,33.4%,66.6%,0.8500,3-star,NA,2/4/2026,"Katy Jordan (Fulshear, TX)",TX,Fulshear,29.692426,-95.886647,TX,29.785743,-95.388806,31,nearby,city,yes,315,0,0,0,0,5,0,0,1,0,0,0,0,early commit; first commitment; only commit at position,https://247sports.com/player/mo-poko-46164472/high-school-351308/
204,2027,46135085,Peyton Houston,QB,LSU,Hard Commit,no,yes,33,Weak / Attack,33,Weak / Attack,43.2%,56.8%,55.0%,55.0%,45.0%,0.9612,4-star,87,9/15/2025,"Evangel Christian Academy (Shreveport, LA)",LA,Shreveport,32.466879,-93.792193,LA,30.440443,-91.133166,210,nearby,city,yes,457,0,0,0,0,16,0,1,3,0,0,0,0,very early commit; first commitment; only commit at position; 4-star,https://247sports.com/player/peyton-houston-46135085/high-school-283370/
205,2027,46160698,Magnus Talma,WR,Boston College,Hard Commit,no,yes,56,Vulnerable,50.0,Vulnerable,43.2%,56.8%,33.4%,33.4%,66.6%,0.8550,3-star,NA,4/23/2026,"Bishop Moore Catholic (Orlando, FL)",FL,Orlando,28.40865,-81.254805,MA,42.2,-71.8,1090,far,city,no,237,0,0,1,1,10,0,0,0,0,1,1,0,early commit; first commitment; thin position group; far; other-school OV after commit,https://247sports.com/player/magnus-talma-46160698/high-school-341729/
206,2027,46160900,Braylon Cone,DL,Kennesaw State,Hard Commit,no,no,53,Vulnerable,53,Vulnerable,43.2%,56.8%,33.4%,33.4%,66.6%,0.8300,3-star,NA,6/4/2026,"Bulloch Academy (Statesboro, GA)",GA,Statesboro,32.437726,-81.775637,GA,32.7,-83.3,91,nearby,city_to_state,yes,195,0,0,0,0,0,0,0,0,0,0,0,0,early commit; first commitment; only commit at position,https://247sports.com/player/braylon-cone-46160900/high-school-343025/
207,2027,46157287,Julius LaRosa III,DL,NC State,Hard Commit,no,yes,63,Vulnerable,57.0,Vulnerable,43.2%,56.8%,33.4%,33.4%,66.6%,0.8650,3-star,NA,5/11/2026,"University Christian (Jacksonville, FL)",FL,Jacksonville,30.336864,-81.661603,NC,35.831868,-78.641042,418,regional,city,no,219,0,0,1,1,6,1,2,0,0,1,1,0,early commit; first commitment; thin position group; other-school OV after commit,https://247sports.com/player/julius-larosa-iii-46157287/high-school-335018/
208,2027,46154843,Yahzeen Zion,DL,Wisconsin,Hard Commit,no,yes,58,Vulnerable,58,Vulnerable,43.2%,56.8%,33.4%,33.4%,66.6%,0.8750,3-star,765,6/6/2026,"Desert Edge (Goodyear, AZ)",AZ,Goodyear,33.254031,-112.366472,WI,43.087815,-89.429856,1412,far,city,no,193,0,0,2,1,0,0,0,0,0,0,0,0,early commit; first commitment; far,https://247sports.com/player/yahzeen-zion-46154843/high-school-328119/
209,2027,46158134,Josiah Rand,LB,Washington State,Hard Commit,no,no,58,Vulnerable,58,Vulnerable,43.1%,56.9%,33.4%,33.4%,66.6%,0.8400,3-star,NA,4/25/2026,"Chaminade (West Hills, CA)",CA,West Hills,,,WA,47.4,-120.7,735,regional,state,no,235,0,0,1,1,2,0,0,1,0,0,0,0,early commit; first commitment; thin position group,https://247sports.com/player/josiah-rand-46158134/high-school-336988/
210,2027,46157566,Curtis Zeno Jr.,RB,Arizona,Hard Commit,no,yes,53,Vulnerable,53,Vulnerable,43.0%,57.0%,33.4%,33.4%,66.6%,0.8200,3-star,NA,6/13/2026,"Katy Paetow (Katy, TX)",TX,Katy,29.790915,-95.840711,AZ,32.153036,-110.870773,904,far,city,no,186,0,0,1,1,0,0,0,0,0,0,0,0,early commit; first commitment; thin position group; far,https://247sports.com/player/curtis-zeno-jr-46157566/high-school-335770/
211,2027,46165252,Avier Jordan,CB,Jacksonville State,Hard Commit,no,no,54,Vulnerable,54,Vulnerable,43.0%,57.0%,33.4%,33.4%,66.6%,0.8500,3-star,NA,6/14/2026,"Miami Central (Miami, FL)",FL,Miami,25.775163,-80.208615,AL,32.8,-86.8,627,regional,city_to_state,no,185,0,0,0,0,7,0,0,0,0,0,0,0,early commit; first commitment; only commit at position,https://247sports.com/player/avier-jordan-46165252/high-school-354989/
212,2027,46148922,Colin Urrea,IOL,Pittsburgh,Hard Commit,no,yes,41,Weak / Attack,40.8,Weak / Attack,42.9%,57.1%,55.0%,55.0%,45.0%,0.8100,3-star,NA,6/15/2025,"Community School of Naples (Naples, FL)",FL,Naples,26.150485,-81.795299,PA,40.439936,-79.975676,993,far,city,no,549,0,0,3,3,4,0,4,1,3,0,0,0,very early commit; first commitment; far; other-school offers after commit,https://247sports.com/player/colin-urrea-46148922/high-school-313229/
213,2027,46165749,Cooper Hodson,IOL,Delaware,Hard Commit,no,no,56,Vulnerable,56,Vulnerable,42.9%,57.1%,33.4%,33.4%,66.6%,0.8300,3-star,NA,6/22/2026,"Providence Day School (Charlotte, NC)",NC,Charlotte,35.209045,-80.83099,DE,39.0,-75.5,393,regional,city_to_state,no,177,0,0,0,0,0,0,0,0,0,0,0,0,first commitment; only commit at position,https://247sports.com/player/cooper-hodson-46165749/high-school-356767/
214,2027,46163212,Ryinn Fox,S,Cincinnati,Hard Commit,no,yes,61,Vulnerable,61,Vulnerable,42.9%,57.1%,33.4%,33.4%,66.6%,0.8500,3-star,NA,6/7/2026,"Central Gwinnett (Lawrenceville, GA)",GA,Lawrenceville,33.952875,-83.992231,OH,39.140183,-84.505829,360,regional,city,no,192,0,0,2,2,0,0,0,0,0,0,0,0,early commit; first commitment,https://247sports.com/player/ryinn-fox-46163212/high-school-348028/
215,2027,46143884,Kade Goodin,QB,Ball State,Hard Commit,no,no,53,Vulnerable,53,Vulnerable,42.8%,57.2%,33.4%,33.4%,66.6%,0.8550,3-star,NA,4/5/2026,"Martha Layne Collins (Shelbyville, KY)",KY,Shelbyville,38.20762,-85.229271,IN,39.9,-86.3,130,nearby,city_to_state,no,255,0,0,0,0,0,0,0,0,0,0,0,0,early commit; first commitment; only commit at position,https://247sports.com/player/kade-goodin-46143884/high-school-301984/
216,2027,46162462,Ryce Palepoi,LB,Boise State,Hard Commit,no,no,51,Vulnerable,51,Vulnerable,42.7%,57.3%,33.4%,33.4%,66.6%,0.8300,3-star,NA,6/15/2026,"Corner Canyon (Draper, UT)",UT,Draper,40.49715,-111.864636,ID,44.2,-114.6,291,regional,city,no,184,0,0,0,0,0,0,0,0,0,0,0,0,early commit; first commitment; only commit at position,https://247sports.com/player/ryce-palepoi-46162462/high-school-346620/
217,2027,46165141,Dontrell Young,S,Iowa State,Hard Commit,no,yes,61,Vulnerable,61,Vulnerable,42.7%,57.3%,33.4%,33.4%,66.6%,0.8550,3-star,NA,6/9/2026,"Oswego (Oswego, IL)",IL,Oswego,41.68322,-88.338849,IA,42.026327,-93.621264,273,regional,city,no,190,0,0,2,2,0,0,0,0,0,0,0,0,early commit; first commitment,https://247sports.com/player/dontrell-young-46165141/high-school-353362/
218,2027,46161643,Ryan Harrigan,QB,Charlotte,Hard Commit,no,no,51,Vulnerable,51,Vulnerable,42.6%,57.4%,33.4%,33.4%,66.6%,0.8550,3-star,NA,6/2/2026,"Woodward Academy (College Park, GA)",GA,College Park,33.64145,-84.463489,NC,35.6,-79.4,318,regional,city_to_state,no,197,0,0,0,0,0,0,0,0,0,0,0,0,early commit; first commitment; only commit at position,https://247sports.com/player/ryan-harrigan-46161643/high-school-345011/
219,2027,46161132,Ohimai Ozolua,DL,Michigan State,Hard Commit,no,yes,52,Vulnerable,52,Vulnerable,42.6%,57.4%,33.4%,33.4%,66.6%,0.8911,4-star,429,4/24/2026,"St Rita Of Cascia (Chicago, IL)",IL,Chicago,41.837045,-87.684939,MI,42.748913,-84.482442,175,nearby,city,no,236,0,0,0,0,15,0,0,1,0,0,0,0,early commit; first commitment; only commit at position; 4-star,https://247sports.com/player/ohimai-ozolua-46161132/high-school-343957/
220,2027,46142087,Maurice Williams,CB,Washington,Hard Commit,no,yes,56,Vulnerable,56,Vulnerable,42.6%,57.4%,33.4%,33.4%,66.6%,0.8811,3-star,612,12/24/2025,"Timberline (Lacey, WA)",WA,Lacey,47.043087,-122.798232,WA,47.619335,-122.351538,45,nearby,city,yes,357,0,0,0,0,10,0,0,1,1,0,0,0,early commit; first commitment; only commit at position; other-school offers after commit,https://247sports.com/player/maurice-williams-46142087/high-school-337678/
221,2027,46153225,Louis Esposito,IOL,Michigan,Hard Commit,no,yes,34,Weak / Attack,31.5,Weak / Attack,42.5%,57.5%,55.0%,55.0%,45.0%,0.8689,3-star,NA,7/20/2025,"Saline (Saline, MI)",MI,Saline,42.173829,-83.776924,MI,42.276147,-83.73086,7,nearby,city,yes,514,0,0,0,0,13,0,1,1,6,0,0,0,very early commit; first commitment; only commit at position; other-school offers after commit,https://247sports.com/player/louis-esposito-46153225/high-school-324078/
222,2027,46157005,Jaden Days,S,Temple,Hard Commit,no,no,58,Vulnerable,58,Vulnerable,42.5%,57.5%,33.4%,33.4%,66.6%,0.8400,3-star,NA,6/8/2026,"Millville (Millville, NJ)",NJ,Millville,39.390093,-75.054797,PA,41.2,-77.2,169,nearby,city_to_state,no,191,0,0,1,1,0,0,0,0,0,0,0,0,early commit; first commitment; thin position group,https://247sports.com/player/jaden-days-46157005/high-school-333998/
223,2027,46144165,Weston Nielsen,QB,Arizona State,Hard Commit,no,yes,30,Weak / Attack,30,Weak / Attack,42.4%,57.6%,55.0%,55.0%,45.0%,0.8911,4-star,429,12/13/2025,"Bastrop (Bastrop, TX)",TX,Bastrop,30.1111,-97.318152,AZ,33.388414,-111.931782,887,far,city,no,368,0,0,0,0,18,0,0,1,1,0,0,0,very early commit; first commitment; only commit at position; far; 4-star,https://247sports.com/player/weston-nielsen-46144165/high-school-302376/
224,2027,46150626,Jai Jones,WR,Wisconsin,Hard Commit,no,yes,54,Vulnerable,42.0,Weak / Attack,42.4%,57.6%,33.4%,55.0%,45.0%,0.9038,4-star,319,5/31/2026,"Chandler (Chandler, AZ)",AZ,Chandler,33.282765,-111.851819,WI,43.087815,-89.429856,1387,far,city,no,199,0,0,0,0,19,2,0,0,0,2,2,0,early commit; first commitment; only commit at position; far; 4-star,https://247sports.com/player/jai-jones-46150626/high-school-316311/
225,2027,46151827,John Gay,S,Notre Dame,Hard Commit,no,yes,60,Vulnerable,44.0,Weak / Attack,42.4%,57.6%,33.4%,55.0%,45.0%,0.8750,3-star,765,4/22/2026,"Chaminade-Madonna (Hollywood, FL)",FL,Hollywood,26.030967,-80.164609,IN,41.700283,-86.238679,1137,far,city,no,238,0,0,1,1,12,1,1,1,0,3,3,0,early commit; first commitment; thin position group; far; other-school OV after commit,https://247sports.com/player/john-gay-46151827/high-school-320081/
226,2027,46149306,Brady Bush,Edge,Miami (OH),Hard Commit,no,no,53,Vulnerable,53,Vulnerable,42.4%,57.6%,33.4%,33.4%,66.6%,0.8450,3-star,NA,3/18/2026,"Solon (Solon, OH)",OH,Solon,41.38599,-81.440835,OH,40.4,-82.8,98,nearby,city_to_state,yes,273,0,0,0,0,0,0,0,0,0,0,0,0,early commit; first commitment; only commit at position,https://247sports.com/player/brady-bush-46149306/high-school-314208/
227,2027,46160026,Dustin Roach,S,Wisconsin,Hard Commit,no,yes,65,Stable / Monitor,65,Stable / Monitor,42.4%,57.6%,17.5%,17.5%,82.5%,0.8678,3-star,NA,1/23/2026,"Catholic Memorial (Waukesha, WI)",WI,Waukesha,43.009084,-88.245062,WI,43.087815,-89.429856,60,nearby,city,yes,327,0,0,2,2,1,0,0,1,0,0,0,0,early commit; first commitment,https://247sports.com/player/dustin-roach-46160026/high-school-339805/
228,2027,46162296,Jonah Lubno,QB,Utah,Hard Commit,no,yes,51,Vulnerable,51,Vulnerable,42.3%,57.7%,33.4%,33.4%,66.6%,0.8500,3-star,NA,6/14/2026,"Campo Verde (Gilbert, AZ)",AZ,Gilbert,33.310345,-111.743121,UT,40.776928,-111.930991,516,regional,city,no,185,0,0,0,0,0,0,0,0,0,0,0,0,early commit; first commitment; only commit at position,https://247sports.com/player/jonah-lubno-46162296/high-school-346404/
229,2027,46165580,Delijah Matthews,RB,UNLV,Hard Commit,no,no,55,Vulnerable,55,Vulnerable,42.3%,57.7%,33.4%,33.4%,66.6%,0.8700,3-star,888,6/16/2026,"Carl Albert (Oklahoma City, OK)",OK,Oklahoma City,35.467079,-97.513657,NV,39.3,-116.6,1079,far,city_to_state,no,183,0,0,0,0,10,1,0,0,0,0,0,0,early commit; first commitment; only commit at position; far,https://247sports.com/player/delijah-matthews-46165580/high-school-355667/
230,2027,46159660,Jonathan Toney,OT,Memphis,Hard Commit,no,no,51,Vulnerable,51,Vulnerable,42.2%,57.8%,33.4%,33.4%,66.6%,0.8500,3-star,NA,6/15/2026,"West Laurens (Dublin, GA)",GA,Dublin,32.535471,-82.928807,TN,35.109164,-89.968511,441,regional,city,no,184,0,0,0,0,0,0,0,0,0,0,0,0,early commit; first commitment; only commit at position,https://247sports.com/player/jonathan-toney-46159660/high-school-339227/
231,2027,46150112,Honor Fa'alave-Johnson,ATH,USC,Hard Commit,no,yes,50,Vulnerable,50,Vulnerable,42.1%,57.9%,33.4%,33.4%,66.6%,0.9905,5-star,15,3/14/2026,"Cathedral Catholic (San Diego, CA)",CA,San Diego,32.814977,-117.135562,CA,34.019394,-118.410825,111,nearby,city,yes,277,0,0,0,0,16,0,3,1,0,0,0,0,early commit; first commitment; only commit at position; 5-star,https://247sports.com/player/honor-faalave-johnson-46150112/high-school-315391/
232,2027,46160348,Wyatt Frey,TE,Northwestern,Hard Commit,no,yes,38,Weak / Attack,38,Weak / Attack,42.0%,58.0%,55.0%,55.0%,45.0%,0.8700,3-star,888,11/18/2025,"Lawrence-Nelson (Nelson, NE)",NE,Nelson,40.201167,-98.06863,IL,42.046391,-87.694352,554,regional,city,no,393,0,0,1,0,1,0,0,0,0,0,0,0,very early commit; first commitment; thin position group,https://247sports.com/player/wyatt-frey-46160348/high-school-340482/
233,2027,46165810,Josiah Sturdivant,Edge,Rutgers,Hard Commit,no,yes,58,Vulnerable,46.0,Weak / Attack,42.0%,58.0%,33.4%,55.0%,45.0%,0.8800,3-star,629,5/30/2026,"Wake Forest (Wake Forest, NC)",NC,Wake Forest,35.964409,-78.51332,NJ,40.1,-74.5,360,regional,city,no,200,0,0,0,0,8,1,0,0,0,2,2,0,early commit; first commitment; only commit at position; other-school OV after commit,https://247sports.com/player/josiah-sturdivant-46165810/high-school-356943/
234,2027,46157266,Karson McKenzie,WR,Wyoming,Hard Commit,no,no,58,Vulnerable,58,Vulnerable,42.0%,58.0%,33.4%,33.4%,66.6%,0.8200,3-star,NA,4/6/2026,"Cherry Creek (Englewood, CO)",CO,Englewood,39.646979,-104.994465,WY,43.0,-107.6,268,regional,city_to_state,no,254,0,0,1,1,4,0,0,0,0,0,0,0,early commit; first commitment; thin position group,https://247sports.com/player/karson-mckenzie-46157266/high-school-334934/
235,2027,46144737,Will Lynch,IOL,Colorado State,Hard Commit,no,no,51,Vulnerable,45.0,Weak / Attack,41.9%,58.1%,33.4%,55.0%,45.0%,0.8400,3-star,NA,5/7/2026,"Lake Stevens (Lake Stevens, WA)",WA,Lake Stevens,48.003405,-122.096828,CO,39.0,-105.5,1035,far,city_to_state,no,223,0,0,0,0,8,0,0,0,0,1,1,0,early commit; first commitment; only commit at position; far; other-school OV after commit,https://247sports.com/player/will-lynch-46144737/high-school-303662/
236,2027,46165667,Bryce Coleman,TE,Louisiana,Hard Commit,no,no,55,Vulnerable,55,Vulnerable,41.7%,58.3%,33.4%,33.4%,66.6%,0.8700,3-star,888,3/22/2026,"Shadow Creek (Pearland, TX)",TX,Pearland,29.555732,-95.323012,LA,31.2,-92.3,213,nearby,city_to_state,no,269,0,0,0,0,4,0,0,0,0,0,0,0,early commit; first commitment; only commit at position,https://247sports.com/player/bryce-coleman-46165667/high-school-356145/
237,2027,46149514,Jaxon Holly,Edge,Florida State,Hard Commit,no,yes,58,Vulnerable,58,Vulnerable,41.7%,58.3%,33.4%,33.4%,66.6%,0.8800,3-star,629,6/14/2026,"Roswell (Roswell, GA)",GA,Roswell,34.039453,-84.350946,FL,30.453529,-84.252272,248,nearby,city,no,185,0,0,1,1,0,0,0,0,0,0,0,0,early commit; first commitment; thin position group,https://247sports.com/player/jaxon-holly-46149514/high-school-314560/
238,2027,46158456,Joshua Echols,LB,Middle Tennessee,Hard Commit,no,no,58,Vulnerable,58,Vulnerable,41.7%,58.3%,33.4%,33.4%,66.6%,0.8600,3-star,NA,6/20/2026,"Buford (Buford, GA)",GA,Buford,34.118562,-83.98861,TN,35.8,-86.4,179,nearby,city_to_state,no,179,0,0,0,0,0,0,0,0,0,0,0,0,first commitment; only commit at position,https://247sports.com/player/joshua-echols-46158456/high-school-337483/
239,2027,46141363,Nico Bland,WR,Arizona State,Hard Commit,no,yes,33,Weak / Attack,33,Weak / Attack,41.6%,58.4%,55.0%,55.0%,45.0%,0.9118,4-star,269,12/2/2025,"Orange Lutheran (Orange, CA)",CA,Orange,33.786971,-117.861265,AZ,33.388414,-111.931782,342,regional,city,no,379,0,0,1,0,9,0,1,1,0,0,0,0,very early commit; first commitment; thin position group; 4-star,https://247sports.com/player/nico-bland-46141363/high-school-296138/
240,2027,46162168,DaJour Webb,DL,West Virginia,Hard Commit,no,yes,56,Vulnerable,43.0,Weak / Attack,41.6%,58.4%,33.4%,55.0%,45.0%,0.8700,3-star,888,3/7/2026,"Jones (Orlando, FL)",FL,Orlando,28.40865,-81.254805,WV,39.637487,-79.946856,779,far,city,no,284,0,0,1,0,7,0,0,1,4,2,2,0,early commit; first commitment; thin position group; far; other-school OV after commit,https://247sports.com/player/dajour-webb-46162168/high-school-346245/
241,2027,46167436,Gus Faulkner,LB,Tulane,Hard Commit,no,no,53,Vulnerable,53,Vulnerable,41.6%,58.4%,33.4%,33.4%,66.6%,0.8550,3-star,NA,6/9/2026,"Fairhope (Fairhope, AL)",AL,Fairhope,30.52092,-87.879122,LA,30.05342,-89.934502,127,nearby,city,no,190,0,0,0,0,0,0,0,0,0,0,0,0,early commit; first commitment; only commit at position,https://247sports.com/player/gus-faulkner-46167436/high-school-360459/
242,2027,46160423,Zion Vilma,ATH,Rutgers,Hard Commit,no,yes,58,Vulnerable,58,Vulnerable,41.6%,58.4%,33.4%,33.4%,66.6%,0.8700,3-star,888,5/31/2026,"Dr. Joaquin Garcia (Lake Worth, FL)",FL,Lake Worth,,,NJ,40.1,-74.5,913,far,state,no,199,0,0,0,0,17,1,0,0,0,0,0,0,early commit; first commitment; only commit at position; far,https://247sports.com/player/zion-vilma-46160423/high-school-340826/
243,2027,46149188,Landon Blum,WR,Penn State,Hard Commit,no,yes,48,Weak / Attack,48,Weak / Attack,41.5%,58.5%,55.0%,55.0%,45.0%,0.9062,4-star,306,4/4/2026,"Woodbine (Woodbine, IA)",IA,Woodbine,41.736338,-95.711055,PA,40.791039,-77.856813,928,far,city,no,256,0,0,0,0,19,0,1,1,0,0,0,0,early commit; first commitment; only commit at position; far; 4-star,https://247sports.com/player/landon-blum-46149188/high-school-313933/
244,2027,46155454,Brody Craig,IOL,Old Dominion,Hard Commit,no,no,56,Vulnerable,56,Vulnerable,41.5%,58.5%,33.4%,33.4%,66.6%,0.8400,3-star,NA,5/14/2026,"Sequoyah (Canton, GA)",GA,Canton,34.247201,-84.490723,VA,37.5,-78.7,394,regional,city_to_state,no,216,0,0,1,1,0,0,0,0,0,0,0,0,early commit; first commitment; thin position group,https://247sports.com/player/brody-craig-46155454/high-school-329124/
245,2027,46164194,Jhadyn Nelson,LB,Texas Tech,Hard Commit,no,yes,53,Vulnerable,33,Weak / Attack,41.4%,58.6%,33.4%,55.0%,45.0%,0.9747,4-star,66,3/18/2026,"Langham Creek (Houston, TX)",TX,Houston,29.785743,-95.388806,TX,33.561901,-101.888883,463,regional,city,yes,273,0,0,0,0,16,0,0,1,1,6,6,0,early commit; first commitment; only commit at position; 4-star; other-school OV after commit,https://247sports.com/player/jhadyn-nelson-46164194/high-school-350620/
246,2027,46155280,Carter Blattner,DL,Penn State,Hard Commit,no,yes,61,Vulnerable,45.0,Weak / Attack,41.4%,58.6%,33.4%,55.0%,45.0%,0.8889,3-star,480,4/4/2026,"Northern Highlands (Allendale, NJ)",NJ,Allendale,41.032669,-74.133826,PA,40.791039,-77.856813,195,nearby,city,no,256,0,0,1,1,12,0,0,1,0,3,3,0,early commit; first commitment; thin position group; other-school OV after commit,https://247sports.com/player/carter-blattner-46155280/high-school-328875/
247,2027,46148425,Bradley Cassier,QB,New Mexico,Hard Commit,no,no,53,Vulnerable,50.0,Vulnerable,41.4%,58.6%,33.4%,33.4%,66.6%,0.8500,3-star,NA,5/7/2026,"St. Monica Catholic (Santa Monica, CA)",CA,Santa Monica,34.010911,-118.498245,NM,34.4,-106.1,709,regional,city_to_state,no,223,0,0,0,0,4,0,0,0,4,0,0,0,early commit; first commitment; only commit at position; other-school offers after commit,https://247sports.com/player/bradley-cassier-46148425/high-school-311913/
248,2027,46158439,Chris Bradley,CB,Indiana,Hard Commit,no,yes,58,Vulnerable,58,Vulnerable,41.4%,58.6%,33.4%,33.4%,66.6%,0.8600,3-star,NA,6/14/2026,"North College Hill (West Chester, OH)",OH,West Chester,,,IN,39.1637,-86.524264,215,nearby,state,no,185,0,0,1,1,0,0,0,0,0,0,0,0,early commit; first commitment; thin position group,https://247sports.com/player/chris-bradley-46158439/high-school-337465/
249,2027,46159846,Justyn Lindsay,WR,Nebraska,Hard Commit,no,yes,58,Vulnerable,58,Vulnerable,41.4%,58.6%,33.4%,33.4%,66.6%,0.8500,3-star,NA,6/13/2026,"Blue Springs (Blue Springs, MO)",MO,Blue Springs,39.012001,-94.267612,NE,40.810284,-96.674856,178,nearby,city,no,186,0,0,1,1,0,0,0,0,0,0,0,0,early commit; first commitment; thin position group,https://247sports.com/player/justyn-lindsay-46159846/high-school-339501/
250,2027,46165474,Kaden Estep,QB,Miami (OH),Hard Commit,no,no,53,Vulnerable,53,Vulnerable,41.3%,58.7%,33.4%,33.4%,66.6%,0.8600,3-star,NA,2/1/2026,"Cincinnati Elder (Cincinnati, OH)",OH,Cincinnati,39.140183,-84.505829,OH,40.4,-82.8,126,nearby,city_to_state,yes,318,0,0,0,0,0,0,0,0,0,0,0,0,early commit; first commitment; only commit at position,https://247sports.com/player/kaden-estep-46165474/high-school-355446/
