board_rank,class_year,player_id,name,position,committed_team,commitment_type,is_signed_or_enrolled,is_power_team_guess,commitment_strength_score,strength_tier,live_commitment_strength_score,live_strength_tier,model_decommit_flip_probability,model_stick_probability,historical_bucket_decommit_flip_rate,estimated_decommit_flip_probability,estimated_stick_probability,rating,star_bucket,national_rank,committed_date,high_school,home_state,home_city,home_lat,home_lon,college_state,college_lat,college_lon,home_to_school_miles,distance_bucket,geography_precision,is_in_state_commit,days_to_early_signing_day,prior_commitments,prior_decommits,same_position_commits_at_school,higher_rated_same_position_commits,offers_before_commit,official_visits_before_commit,unofficial_visits_before_commit,post_commit_committed_school_visits,post_commit_other_school_offers,post_commit_other_school_visits,post_commit_other_school_official_visits,post_commit_other_team_events,why_flagged,profile_url
1,2024,46113642,Kam Davis,RB,Florida State,Enrolled,yes,yes,29,Weak / Attack,29,Weak / Attack,97.7%,2.3%,55.5%,55.5%,44.5%,0.9523,4-star,98,2/25/2021,"Dougherty (Albany, GA)",GA,Albany,31.578117,-84.176224,FL,30.453529,-84.252272,78,nearby,city,no,1028,0,0,0,0,0,0,0,0,0,0,0,0,very early commit; first commitment; only commit at position; 4-star,https://247sports.com/player/kam-davis-46113642/
2,2027,46144117,Tank White,ATH,Syracuse,Hard Commit,no,yes,29,Weak / Attack,26.0,Weak / Attack,95.5%,4.5%,55.5%,55.5%,44.5%,0.8644,3-star,NA,6/7/2024,"Melbourne Central Catholic (Melbourne, FL)",FL,Melbourne,28.110438,-80.662717,NY,43.040998,-76.143554,1062,far,city,no,922,0,0,0,0,8,0,1,0,4,0,0,0,very early commit; first commitment; only commit at position; far; other-school offers after commit,https://247sports.com/player/tank-white-46144117/
3,2024,46125466,Dallin Johnson,DL,BYU,Enrolled,yes,yes,35,Weak / Attack,34.2,Weak / Attack,93.6%,6.4%,55.5%,55.5%,44.5%,0.8492,3-star,NA,6/12/2021,"Springville (Springville, UT)",UT,Springville,40.164273,-111.619525,UT,40.245312,-111.645057,6,nearby,city,yes,921,0,0,0,0,1,0,0,0,1,0,0,0,very early commit; first commitment; only commit at position; other-school offers after commit,https://247sports.com/player/dallin-johnson-46125466/
4,2027,46156635,Jacob Thomas,WR,Pittsburgh,Hard Commit,no,yes,28,Weak / Attack,8,Weak / Attack,91.8%,8.2%,55.5%,55.5%,44.5%,0.8722,3-star,830,3/1/2025,"Flanagan (Hollywood, FL)",FL,Hollywood,26.030967,-80.164609,PA,40.439936,-79.975676,996,far,city,no,655,0,0,0,0,0,0,0,1,21,3,3,0,very early commit; first commitment; only commit at position; far; other-school OV after commit,https://247sports.com/player/jacob-thomas-46156635/
5,2026,46141067,Tony Cumberland,DL,Oregon,Enrolled,yes,yes,34,Weak / Attack,34,Weak / Attack,91.5%,8.5%,55.5%,55.5%,44.5%,0.9728,4-star,60,9/23/2023,"Willamette (Eugene, OR)",OR,Eugene,44.056848,-123.119019,OR,44.056848,-123.119019,0,in_state,city,yes,816,0,0,0,0,10,0,0,0,0,0,0,0,very early commit; first commitment; only commit at position; 4-star,https://247sports.com/player/tony-cumberland-46141067/
6,2023,46103492,Datrell Jones,RB,Boston College,Enrolled,yes,yes,35,Weak / Attack,34.2,Weak / Attack,90.4%,9.6%,55.5%,55.5%,44.5%,0.8797,3-star,611,8/5/2020,"Catholic Memorial (West Roxbury, MA)",MA,West Roxbury,,,MA,42.2,-71.8,0,in_state,state,yes,868,0,0,0,0,0,0,0,0,1,0,0,0,very early commit; first commitment; only commit at position; other-school offers after commit,https://247sports.com/player/datrell-jones-46103492/
7,2027,46156736,Tyler Reid,RB,Pittsburgh,Hard Commit,no,yes,30,Weak / Attack,29.8,Weak / Attack,89.9%,10.1%,55.5%,55.5%,44.5%,0.8756,3-star,729,3/6/2025,"St. Thomas Aquinas (Miramar, FL)",FL,Miramar,25.972529,-80.338582,PA,40.439936,-79.975676,1000,far,city,no,650,0,0,0,0,1,0,0,1,3,0,0,0,very early commit; first commitment; only commit at position; far; other-school offers after commit,https://247sports.com/player/tyler-reid-46156736/
8,2027,46150339,Jackson Tucker,S,Boston College,Hard Commit,no,yes,37,Weak / Attack,37,Weak / Attack,89.7%,10.3%,55.5%,55.5%,44.5%,0.8800,3-star,608,10/7/2024,"Catholic Memorial (West Roxbury, MA)",MA,West Roxbury,,,MA,42.2,-71.8,0,in_state,state,yes,800,0,0,0,0,1,0,0,0,0,0,0,0,very early commit; first commitment; only commit at position,https://247sports.com/player/jackson-tucker-46150339/
9,2022,46085471,Jaiven Plummer,WR,California,Enrolled,yes,yes,25,Weak / Attack,5,Weak / Attack,88.1%,11.9%,55.5%,55.5%,44.5%,0.8707,3-star,759,7/21/2020,"Episcopal (Alexandria, VA)",VA,Alexandria,38.819251,-77.08367,CA,37.865673,-122.298725,2426,cross_country,city,no,512,0,0,0,0,0,0,0,0,17,4,4,0,very early commit; first commitment; only commit at position; cross country; other-school OV after commit,https://247sports.com/player/jaiven-plummer-46085471/
10,2027,46139621,Skylar Robinson,ATH,North Carolina,Hard Commit,no,yes,28,Weak / Attack,28,Weak / Attack,88.0%,12.0%,55.5%,55.5%,44.5%,0.8522,3-star,NA,2/1/2025,"Chaminade (West Hills, CA)",CA,West Hills,,,NC,35.928328,-79.041375,2229,cross_country,state,no,683,0,0,0,0,12,0,0,0,0,0,0,0,very early commit; first commitment; only commit at position; cross country,https://247sports.com/player/skylar-robinson-46139621/
11,2023,46103170,Pearce Spurlin III,TE,Georgia,Enrolled,yes,yes,32,Weak / Attack,32,Weak / Attack,88.0%,12.0%,55.5%,55.5%,44.5%,0.9652,4-star,77,9/30/2020,"South Walton (Santa Rosa Beach, FL)",FL,Santa Rosa Beach,,,GA,32.7,-83.3,288,regional,state,no,812,0,0,1,0,0,0,0,0,0,0,0,0,very early commit; first commitment; thin position group; 4-star,https://247sports.com/player/pearce-spurlin-iii-46103170/
12,2027,46157065,Travis Miles,S,Syracuse,Hard Commit,no,yes,35,Weak / Attack,35,Weak / Attack,87.4%,12.6%,55.5%,55.5%,44.5%,0.8767,3-star,705,3/26/2025,"Hillside (Hillside, NJ)",NJ,Hillside,,,NY,43.040998,-76.143554,220,nearby,state,no,630,0,0,0,0,1,0,0,0,0,0,0,0,very early commit; first commitment; only commit at position,https://247sports.com/player/travis-miles-46157065/
13,2026,46141498,Tre Bell III,S,Florida State,Enrolled,yes,yes,32,Weak / Attack,32,Weak / Attack,85.9%,14.1%,55.5%,55.5%,44.5%,0.8975,4-star,389,10/10/2023,"Barbara Goleman (Hialeah, FL)",FL,Hialeah,25.869941,-80.302865,FL,30.453529,-84.252272,398,regional,city,yes,799,0,0,1,0,0,0,0,0,0,0,0,0,very early commit; first commitment; thin position group; 4-star,https://247sports.com/player/tre-bell-iii-46141498/
14,2025,46136240,Karle Lacey Jr.,QB,Texas,Enrolled,yes,yes,27,Weak / Attack,27,Weak / Attack,85.8%,14.2%,55.5%,55.5%,44.5%,0.9336,4-star,156,6/3/2023,"Saraland (Saraland, AL)",AL,Saraland,30.854573,-88.109844,TX,30.298622,-97.754134,575,regional,city,no,564,0,0,0,0,0,0,0,0,0,0,0,0,very early commit; first commitment; only commit at position; 4-star,https://247sports.com/player/karle-lacey-jr-46136240/
15,2026,46137912,EJ White,ATH,Florida State,Enrolled,yes,yes,32,Weak / Attack,32,Weak / Attack,85.1%,14.9%,55.5%,55.5%,44.5%,0.9099,4-star,269,12/12/2023,"Vero Beach (Vero Beach, FL)",FL,Vero Beach,27.64722,-80.393136,FL,30.453529,-84.252272,303,regional,city,yes,736,0,0,1,0,0,0,0,0,0,0,0,0,very early commit; first commitment; thin position group; 4-star,https://247sports.com/player/ej-white-46137912/
16,2023,46083896,Lamont Green Jr.,Edge,Florida State,Enrolled,yes,yes,30,Weak / Attack,25.2,Weak / Attack,83.5%,16.5%,55.5%,55.5%,44.5%,0.9049,4-star,297,2/19/2021,"Gulliver Prep (Miami, FL)",FL,Miami,25.775163,-80.208615,FL,30.453529,-84.252272,406,regional,city,yes,670,0,0,0,0,6,0,0,4,1,4,0,0,very early commit; first commitment; only commit at position; 4-star; other-school visit after commit,https://247sports.com/player/lamont-green-jr-46083896/
17,2023,46086674,Mega Barnwell,ATH,Penn State,Enrolled,yes,yes,29,Weak / Attack,29,Weak / Attack,82.8%,17.2%,55.5%,55.5%,44.5%,0.8925,4-star,418,9/25/2021,"Riverbend (Fredericksburg, VA)",VA,Fredericksburg,38.299272,-77.486658,PA,40.791039,-77.856813,173,nearby,city,no,452,0,0,0,0,0,0,0,0,0,0,0,0,very early commit; first commitment; only commit at position; 4-star,https://247sports.com/player/mega-barnwell-46086674/
18,2025,46131143,Jack Van Dorselaer,ATH,Tennessee,Enrolled,yes,yes,44,Weak / Attack,43.0,Weak / Attack,82.8%,17.2%,55.5%,55.5%,44.5%,0.8975,4-star,374,1/7/2024,"Southlake Carroll (Southlake, TX)",TX,Southlake,32.954493,-97.148867,TN,35.97068,-83.94927,780,far,city,no,346,0,0,0,0,0,0,0,1,0,1,0,0,early commit; first commitment; only commit at position; far; 4-star,https://247sports.com/player/jack-van-dorselaer-46131143/
19,2024,46117038,Cody Fox,IOL,Iowa,Enrolled,yes,yes,36,Weak / Attack,36,Weak / Attack,82.6%,17.4%,55.5%,55.5%,44.5%,0.8950,4-star,409,6/19/2021,"East Buchanan (Winthrop, IA)",IA,Winthrop,42.470766,-91.737378,IA,41.655661,-91.530859,57,nearby,city,yes,914,0,0,1,0,1,0,0,1,0,0,0,0,very early commit; first commitment; thin position group; 4-star,https://247sports.com/player/cody-fox-46117038/
20,2023,46103493,Jaedn Skeete,WR,Boston College,Enrolled,yes,yes,40,Weak / Attack,40,Weak / Attack,81.6%,18.4%,55.5%,55.5%,44.5%,0.8808,3-star,593,8/5/2020,"Catholic Memorial (West Roxbury, MA)",MA,West Roxbury,,,MA,42.2,-71.8,0,in_state,state,yes,868,0,0,1,0,0,0,0,0,0,0,0,0,very early commit; first commitment; thin position group,https://247sports.com/player/jaedn-skeete-46103493/
21,2024,46111524,Camdon Frier,WR,Florida State,Enrolled,yes,yes,34,Weak / Attack,31.0,Weak / Attack,81.0%,19.0%,55.5%,55.5%,44.5%,0.8900,4-star,481,1/29/2022,"Columbia (Lake City, FL)",FL,Lake City,30.188638,-82.642246,FL,30.453529,-84.252272,98,nearby,city,yes,690,0,0,1,1,1,0,1,6,4,4,0,0,very early commit; first commitment; thin position group; 4-star; other-school visit after commit,https://247sports.com/player/camdon-frier-46111524/
22,2024,46122966,Eric Brantley Jr.,DL,Colorado,Enrolled,yes,yes,53,Vulnerable,53,Vulnerable,80.0%,20.0%,33.4%,33.4%,66.6%,0.8822,3-star,616,12/28/2022,"Valdosta (Valdosta, GA)",GA,Valdosta,30.850126,-83.278833,CO,40.024431,-105.251251,1385,far,city,no,357,0,0,1,1,0,0,0,0,0,0,0,0,early commit; first commitment; thin position group; far,https://247sports.com/player/eric-brantley-jr-46122966/
23,2025,46132544,Caden VerMaas,S,Nebraska,Enrolled,yes,yes,35,Weak / Attack,29.0,Weak / Attack,79.9%,20.1%,55.5%,55.5%,44.5%,0.8753,3-star,769,4/20/2023,"Millard North (Omaha, NE)",NE,Omaha,41.262705,-96.053475,NE,40.810284,-96.674856,45,nearby,city,yes,608,0,0,0,0,2,0,0,0,0,1,1,0,very early commit; first commitment; only commit at position; other-school OV after commit,https://247sports.com/player/caden-vermaas-46132544/
24,2024,46134924,Jayden Moore,WR,Duke,Enrolled,yes,yes,31,Weak / Attack,31,Weak / Attack,79.9%,20.1%,55.5%,55.5%,44.5%,0.8656,3-star,NA,6/18/2022,"Loyola Blakefield (Towson, MD)",MD,Towson,39.39421,-76.617751,NC,35.977928,-78.898109,267,regional,city,no,550,0,0,0,0,3,0,1,2,0,0,0,0,very early commit; first commitment; only commit at position,https://247sports.com/player/jayden-moore-46134924/
25,2026,46145279,Trey Brown,CB,Kansas,Enrolled,yes,yes,28,Weak / Attack,28,Weak / Attack,79.4%,20.6%,55.5%,55.5%,44.5%,0.8678,3-star,NA,11/28/2024,"Sierra Canyon (Chatsworth, CA)",CA,Chatsworth,,,KS,38.959551,-95.265468,1321,far,state,no,384,0,0,0,0,0,0,0,0,0,0,0,0,very early commit; first commitment; only commit at position; far,https://247sports.com/player/trey-brown-46145279/
26,2026,46131875,Dia Bell,QB,Texas,Enrolled,yes,yes,22,Weak / Attack,17.2,Weak / Attack,79.2%,20.8%,55.5%,55.5%,44.5%,0.9903,5-star,18,6/17/2024,"American Heritage (Fort Lauderdale, FL)",FL,Fort Lauderdale,26.141227,-80.146731,TX,30.298622,-97.754134,1108,far,city,no,548,0,0,0,0,11,0,2,1,5,1,0,0,very early commit; first commitment; only commit at position; far; 5-star,https://247sports.com/player/dia-bell-46131875/
27,2026,46135465,Tron Baker,WR,USC,Enrolled,yes,yes,46,Weak / Attack,46,Weak / Attack,79.2%,20.8%,55.5%,55.5%,44.5%,0.8822,3-star,663,9/2/2023,"Sierra Canyon (Chatsworth, CA)",CA,Chatsworth,,,CA,34.019394,-118.410825,200,nearby,state,yes,837,0,0,4,4,0,0,0,0,0,0,0,0,very early commit; first commitment,https://247sports.com/player/tron-baker-46135465/
28,2023,46098710,KJ Sampson,DL,Florida State,Enrolled,yes,yes,47,Weak / Attack,47,Weak / Attack,78.9%,21.1%,55.5%,55.5%,44.5%,0.9140,4-star,244,3/5/2022,"New Bern (New Bern, NC)",NC,New Bern,35.096688,-77.072641,FL,30.453529,-84.252272,526,regional,city,no,291,0,0,0,0,0,0,0,0,0,0,0,0,early commit; first commitment; only commit at position; 4-star,https://247sports.com/player/kj-sampson-46098710/
29,2027,46144180,Jamier Brown,WR,Ohio State,Hard Commit,no,yes,32,Weak / Attack,32,Weak / Attack,78.5%,21.5%,55.5%,55.5%,44.5%,0.9890,5-star,21,11/23/2024,"Big Walnut (Sunbury, OH)",OH,Sunbury,40.249405,-82.880199,OH,39.983938,-82.984882,19,nearby,city,yes,753,0,0,0,0,22,0,0,1,1,0,0,0,very early commit; first commitment; only commit at position; 5-star; other-school offers after commit,https://247sports.com/player/jamier-brown-46144180/
30,2026,46148390,Dylan Faison,WR,Notre Dame,Enrolled,yes,yes,43,Weak / Attack,42.2,Weak / Attack,78.0%,22.0%,55.5%,55.5%,44.5%,0.8744,3-star,918,3/18/2024,"Saint Andrew's (Boca Raton, FL)",FL,Boca Raton,26.37269,-80.103711,IN,41.700283,-86.238679,1115,far,city,no,639,0,0,4,4,1,0,0,0,1,0,0,0,very early commit; first commitment; far; other-school offers after commit,https://247sports.com/player/dylan-faison-46148390/
31,2027,46159628,Brandon Allen Jr.,CB,Mississippi State,Hard Commit,no,yes,31,Weak / Attack,11,Weak / Attack,77.8%,22.2%,55.5%,55.5%,44.5%,0.8767,3-star,705,9/29/2025,"Westlake (Atlanta, GA)",GA,Atlanta,33.762909,-84.422675,MS,33.463261,-88.827796,254,regional,city,no,443,0,0,0,0,0,0,0,1,17,6,6,0,very early commit; first commitment; only commit at position; other-school OV after commit; other-school offers after commit,https://247sports.com/player/brandon-allen-jr-46159628/
32,2027,46140325,Brady Edmunds,QB,Ohio State,Hard Commit,no,yes,22,Weak / Attack,21.8,Weak / Attack,77.3%,22.7%,55.5%,55.5%,44.5%,0.9206,4-star,224,12/2/2024,"Huntington Beach (Huntington Beach, CA)",CA,Huntington Beach,33.698007,-118.003834,OH,39.983938,-82.984882,1971,cross_country,city,no,744,0,0,0,0,14,0,4,1,3,0,0,0,very early commit; first commitment; only commit at position; cross country; 4-star,https://247sports.com/player/brady-edmunds-46140325/
33,2024,46103719,Jadon Porter,WR,Baylor,Enrolled,yes,yes,35,Weak / Attack,35,Weak / Attack,77.3%,22.7%,55.5%,55.5%,44.5%,0.8794,3-star,666,4/23/2022,"Lorena (Lorena, TX)",TX,Lorena,31.383111,-97.210204,TX,31.557994,-97.18975,12,nearby,city,yes,606,0,0,0,0,3,0,0,1,0,0,0,0,very early commit; first commitment; only commit at position,https://247sports.com/player/jadon-porter-46103719/
34,2023,46102587,Aaron Gates,ATH,Florida,Enrolled,yes,yes,30,Weak / Attack,22.5,Weak / Attack,77.1%,22.9%,55.5%,55.5%,44.5%,0.8994,4-star,337,8/26/2021,"Trinity Christian School (Sharpsburg, GA)",GA,Sharpsburg,33.337111,-84.650911,FL,29.679537,-82.346793,287,regional,city,no,482,0,0,0,0,11,0,0,3,2,3,1,0,very early commit; first commitment; only commit at position; 4-star; other-school OV after commit,https://247sports.com/player/aaron-gates-46102587/
35,2025,46136517,Juju Preston,WR,Clemson,Enrolled,yes,yes,31,Weak / Attack,31,Weak / Attack,76.3%,23.7%,55.5%,55.5%,44.5%,0.8844,3-star,557,12/2/2023,"Freedom (Woodbridge, VA)",VA,Woodbridge,38.640556,-77.255093,SC,34.683564,-82.810575,412,regional,city,no,382,0,0,0,0,0,0,0,0,0,0,0,0,very early commit; first commitment; only commit at position,https://247sports.com/player/juju-preston-46136517/
36,2027,46154726,Jemari Foreman,S,Florida State,Hard Commit,no,yes,33,Weak / Attack,13,Weak / Attack,76.2%,23.8%,55.5%,55.5%,44.5%,0.8800,3-star,608,9/6/2025,"Cypress Bay (Fort Lauderdale, FL)",FL,Fort Lauderdale,26.141227,-80.146731,FL,30.453529,-84.252272,389,regional,city,yes,466,0,0,0,0,1,0,0,2,13,4,2,0,very early commit; first commitment; only commit at position; other-school OV after commit; other-school offers after commit,https://247sports.com/player/jemari-foreman-46154726/
37,2025,46118049,Davion Dixon,DL,Notre Dame,Enrolled,yes,yes,42,Weak / Attack,34.2,Weak / Attack,76.2%,23.8%,55.5%,55.5%,44.5%,0.8742,3-star,819,4/21/2023,"Miami Palmetto (Miami, FL)",FL,Miami,25.775163,-80.208615,IN,41.700283,-86.238679,1153,far,city,no,607,0,0,3,3,7,0,1,1,9,1,0,0,very early commit; first commitment; far; other-school visit after commit; other-school offers after commit,https://247sports.com/player/davion-dixon-46118049/
38,2027,46146328,Angelo Smith,S,Ohio State,Hard Commit,no,yes,35,Weak / Attack,25.0,Weak / Attack,76.1%,23.9%,55.5%,55.5%,44.5%,0.8711,3-star,839,9/21/2025,"Chaminade-Madonna (Hollywood, FL)",FL,Hollywood,26.030967,-80.164609,OH,39.983938,-82.984882,978,far,city,no,451,0,0,1,1,4,0,0,1,8,1,1,0,very early commit; first commitment; thin position group; far; other-school OV after commit,https://247sports.com/player/angelo-smith-46146328/
39,2024,46134252,Nitro Tuggle,WR,Georgia,Enrolled,yes,yes,47,Weak / Attack,47,Weak / Attack,76.1%,23.9%,55.5%,55.5%,44.5%,0.9510,4-star,102,4/11/2023,"Northwood (Elkhart, IN)",IN,Elkhart,41.691543,-85.962248,GA,32.7,-83.3,638,regional,city,no,253,0,0,0,0,0,0,0,0,0,0,0,0,early commit; first commitment; only commit at position; 4-star,https://247sports.com/player/nitro-tuggle-46134252/
40,2026,46151284,Danny Odem III,CB,Nebraska,Enrolled,yes,yes,49,Weak / Attack,49,Weak / Attack,76.1%,23.9%,55.5%,55.5%,44.5%,0.9781,4-star,50,6/23/2025,"The First Academy (Orlando, FL)",FL,Orlando,28.40865,-81.254805,NE,40.810284,-96.674856,1222,far,city,no,177,0,0,0,0,0,0,0,0,0,0,0,0,first commitment; only commit at position; far; 4-star,https://247sports.com/player/danny-odem-iii-46151284/
41,2022,46084999,Jerry Cross,TE,Penn State,Enrolled,yes,yes,29,Weak / Attack,29,Weak / Attack,75.7%,24.3%,55.5%,55.5%,44.5%,0.9099,4-star,252,7/28/2020,"King (Milwaukee, WI)",WI,Milwaukee,43.063348,-87.966695,PA,40.791039,-77.856813,543,regional,city,no,505,0,0,0,0,5,0,0,2,1,0,0,0,very early commit; first commitment; only commit at position; 4-star; other-school offers after commit,https://247sports.com/player/jerry-cross-46084999/
42,2024,46102534,Bryan Jackson II,ATH,USC,Enrolled,yes,yes,48,Weak / Attack,48,Weak / Attack,75.7%,24.3%,55.5%,55.5%,44.5%,0.8803,3-star,646,4/21/2023,"McKinney (McKinney, TX)",TX,McKinney,33.201125,-96.664161,CA,34.019394,-118.410825,1250,far,city,no,243,0,0,0,0,0,0,0,0,0,0,0,0,early commit; first commitment; only commit at position; far,https://247sports.com/player/bryan-jackson-ii-46102534/
43,2025,46138546,Trevor Sommers,DL,Pittsburgh,Enrolled,yes,yes,46,Weak / Attack,46,Weak / Attack,75.3%,24.7%,55.5%,55.5%,44.5%,0.8589,3-star,NA,2/5/2024,"St. Thomas Aquinas (Fort Lauderdale, FL)",FL,Fort Lauderdale,26.141227,-80.146731,PA,40.439936,-79.975676,988,far,city,no,317,0,0,0,0,0,0,1,0,0,0,0,0,early commit; first commitment; only commit at position; far,https://247sports.com/player/trevor-sommers-46138546/
44,2026,46147862,Ayden Cain,DL,Duke,Enrolled,yes,yes,39,Weak / Attack,37.2,Weak / Attack,74.8%,25.2%,55.5%,55.5%,44.5%,0.8744,3-star,918,8/2/2024,"Gainesville (Gainesville, GA)",GA,Gainesville,34.2901,-83.829106,NC,35.977928,-78.898109,302,regional,city,no,502,0,0,1,1,7,0,0,1,5,0,0,0,very early commit; first commitment; thin position group; other-school offers after commit,https://247sports.com/player/ayden-cain-46147862/
45,2024,46116580,Luke Kromenhoek,QB,Florida State,Enrolled,yes,yes,34,Weak / Attack,26.0,Weak / Attack,74.5%,25.5%,55.5%,55.5%,44.5%,0.9718,4-star,59,3/26/2022,"Benedictine Military School (Savannah, GA)",GA,Savannah,32.018043,-81.196492,FL,30.453529,-84.252272,210,nearby,city,no,634,0,0,1,0,0,0,0,5,4,5,0,0,very early commit; first commitment; thin position group; 4-star; other-school visit after commit,https://247sports.com/player/luke-kromenhoek-46116580/
46,2026,46133093,Chaz Smith,CB,Notre Dame,Enrolled,yes,yes,32,Weak / Attack,32,Weak / Attack,74.5%,25.5%,55.5%,55.5%,44.5%,0.9140,4-star,249,12/1/2024,"Knoxville Catholic (Chattanooga, TN)",TN,Chattanooga,35.065958,-85.248386,IN,41.700283,-86.238679,462,regional,city,no,381,0,0,1,1,0,0,0,0,0,0,0,0,very early commit; first commitment; thin position group; 4-star,https://247sports.com/player/chaz-smith-46133093/
47,2027,46143706,Jaylyn Jones,S,Miami,Hard Commit,no,yes,29,Weak / Attack,19.0,Weak / Attack,74.4%,25.6%,55.5%,55.5%,44.5%,0.9031,4-star,320,6/23/2025,"McArthur (Hollywood, FL)",FL,Hollywood,26.030967,-80.164609,FL,25.683061,-80.261659,25,nearby,city,yes,541,0,0,0,0,4,0,1,1,16,0,0,0,very early commit; first commitment; only commit at position; 4-star; other-school offers after commit,https://247sports.com/player/jaylyn-jones-46143706/
48,2026,46133004,Chris Henry Jr.,WR,Ohio State,Enrolled,yes,yes,31,Weak / Attack,17.8,Weak / Attack,74.0%,26.0%,55.5%,55.5%,44.5%,0.9929,5-star,14,7/28/2023,"Mater Dei (Santa Ana, CA)",CA,Santa Ana,33.736332,-117.8829,OH,39.983938,-82.984882,1964,cross_country,city,no,873,0,0,3,0,2,0,1,2,11,3,0,0,very early commit; first commitment; cross country; 5-star; other-school visit after commit,https://247sports.com/player/chris-henry-jr-46133004/
49,2026,46129516,Keisean Henderson,QB,Houston,Enrolled,yes,yes,27,Weak / Attack,27,Weak / Attack,73.8%,26.2%,55.5%,55.5%,44.5%,0.9993,5-star,1,5/27/2024,"Legacy the School of Sport Sciences (Spring, TX)",TX,Spring,30.062169,-95.383966,TX,29.785743,-95.388806,19,nearby,city,yes,569,0,0,0,0,6,0,1,6,9,0,0,0,very early commit; first commitment; only commit at position; 5-star; other-school offers after commit,https://247sports.com/player/keisean-henderson-46129516/
50,2023,46113823,Joshua Bates,IOL,Oklahoma,Enrolled,yes,yes,28,Weak / Attack,28,Weak / Attack,73.6%,26.4%,55.5%,55.5%,44.5%,0.8958,4-star,381,8/13/2021,"Durango (Durango, CO)",CO,Durango,37.264534,-107.874124,OK,35.240569,-97.345299,603,regional,city,no,495,0,0,0,0,6,0,1,1,1,0,0,0,very early commit; first commitment; only commit at position; 4-star; other-school offers after commit,https://247sports.com/player/joshua-bates-46113823/
51,2024,46103482,CJ Carr,QB,Notre Dame,Enrolled,yes,yes,30,Weak / Attack,30,Weak / Attack,73.6%,26.4%,55.5%,55.5%,44.5%,0.9685,4-star,68,6/9/2022,"Saline (Saline, MI)",MI,Saline,42.173829,-83.776924,IN,41.700283,-86.238679,131,nearby,city,no,559,0,0,0,0,8,0,1,11,0,1,0,0,very early commit; first commitment; only commit at position; 4-star; other-school visit after commit,https://247sports.com/player/cj-carr-46103482/
52,2025,46128705,Brett Bordelon,OT,LSU,Enrolled,yes,yes,40,Weak / Attack,40,Weak / Attack,73.6%,26.4%,55.5%,55.5%,44.5%,0.8842,3-star,563,12/20/2022,"Isidore Newman (New Orleans, LA)",LA,New Orleans,30.05342,-89.934502,LA,30.440443,-91.133166,76,nearby,city,yes,729,0,0,1,1,3,0,0,1,0,0,0,0,very early commit; first commitment; thin position group,https://247sports.com/player/brett-bordelon-46128705/
53,2024,46135030,Manuel Beigel,DL,Michigan,Enrolled,yes,yes,46,Weak / Attack,45.8,Weak / Attack,73.3%,26.7%,55.5%,55.5%,44.5%,0.8697,3-star,928,7/16/2022,"Choate Rosemary Hall (Wallingford, CT)",CT,Wallingford,,,MI,42.276147,-83.73086,568,regional,state,no,522,0,0,3,3,2,0,0,1,3,0,0,0,very early commit; first commitment; other-school offers after commit,https://247sports.com/player/manuel-beigel-46135030/
54,2023,46103569,Suntarine Perkins,LB,Ole Miss,Enrolled,yes,yes,34,Weak / Attack,34,Weak / Attack,72.9%,27.1%,55.5%,55.5%,44.5%,0.9916,5-star,14,11/28/2020,"Raleigh (Raleigh, MS)",MS,Raleigh,32.034662,-89.525703,MS,34.351262,-89.536981,160,nearby,city,yes,753,0,0,1,0,9,0,0,4,6,1,0,0,very early commit; first commitment; thin position group; 5-star; other-school visit after commit,https://247sports.com/player/suntarine-perkins-46103569/
55,2025,46127535,Kaden Cook,S,California,Enrolled,yes,yes,40,Weak / Attack,40,Weak / Attack,72.5%,27.5%,55.5%,55.5%,44.5%,0.8483,3-star,NA,9/28/2023,"Stony Point (Round Rock, TX)",TX,Round Rock,30.526146,-97.663532,CA,37.865673,-122.298725,1491,far,city,no,447,0,0,2,2,3,0,0,0,0,0,0,0,very early commit; first commitment; far,https://247sports.com/player/kaden-cook-46127535/
56,2027,46150263,K'Adrian Redmond,DL,Texas Tech,Hard Commit,no,yes,35,Weak / Attack,32.0,Weak / Attack,72.4%,27.6%,55.5%,55.5%,44.5%,0.9359,4-star,157,9/18/2025,"DeSoto (DeSoto, TX)",TX,DeSoto,32.599349,-96.862941,TX,33.561901,-101.888883,298,regional,city,yes,454,0,0,1,1,7,0,0,0,0,1,0,0,very early commit; first commitment; thin position group; 4-star; other-school visit after commit,https://247sports.com/player/kadrian-redmond-46150263/
57,2023,46117708,AJ Green,Edge,Louisville,Enrolled,yes,yes,52,Vulnerable,52,Vulnerable,72.0%,28.0%,33.4%,33.4%,66.6%,0.9245,4-star,195,12/24/2021,"Cedar Grove (Ellenwood, GA)",GA,Ellenwood,,,KY,38.224728,-85.740614,406,regional,state,no,362,0,0,1,1,0,0,0,0,0,0,0,0,early commit; first commitment; thin position group; 4-star,https://247sports.com/player/aj-green-46117708/
58,2025,46129643,Will Wilson,QB,NC State,Enrolled,yes,yes,31,Weak / Attack,31,Weak / Attack,71.9%,28.1%,55.5%,55.5%,44.5%,0.8811,3-star,619,6/24/2023,"Richland Northeast (Columbia, SC)",SC,Columbia,34.040519,-80.906099,NC,35.831868,-78.641042,178,nearby,city,no,543,0,0,0,0,0,0,1,3,0,0,0,0,very early commit; first commitment; only commit at position,https://247sports.com/player/will-wilson-46129643/
59,2023,46080759,Cedrick Hawkins Jr.,S,Ohio State,Enrolled,yes,yes,54,Vulnerable,54,Vulnerable,71.2%,28.8%,33.4%,33.4%,66.6%,0.8975,4-star,358,1/1/2022,"Cocoa (Cocoa, FL)",FL,Cocoa,28.376643,-80.763306,OH,39.983938,-82.984882,812,far,city,no,354,0,0,2,2,0,0,0,0,0,0,0,0,early commit; first commitment; far; 4-star,https://247sports.com/player/cedrick-hawkins-jr-46080759/
60,2022,46084298,Rashod Dubinion,ATH,Arkansas,Enrolled,yes,yes,50,Vulnerable,50,Vulnerable,71.1%,28.9%,33.4%,33.4%,66.6%,0.8924,4-star,399,2/13/2021,"Cedar Grove (Ellenwood, GA)",GA,Ellenwood,,,AR,36.071455,-94.166564,661,regional,state,no,305,0,0,0,0,6,0,0,1,0,0,0,0,early commit; first commitment; only commit at position; 4-star,https://247sports.com/player/rashod-dubinion-46084298/
61,2027,46160979,Levi Babin,ATH,Maryland,Hard Commit,no,yes,31,Weak / Attack,31,Weak / Attack,71.0%,29.0%,55.5%,55.5%,44.5%,0.8600,3-star,NA,10/22/2025,"Episcopal (Alexandria, VA)",VA,Alexandria,38.819251,-77.08367,MD,38.996276,-76.935594,15,nearby,city,no,420,0,0,0,0,0,0,2,1,1,0,0,0,very early commit; first commitment; only commit at position; other-school offers after commit,https://247sports.com/player/levi-babin-46160979/
62,2027,46154901,Easton Royal,WR,Texas,Hard Commit,no,yes,30,Weak / Attack,10,Weak / Attack,70.6%,29.4%,55.5%,55.5%,44.5%,0.9949,5-star,8,11/29/2025,"Brother Martin (New Orleans, LA)",LA,New Orleans,30.05342,-89.934502,TX,30.298622,-97.754134,467,regional,city,no,382,0,0,0,0,16,0,0,1,2,4,3,0,very early commit; first commitment; only commit at position; 5-star; other-school OV after commit,https://247sports.com/player/easton-royal-46154901/
63,2026,46146686,Vic Singleton,CB,Texas A&M,Enrolled,yes,yes,49,Weak / Attack,49,Weak / Attack,70.6%,29.4%,55.5%,55.5%,44.5%,0.9393,4-star,145,4/19/2025,"Central Catholic (Toledo, OH)",OH,Toledo,41.664071,-83.581861,TX,30.58516,-96.29636,1041,far,city,no,242,0,0,1,1,0,0,0,0,0,0,0,0,early commit; first commitment; thin position group; far; 4-star,https://247sports.com/player/vic-singleton-46146686/
64,2026,46135368,J'Zavien Currence,S,South Carolina,Enrolled,yes,yes,29,Weak / Attack,26.2,Weak / Attack,70.5%,29.5%,55.5%,55.5%,44.5%,0.9704,4-star,67,10/17/2024,"South Pointe (Rock Hill, SC)",SC,Rock Hill,34.938216,-81.019177,SC,34.040519,-80.906099,62,nearby,city,yes,426,0,0,0,0,2,0,3,5,9,1,1,0,very early commit; first commitment; only commit at position; 4-star; other-school OV after commit,https://247sports.com/player/jzavien-currence-46135368/
65,2024,46114807,A'mon Lane-Ganus,CB,Auburn,Enrolled,yes,yes,34,Weak / Attack,34,Weak / Attack,70.5%,29.5%,55.5%,55.5%,44.5%,0.8967,4-star,396,7/30/2022,"Moody (Moody, AL)",AL,Moody,33.603429,-86.493786,AL,32.607806,-85.494746,90,nearby,city,yes,508,0,0,1,1,0,0,0,0,0,0,0,0,very early commit; first commitment; thin position group; 4-star,https://247sports.com/player/amon-lane-ganus-46114807/
66,2025,46133923,Matthew Johnson,DL,Oregon,Enrolled,yes,yes,50,Vulnerable,50,Vulnerable,70.5%,29.5%,33.4%,33.4%,66.6%,0.9057,4-star,298,2/9/2024,"De La Salle (Concord, CA)",CA,Concord,37.972184,-122.001587,OR,44.056848,-123.119019,424,regional,city,no,313,0,0,0,0,7,0,0,1,0,0,0,0,early commit; first commitment; only commit at position; 4-star,https://247sports.com/player/matthew-johnson-46133923/
67,2025,46133536,Sean Ashenfelder,QB,Rutgers,Enrolled,yes,yes,26,Weak / Attack,20.0,Weak / Attack,70.3%,29.7%,55.5%,55.5%,44.5%,0.8572,3-star,NA,9/17/2023,"Creekside (St. Augustine, FL)",FL,St. Augustine,29.896152,-81.311128,NJ,40.1,-74.5,803,far,city,no,458,0,0,0,0,0,0,1,0,0,1,1,0,very early commit; first commitment; only commit at position; far; other-school OV after commit,https://247sports.com/player/sean-ashenfelder-46133536/
68,2023,46109297,Jack Luttrell,S,Tennessee,Enrolled,yes,yes,37,Weak / Attack,37,Weak / Attack,70.2%,29.8%,55.5%,55.5%,44.5%,0.8653,3-star,972,7/31/2021,"Colquitt County (Moultrie, GA)",GA,Moultrie,31.17943,-83.790786,TN,35.97068,-83.94927,331,regional,city,no,508,0,0,1,1,6,0,1,1,2,0,0,0,very early commit; first commitment; thin position group; other-school offers after commit,https://247sports.com/player/jack-luttrell-46109297/
69,2026,46141483,R.J. Mosley,WR,Arizona,Enrolled,yes,yes,47,Weak / Attack,47,Weak / Attack,70.2%,29.8%,55.5%,55.5%,44.5%,0.9410,4-star,143,6/15/2025,"Pittsburg (Pittsburg, CA)",CA,Pittsburg,38.016771,-121.896948,AZ,32.153036,-110.870773,743,regional,city,no,185,0,0,0,0,0,0,0,0,0,0,0,0,early commit; first commitment; only commit at position; 4-star,https://247sports.com/player/rj-mosley-46141483/
70,2027,46154729,Demarcus Deroche,ATH,Miami,Hard Commit,no,yes,32,Weak / Attack,15.5,Weak / Attack,70.1%,29.9%,55.5%,55.5%,44.5%,0.9021,4-star,329,8/19/2025,"Cardinal Gibbons (Fort Lauderdale, FL)",FL,Fort Lauderdale,26.141227,-80.146731,FL,25.683061,-80.261659,32,nearby,city,yes,484,0,0,0,0,8,0,0,0,10,2,1,0,very early commit; first commitment; only commit at position; 4-star; other-school OV after commit,https://247sports.com/player/demarcus-deroche-46154729/
71,2027,46154687,Richie Flanigan,DL,Notre Dame,Hard Commit,no,yes,37,Weak / Attack,37,Weak / Attack,69.9%,30.1%,55.5%,55.5%,44.5%,0.8933,4-star,395,9/25/2025,"Notre Dame Academy (Green Bay, WI)",WI,Green Bay,44.521542,-87.986568,IN,41.700283,-86.238679,214,nearby,city,no,447,0,0,1,1,7,0,0,0,0,0,0,0,very early commit; first commitment; thin position group; 4-star,https://247sports.com/player/richie-flanigan-46154687/
72,2027,46149944,Matamatagi Uiagalelei,DL,Washington,Hard Commit,no,yes,55,Vulnerable,55,Vulnerable,69.9%,30.1%,33.4%,33.4%,66.6%,0.8633,3-star,NA,2/22/2026,"Mater Dei (Santa Ana, CA)",CA,Santa Ana,33.736332,-117.8829,WA,47.619335,-122.351538,987,far,city,no,297,0,0,1,1,1,0,0,1,0,0,0,0,early commit; first commitment; thin position group; far,https://247sports.com/player/matamatagi-uiagalelei-46149944/
73,2026,46151635,Jon Adams,Edge,Louisville,Signed,yes,yes,33,Weak / Attack,33,Weak / Attack,69.7%,30.3%,55.5%,55.5%,44.5%,0.8500,3-star,NA,11/27/2024,"Chiefland (Chiefland, FL)",FL,Chiefland,29.492246,-82.866334,KY,38.224728,-85.740614,625,regional,city,no,385,0,0,0,0,1,0,0,1,2,0,0,0,very early commit; first commitment; only commit at position; other-school offers after commit,https://247sports.com/player/jon-adams-46151635/
74,2025,46148402,Will Walker,P,BYU,Signed,yes,yes,33,Weak / Attack,33,Weak / Attack,69.4%,30.6%,55.5%,55.5%,44.5%,0.8222,3-star,NA,7/8/2022,"Riverton (Riverton, UT)",UT,Riverton,40.517634,-111.963515,UT,40.245312,-111.645057,25,nearby,city,yes,894,0,0,0,0,0,0,0,0,0,0,0,0,very early commit; first commitment; only commit at position,https://247sports.com/player/will-walker-46148402/
75,2025,46133352,Houston Ka'aha'aina-Torres,IOL,Nebraska,Enrolled,yes,yes,50,Vulnerable,50,Vulnerable,69.2%,30.8%,33.4%,33.4%,66.6%,0.8803,3-star,636,6/30/2024,"St. Louis (Honolulu, HI)",HI,Honolulu,,,NE,40.810284,-96.674856,3721,cross_country,state,no,171,0,0,0,0,0,0,0,0,0,0,0,0,first commitment; only commit at position; cross country,https://247sports.com/player/houston-kaahaaina-torres-46133352/
76,2026,46138505,Keenan Britt,LB,South Carolina,Enrolled,yes,yes,28,Weak / Attack,15.0,Weak / Attack,69.1%,30.9%,55.5%,55.5%,44.5%,0.8900,4-star,485,8/10/2024,"Oxford (Oxford, AL)",AL,Oxford,33.59641,-85.868219,SC,34.040519,-80.906099,286,regional,city,no,494,0,0,0,0,7,0,1,1,12,1,1,0,very early commit; first commitment; only commit at position; 4-star; other-school OV after commit,https://247sports.com/player/keenan-britt-46138505/
77,2025,46133882,Chuck McDonald III,CB,Alabama,Enrolled,yes,yes,46,Weak / Attack,46,Weak / Attack,69.0%,31.0%,55.5%,55.5%,44.5%,0.9745,4-star,51,6/8/2024,"Mater Dei (Santa Ana, CA)",CA,Santa Ana,33.736332,-117.8829,AL,33.234404,-87.5283,1743,cross_country,city,no,193,0,0,1,1,0,0,0,0,0,0,0,0,early commit; first commitment; thin position group; cross country; 4-star,https://247sports.com/player/chuck-mcdonald-iii-46133882/
78,2027,46162043,Marcus Small,OT,Syracuse,Hard Commit,no,yes,30,Weak / Attack,10,Weak / Attack,68.4%,31.6%,55.5%,55.5%,44.5%,0.8689,3-star,NA,10/23/2025,"First Coast (Jacksonville, FL)",FL,Jacksonville,30.336864,-81.661603,NY,43.040998,-76.143554,929,far,city,no,419,0,0,0,0,3,0,0,0,3,4,3,0,very early commit; first commitment; only commit at position; far; other-school OV after commit,https://247sports.com/player/marcus-small-46162043/
79,2026,46142155,Darryon Williams,ATH,Florida State,Enrolled,yes,yes,39,Weak / Attack,22.0,Weak / Attack,68.4%,31.6%,55.5%,55.5%,44.5%,0.8800,3-star,729,4/16/2024,"Plant (Tampa, FL)",FL,Tampa,27.970086,-82.479673,FL,30.453529,-84.252272,202,nearby,city,yes,610,0,0,1,1,9,0,1,2,4,5,1,0,very early commit; first commitment; thin position group; other-school OV after commit; other-school offers after commit,https://247sports.com/player/darryon-williams-46142155/
80,2027,46132000,Max Brown,ATH,Clemson,Hard Commit,no,yes,34,Weak / Attack,30.8,Weak / Attack,68.4%,31.6%,55.5%,55.5%,44.5%,0.8844,3-star,538,6/3/2025,"Jefferson (Jefferson, GA)",GA,Jefferson,34.136239,-83.602157,SC,34.683564,-82.810575,59,nearby,city,no,561,0,0,0,0,15,0,1,1,7,0,0,0,very early commit; first commitment; only commit at position; other-school offers after commit,https://247sports.com/player/max-brown-46132000/
81,2023,46131368,Za'Quan Bryan,CB,Minnesota,Enrolled,yes,yes,48,Weak / Attack,48,Weak / Attack,68.3%,31.7%,55.5%,55.5%,44.5%,0.8733,3-star,769,4/15/2022,"Benedictine Military School (Savannah, GA)",GA,Savannah,32.018043,-81.196492,MN,44.963324,-93.26832,1105,far,city,no,250,0,0,0,0,0,0,0,0,0,0,0,0,early commit; first commitment; only commit at position; far,https://247sports.com/player/zaquan-bryan-46131368/
82,2024,46118388,KD Daniels,RB,Florida,Enrolled,yes,yes,47,Weak / Attack,47,Weak / Attack,68.1%,31.9%,55.5%,55.5%,44.5%,0.9211,4-star,203,4/10/2023,"West Point (West Point, MS)",MS,West Point,33.606236,-88.657568,FL,29.679537,-82.346793,460,regional,city,no,254,0,0,0,0,0,0,0,0,0,0,0,0,early commit; first commitment; only commit at position; 4-star,https://247sports.com/player/kd-daniels-46118388/
83,2027,46154568,Chuck Alexander,WR,Louisville,Hard Commit,no,yes,34,Weak / Attack,25.5,Weak / Attack,68.0%,32.0%,55.5%,55.5%,44.5%,0.8953,4-star,378,11/29/2025,"Withrow (Cincinnati, OH)",OH,Cincinnati,39.140183,-84.505829,KY,38.224728,-85.740614,92,nearby,city,no,382,0,0,1,1,0,0,0,1,6,1,1,0,very early commit; first commitment; thin position group; 4-star; other-school OV after commit,https://247sports.com/player/chuck-alexander-46154568/
84,2026,46146807,Brian Bonner Jr.,RB,Washington,Enrolled,yes,yes,49,Weak / Attack,49,Weak / Attack,67.8%,32.2%,55.5%,55.5%,44.5%,0.9598,4-star,93,7/8/2025,"Valencia (Valencia, CA)",CA,Valencia,,,WA,47.619335,-122.351538,763,far,state,no,162,0,0,0,0,0,0,0,0,0,0,0,0,first commitment; only commit at position; far; 4-star,https://247sports.com/player/brian-bonner-jr-46146807/
85,2025,46135672,JD LaFleur,TE,LSU,Enrolled,yes,yes,29,Weak / Attack,29,Weak / Attack,67.7%,32.3%,55.5%,55.5%,44.5%,0.8958,4-star,391,8/1/2023,"Sulphur (Sulphur, LA)",LA,Sulphur,30.229792,-93.356343,LA,30.440443,-91.133166,133,nearby,city,yes,505,0,0,0,0,0,0,0,0,0,0,0,0,very early commit; first commitment; only commit at position; 4-star,https://247sports.com/player/jd-lafleur-46135672/
86,2026,46142185,Howie Johnson,DL,Minnesota,Signed,yes,yes,36,Weak / Attack,21.0,Weak / Attack,67.6%,32.4%,55.5%,55.5%,44.5%,0.9223,4-star,205,6/18/2024,"Forest Lake (Forest Lake, MN)",MN,Forest Lake,45.250831,-92.96692,MN,44.963324,-93.26832,25,nearby,city,yes,547,0,0,1,0,1,0,0,0,0,4,1,0,very early commit; first commitment; thin position group; 4-star; other-school OV after commit,https://247sports.com/player/howie-johnson-46142185/
87,2026,46154846,Chris Tangelo,ATH,Vanderbilt,Signed,yes,yes,53,Vulnerable,35.0,Weak / Attack,67.6%,32.4%,33.4%,55.5%,44.5%,0.8953,4-star,418,6/8/2025,"Northwest (Germantown, MD)",MD,Germantown,39.174252,-77.263754,TN,35.8,-86.4,552,regional,city,no,192,0,0,0,0,1,1,0,0,0,3,3,0,early commit; first commitment; only commit at position; 4-star; other-school OV after commit,https://247sports.com/player/chris-tangelo-46154846/
88,2026,46140426,Marcell Gipson Jr.,CB,Clemson,Enrolled,yes,yes,48,Weak / Attack,48,Weak / Attack,67.6%,32.4%,55.5%,55.5%,44.5%,0.8611,3-star,NA,3/10/2025,"South Oak Cliff (Dallas, TX)",TX,Dallas,32.793333,-96.766513,SC,34.683564,-82.810575,812,far,city,no,282,0,0,0,0,0,0,0,0,0,0,0,0,early commit; first commitment; only commit at position; far,https://247sports.com/player/marcell-gipson-jr-46140426/
89,2026,46155687,Crew Davis,RB,North Carolina,Enrolled,yes,yes,51,Vulnerable,51,Vulnerable,67.5%,32.5%,33.4%,33.4%,66.6%,0.8811,3-star,702,2/2/2025,"Iona Prep (New Rochelle, NY)",NY,New Rochelle,40.923243,-73.779344,NC,35.928328,-79.041375,447,regional,city,no,318,0,0,0,0,0,0,0,0,0,0,0,0,early commit; first commitment; only commit at position,https://247sports.com/player/crew-davis-46155687/
90,2024,46135507,Kam Mikell,ATH,Colorado,Enrolled,yes,yes,66,Stable / Monitor,66,Stable / Monitor,67.5%,32.5%,17.5%,17.5%,82.5%,0.9447,4-star,121,11/23/2023,"Statesboro (Statesboro, GA)",GA,Statesboro,32.437726,-81.775637,CO,40.024431,-105.251251,1404,far,city,no,27,0,0,0,0,0,0,0,0,0,0,0,0,first commitment; only commit at position; far; 4-star,https://247sports.com/player/kam-mikell-46135507/
91,2022,46102888,JJ Hollingsworth,DL,Arkansas,Enrolled,yes,yes,40,Weak / Attack,40,Weak / Attack,67.3%,32.7%,55.5%,55.5%,44.5%,0.8630,3-star,934,7/24/2020,"Greenland (Greenland, AR)",AR,Greenland,35.996194,-94.19089,AR,36.071455,-94.166564,5,nearby,city,yes,509,0,0,1,1,3,0,0,1,1,0,0,0,very early commit; first commitment; thin position group; other-school offers after commit,https://247sports.com/player/jj-hollingsworth-46102888/
92,2027,46154318,Jaylen Scott,S,Oklahoma,Hard Commit,no,yes,52,Vulnerable,34.0,Weak / Attack,67.2%,32.8%,33.4%,55.5%,44.5%,0.9281,4-star,185,3/7/2026,"Williamson (Mobile, AL)",AL,Mobile,30.668246,-88.107853,OK,35.240569,-97.345299,621,regional,city,no,284,0,1,0,0,5,0,1,0,16,1,1,0,early commit; first commitment; prior decommit; only commit at position; 4-star,https://247sports.com/player/jaylen-scott-46154318/
93,2026,46137512,Wayne Henry,S,Auburn,Enrolled,yes,yes,37,Weak / Attack,37,Weak / Attack,67.0%,33.0%,55.5%,55.5%,44.5%,0.8611,3-star,NA,8/5/2024,"St. Frances Academy (Baltimore, MD)",MD,Baltimore,39.300032,-76.610476,AL,32.607806,-85.494746,678,regional,city,no,499,0,0,1,1,9,0,1,1,2,0,0,0,very early commit; first commitment; thin position group; other-school offers after commit,https://247sports.com/player/wayne-henry-46137512/
94,2026,46147239,Jake Fette,QB,Arizona State,Enrolled,yes,yes,30,Weak / Attack,27.5,Weak / Attack,66.9%,33.1%,55.5%,55.5%,44.5%,0.9500,4-star,118,9/22/2024,"El Paso Del Valle (El Paso, TX)",TX,El Paso,31.84778,-106.431106,AZ,33.388414,-111.931782,337,regional,city,no,451,0,0,0,0,10,0,0,1,6,0,0,0,very early commit; first commitment; only commit at position; 4-star; other-school offers after commit,https://247sports.com/player/jake-fette-46147239/
95,2027,46156088,Kadin Fife,DL,Tennessee,Hard Commit,no,yes,30,Weak / Attack,10,Weak / Attack,66.8%,33.2%,55.5%,55.5%,44.5%,0.8995,4-star,350,11/21/2025,"Chattooga (Summerville, GA)",GA,Summerville,34.478728,-85.349079,TN,35.97068,-83.94927,130,nearby,city,no,390,0,0,0,0,8,0,1,0,13,2,2,0,very early commit; first commitment; only commit at position; 4-star; other-school OV after commit,https://247sports.com/player/kadin-fife-46156088/
96,2026,46143542,X'Zavier Barnett,ATH,SMU,Signed,yes,yes,53,Vulnerable,53,Vulnerable,66.7%,33.3%,33.4%,33.4%,66.6%,0.8844,3-star,606,1/10/2025,"Yoakum (Yoakum, TX)",TX,Yoakum,29.293204,-97.14701,TX,32.793333,-96.766513,243,nearby,city,yes,341,0,0,0,0,0,0,0,0,0,0,0,0,early commit; first commitment; only commit at position,https://247sports.com/player/xzavier-barnett-46143542/
97,2024,46129313,L.J. Johnson Jr.,ATH,Texas Tech,Enrolled,yes,yes,44,Weak / Attack,44,Weak / Attack,66.6%,33.4%,55.5%,55.5%,44.5%,0.8625,3-star,NA,2/4/2022,"Madisonville (Madisonville, TX)",TX,Madisonville,30.954018,-95.909285,TX,33.561901,-101.888883,393,regional,city,yes,684,0,0,3,2,0,0,0,0,0,0,0,0,very early commit; first commitment,https://247sports.com/player/lj-johnson-jr-46129313/
98,2026,46135742,Kam Cody,DL,Clemson,Enrolled,yes,yes,53,Vulnerable,53,Vulnerable,66.6%,33.4%,33.4%,33.4%,66.6%,0.8811,3-star,702,3/29/2025,"Benedictine Military School (Savannah, GA)",GA,Savannah,32.018043,-81.196492,SC,34.683564,-82.810575,206,nearby,city,no,263,0,0,0,0,0,0,0,0,0,0,0,0,early commit; first commitment; only commit at position,https://247sports.com/player/kam-cody-46135742/
99,2024,46129883,Chandlin Myers,WR,Texas Tech,Enrolled,yes,yes,40,Weak / Attack,40,Weak / Attack,66.5%,33.5%,55.5%,55.5%,44.5%,0.8711,3-star,890,7/30/2022,"Hawley (Hawley, TX)",TX,Hawley,32.606696,-99.810163,TX,33.561901,-101.888883,137,nearby,city,yes,508,0,0,1,1,1,0,0,0,0,0,0,0,very early commit; first commitment; thin position group,https://247sports.com/player/chandlin-myers-46129883/
100,2027,46150124,Raylaun Henry,CB,Texas A&M,Hard Commit,no,yes,25,Weak / Attack,25,Weak / Attack,66.3%,33.7%,55.5%,55.5%,44.5%,0.9875,5-star,26,11/15/2025,"St. Frances Academy (Baltimore, MD)",MD,Baltimore,39.300032,-76.610476,TX,30.58516,-96.29636,1263,far,city,no,396,0,0,0,0,19,0,2,2,0,0,0,0,very early commit; first commitment; only commit at position; far; 5-star,https://247sports.com/player/raylaun-henry-46150124/
101,2024,46127901,Cooper Cousins,IOL,Penn State,Enrolled,yes,yes,34,Weak / Attack,34,Weak / Attack,66.2%,33.8%,55.5%,55.5%,44.5%,0.9731,4-star,57,1/29/2022,"McDowell (Erie, PA)",PA,Erie,42.116594,-80.073503,PA,40.791039,-77.856813,147,nearby,city,yes,690,0,0,1,0,4,0,2,4,0,0,0,0,very early commit; first commitment; thin position group; 4-star,https://247sports.com/player/cooper-cousins-46127901/
102,2026,46137856,Richard Anderson,DL,LSU,Enrolled,yes,yes,32,Weak / Attack,19.0,Weak / Attack,65.9%,34.1%,55.5%,55.5%,44.5%,0.9908,5-star,17,6/21/2024,"Edna Karr (New Orleans, LA)",LA,New Orleans,30.05342,-89.934502,LA,30.440443,-91.133166,76,nearby,city,yes,544,0,0,1,0,7,0,1,1,12,1,1,0,very early commit; first commitment; thin position group; 5-star; other-school OV after commit,https://247sports.com/player/richard-anderson-46137856/
103,2022,46086841,Lionell Whitaker,CB,Maryland,Enrolled,yes,yes,53,Vulnerable,52.2,Vulnerable,65.8%,34.2%,33.4%,33.4%,66.6%,0.8596,3-star,NA,1/4/2021,"Rickards (Tallahassee, FL)",FL,Tallahassee,30.453529,-84.252272,MD,38.996276,-76.935594,721,regional,city,no,345,0,0,0,0,4,0,0,0,1,0,0,0,early commit; first commitment; only commit at position; other-school offers after commit,https://247sports.com/player/lionell-whitaker-46086841/
104,2025,46129886,Mana Carvalho,ATH,Utah,Enrolled,yes,yes,59,Vulnerable,59,Vulnerable,65.8%,34.2%,33.4%,33.4%,66.6%,0.8656,3-star,NA,7/12/2024,"Kahuku (Kahuku, HI)",HI,Kahuku,21.678943,-157.943157,UT,40.776928,-111.930991,2979,cross_country,city,no,159,0,0,1,1,0,6,0,0,0,0,0,0,first commitment; thin position group; cross country,https://247sports.com/player/mana-carvalho-46129886/
105,2026,46143308,Jordan Campbell,Edge,Miami,Enrolled,yes,yes,37,Weak / Attack,33.2,Weak / Attack,65.7%,34.3%,55.5%,55.5%,44.5%,0.9206,4-star,215,11/21/2023,"Miami Northwestern (Opa Locka, FL)",FL,Opa Locka,,,FL,25.683061,-80.261659,241,nearby,state,yes,757,0,0,2,1,0,0,3,3,13,0,0,0,very early commit; first commitment; 4-star; other-school offers after commit,https://247sports.com/player/jordan-campbell-46143308/
106,2026,46138582,KJ Ford,Edge,Florida,Enrolled,yes,yes,53,Vulnerable,47.0,Weak / Attack,65.7%,34.3%,33.4%,55.5%,44.5%,0.9385,4-star,152,7/11/2025,"Duncanville (Duncanville, TX)",TX,Duncanville,32.64595,-96.91387,FL,29.679537,-82.346793,885,far,city,no,159,0,0,0,0,0,2,0,0,0,2,0,0,first commitment; only commit at position; far; 4-star; other-school visit after commit,https://247sports.com/player/kj-ford-46138582/
107,2025,46147454,Brody Lennon,TE,Ohio State,Enrolled,yes,yes,34,Weak / Attack,14,Weak / Attack,65.6%,34.4%,55.5%,55.5%,44.5%,0.9020,4-star,326,6/27/2023,"Gilmour Academy (Gates Mills, OH)",OH,Gates Mills,41.530992,-81.411153,OH,39.983938,-82.984882,135,nearby,city,yes,540,0,0,1,1,0,0,0,1,13,7,4,0,very early commit; first commitment; thin position group; 4-star; other-school OV after commit,https://247sports.com/player/brody-lennon-46147454/
108,2027,46154736,Bryian Duncan Jr.,ATH,Kentucky,Hard Commit,no,yes,56,Vulnerable,52.0,Vulnerable,65.5%,34.5%,33.4%,33.4%,66.6%,0.8783,3-star,697,3/30/2026,"Cairo (Cairo, GA)",GA,Cairo,30.879229,-84.205505,KY,37.8,-85.8,487,regional,city,no,261,0,0,1,1,0,0,0,1,0,1,1,0,early commit; first commitment; thin position group; other-school OV after commit,https://247sports.com/player/bryian-duncan-jr-46154736/
109,2027,46166489,Davion Vanderbilt,WR,Maryland,Hard Commit,no,yes,50,Vulnerable,50,Vulnerable,65.4%,34.6%,33.4%,33.4%,66.6%,0.8750,3-star,740,4/21/2026,"Channelview (Channelview, TX)",TX,Channelview,29.793023,-95.114482,MD,38.996276,-76.935594,1212,far,city,no,239,0,0,0,0,3,0,0,1,0,0,0,0,early commit; first commitment; only commit at position; far,https://247sports.com/player/davion-vanderbilt-46166489/
110,2024,46138863,Zach Crothers,Edge,Pittsburgh,Enrolled,yes,yes,48,Weak / Attack,48,Weak / Attack,65.3%,34.7%,55.5%,55.5%,44.5%,0.8597,3-star,NA,3/27/2023,"Chaminade-Madonna (Hollywood, FL)",FL,Hollywood,26.030967,-80.164609,PA,40.439936,-79.975676,996,far,city,no,268,0,0,0,0,0,0,0,0,0,0,0,0,early commit; first commitment; only commit at position; far,https://247sports.com/player/zach-crothers-46138863/
111,2026,46150486,Jaiden Taylor,ATH,Mississippi State,Enrolled,yes,yes,35,Weak / Attack,34.0,Weak / Attack,65.1%,34.9%,55.5%,55.5%,44.5%,0.8800,3-star,729,12/4/2024,"Noxubee County (Macon, MS)",MS,Macon,33.122065,-88.556713,MS,33.463261,-88.827796,28,nearby,city,yes,378,0,0,0,0,2,0,0,1,4,0,0,0,very early commit; first commitment; only commit at position; other-school offers after commit,https://247sports.com/player/jaiden-taylor-46150486/
112,2025,46117556,RyShawn Perry,DL,UCF,Signed,yes,yes,49,Weak / Attack,43.0,Weak / Attack,65.1%,34.9%,55.5%,55.5%,44.5%,0.8803,3-star,636,4/7/2024,"Newton (Covington, GA)",GA,Covington,33.605439,-83.846634,FL,28.40865,-81.254805,390,regional,city,no,255,0,0,0,0,0,0,2,0,0,1,1,0,early commit; first commitment; only commit at position; other-school OV after commit,https://247sports.com/player/ryshawn-perry-46117556/
113,2024,46114824,Dealyn Evans,DL,Texas A&M,Enrolled,yes,yes,32,Weak / Attack,12,Weak / Attack,65.0%,35.0%,55.5%,55.5%,44.5%,0.9339,4-star,155,7/31/2022,"Longview Pine Tree (Longview, TX)",TX,Longview,32.520234,-94.761114,TX,30.58516,-96.29636,161,nearby,city,yes,507,0,0,1,0,0,0,1,3,12,4,4,0,very early commit; first commitment; thin position group; 4-star; other-school OV after commit,https://247sports.com/player/dealyn-evans-46114824/
114,2026,46152674,Cam Mallory,DL,West Virginia,Enrolled,yes,yes,51,Vulnerable,51,Vulnerable,65.0%,35.0%,33.4%,33.4%,66.6%,0.8722,3-star,NA,6/9/2025,"Moody (Moody, AL)",AL,Moody,33.603429,-86.493786,WV,39.637487,-79.946856,553,regional,city,no,191,0,0,0,0,0,0,0,0,0,0,0,0,early commit; first commitment; only commit at position,https://247sports.com/player/cam-mallory-46152674/
115,2026,46151813,Jae'Lin Battle,DL,Baylor,Enrolled,yes,yes,56,Vulnerable,41.8,Weak / Attack,64.9%,35.1%,33.4%,55.5%,44.5%,0.9032,4-star,328,7/12/2025,"Santa Fe (Edmond, OK)",OK,Edmond,35.673807,-97.413076,TX,31.557994,-97.18975,285,regional,city,no,158,0,0,0,0,0,3,0,0,3,2,2,0,first commitment; only commit at position; 4-star; other-school OV after commit; other-school offers after commit,https://247sports.com/player/jaelin-battle-46151813/
116,2022,46058715,Walker Howard,QB,LSU,Enrolled,yes,yes,29,Weak / Attack,26.2,Weak / Attack,64.7%,35.3%,55.5%,55.5%,44.5%,0.9809,5-star,40,6/12/2020,"St. Thomas More (Lafayette, LA)",LA,Lafayette,30.2056,-92.028058,LA,30.440443,-91.133166,56,nearby,city,yes,551,0,0,0,0,12,0,0,2,1,1,1,0,very early commit; first commitment; only commit at position; 5-star; other-school OV after commit,https://247sports.com/player/walker-howard-46058715/
117,2025,46137316,Kelepi Latu-Finau,DL,BYU,Enrolled,yes,yes,51,Vulnerable,51,Vulnerable,64.7%,35.3%,33.4%,33.4%,66.6%,0.8475,3-star,NA,5/13/2024,"Oakland (Oakland, CA)",CA,Oakland,37.769846,-122.22569,UT,40.245312,-111.645057,593,regional,city,no,219,0,0,0,0,0,0,0,0,0,0,0,0,early commit; first commitment; only commit at position,https://247sports.com/player/kelepi-latu-finau-46137316/
118,2027,46159353,Harrison Luke,S,Clemson,Hard Commit,no,yes,41,Weak / Attack,41,Weak / Attack,64.5%,35.5%,55.5%,55.5%,44.5%,0.8800,3-star,608,9/2/2025,"North Oconee (Bogart, GA)",GA,Bogart,33.947625,-83.533749,SC,34.683564,-82.810575,65,nearby,city,no,470,0,0,1,1,7,0,0,1,2,0,0,0,very early commit; first commitment; thin position group; other-school offers after commit,https://247sports.com/player/harrison-luke-46159353/
119,2026,46143924,Jermaine Kinsler,DL,Texas A&M,Enrolled,yes,yes,50,Vulnerable,46.5,Weak / Attack,64.3%,35.7%,33.4%,55.5%,44.5%,0.8900,4-star,485,2/13/2025,"Bergen Catholic (Oradell, NJ)",NJ,Oradell,40.956653,-74.032862,TX,30.58516,-96.29636,1433,far,city,no,307,0,0,1,1,9,0,1,2,10,0,0,0,early commit; first commitment; thin position group; far; 4-star,https://247sports.com/player/jermaine-kinsler-46143924/
120,2025,46149023,Dylan Singleton,DL,Texas Tech,Enrolled,yes,yes,53,Vulnerable,53,Vulnerable,64.0%,36.0%,33.4%,33.4%,66.6%,0.8550,3-star,NA,4/17/2024,"Loreauville (Loreauville, LA)",LA,Loreauville,30.05885,-91.738831,TX,33.561901,-101.888883,643,regional,city,no,245,0,0,0,0,3,0,0,1,0,0,0,0,early commit; first commitment; only commit at position,https://247sports.com/player/dylan-singleton-46149023/
121,2025,46130697,Lloyd Jones III,QB,Texas Tech,Enrolled,yes,yes,27,Weak / Attack,27,Weak / Attack,63.7%,36.3%,55.5%,55.5%,44.5%,0.8911,4-star,463,11/4/2023,"Hitchcock (Hitchcock, TX)",TX,Hitchcock,29.28262,-95.007631,TX,33.561901,-101.888883,502,regional,city,yes,410,0,0,0,0,0,0,0,0,0,0,0,0,very early commit; first commitment; only commit at position; 4-star,https://247sports.com/player/lloyd-jones-iii-46130697/
122,2023,46098447,Ty Bryant,ATH,Kentucky,Enrolled,yes,yes,38,Weak / Attack,38,Weak / Attack,63.7%,36.3%,55.5%,55.5%,44.5%,0.8567,3-star,NA,8/19/2021,"Frederick Douglass (Lexington, KY)",KY,Lexington,,,KY,37.8,-85.8,0,in_state,state,yes,489,0,0,0,0,7,0,0,1,0,0,0,0,very early commit; first commitment; only commit at position,https://247sports.com/player/ty-bryant-46098447/
123,2027,46155383,Titus Osterman,ATH,Washington,Hard Commit,no,yes,58,Vulnerable,58,Vulnerable,63.7%,36.3%,33.4%,33.4%,66.6%,0.8550,3-star,NA,1/31/2026,"Kimberly (Kimberly, ID)",ID,Kimberly,42.534894,-114.370689,WA,47.619335,-122.351538,524,regional,city,no,319,0,0,1,1,3,0,0,1,0,0,0,0,early commit; first commitment; thin position group,https://247sports.com/player/titus-osterman-46155383/
124,2022,46085986,Aaron Graves,DL,Iowa,Enrolled,yes,yes,42,Weak / Attack,42,Weak / Attack,63.6%,36.4%,55.5%,55.5%,44.5%,0.9503,4-star,128,6/25/2019,"Southeast Valley (Gowrie, IA)",IA,Gowrie,42.277932,-94.289735,IA,41.655661,-91.530859,148,nearby,city,yes,904,0,0,3,0,0,0,0,1,0,0,0,0,very early commit; first commitment; 4-star,https://247sports.com/player/aaron-graves-46085986/
125,2025,46129850,Tyson Terry,DL,Nebraska,Enrolled,yes,yes,42,Weak / Attack,42,Weak / Attack,63.5%,36.5%,55.5%,55.5%,44.5%,0.8917,4-star,455,6/9/2023,"Omaha North (Omaha, NE)",NE,Omaha,41.262705,-96.053475,NE,40.810284,-96.674856,45,nearby,city,yes,558,0,0,2,2,8,0,0,0,0,0,0,0,very early commit; first commitment; 4-star,https://247sports.com/player/tyson-terry-46129850/
126,2024,46131495,Jarvis Boatwright Jr.,S,USC,Enrolled,yes,yes,50,Vulnerable,50,Vulnerable,63.4%,36.6%,33.4%,33.4%,66.6%,0.8867,3-star,530,6/4/2023,"Clearwater (Clearwater, FL)",FL,Clearwater,27.979419,-82.771256,CA,34.019394,-118.410825,2141,cross_country,city,no,199,0,0,1,1,0,0,0,0,0,0,0,0,early commit; first commitment; thin position group; cross country,https://247sports.com/player/jarvis-boatwright-jr-46131495/
127,2026,46148026,Keavon Roberts,WR,Houston,Enrolled,yes,yes,41,Weak / Attack,41,Weak / Attack,63.3%,36.7%,55.5%,55.5%,44.5%,0.8767,3-star,831,6/16/2024,"Port Arthur Memorial (Port Arthur, TX)",TX,Port Arthur,29.900008,-93.89442,TX,29.785743,-95.388806,90,nearby,city,yes,549,0,0,1,1,6,0,0,1,1,0,0,0,very early commit; first commitment; thin position group; other-school offers after commit,https://247sports.com/player/keavon-roberts-46148026/
128,2026,46152353,Kyndrick Williams,S,Arkansas,Enrolled,yes,yes,37,Weak / Attack,37,Weak / Attack,63.0%,37.0%,55.5%,55.5%,44.5%,0.8700,3-star,NA,9/19/2024,"Fayetteville (Fayetteville, AR)",AR,Fayetteville,36.071455,-94.166564,AR,36.071455,-94.166564,0,in_state,city,yes,454,0,0,0,0,4,0,0,1,0,0,0,0,very early commit; first commitment; only commit at position,https://247sports.com/player/kyndrick-williams-46152353/
129,2026,46155797,Na'kwaine Carter,DL,Kansas,Signed,yes,yes,51,Vulnerable,45.0,Weak / Attack,63.0%,37.0%,33.4%,55.5%,44.5%,0.8767,3-star,831,6/15/2025,"Southmoore (Moore, OK)",OK,Moore,35.328503,-97.474763,KS,38.959551,-95.265468,279,regional,city,no,185,0,0,0,0,0,0,0,0,0,1,1,0,early commit; first commitment; only commit at position; other-school OV after commit,https://247sports.com/player/nakwaine-carter-46155797/
130,2026,46145691,Chris Stewart,WR,Texas,Enrolled,yes,yes,37,Weak / Attack,17,Weak / Attack,62.9%,37.1%,55.5%,55.5%,44.5%,0.9015,4-star,343,6/25/2024,"Shadow Creek (Pearland, TX)",TX,Pearland,29.555732,-95.323012,TX,30.298622,-97.754134,154,nearby,city,yes,540,0,0,1,1,9,0,0,1,6,4,4,0,very early commit; first commitment; thin position group; 4-star; other-school OV after commit,https://247sports.com/player/chris-stewart-46145691/
131,2023,46114480,Lamont Payne Jr.,CB,Penn State,Enrolled,yes,yes,38,Weak / Attack,38,Weak / Attack,62.9%,37.1%,55.5%,55.5%,44.5%,0.8800,3-star,609,9/18/2021,"Chartiers Valley (Bridgeville, PA)",PA,Bridgeville,40.358204,-80.10755,PA,40.791039,-77.856813,122,nearby,city,yes,459,0,0,1,1,0,0,0,0,0,0,0,0,very early commit; first commitment; thin position group,https://247sports.com/player/lamont-payne-jr-46114480/
132,2025,46135569,Carson Lawrence,S,Vanderbilt,Enrolled,yes,yes,34,Weak / Attack,14,Weak / Attack,62.7%,37.3%,55.5%,55.5%,44.5%,0.9014,4-star,330,6/23/2023,"McCallie School (Chattanooga, TN)",TN,Chattanooga,35.065958,-85.248386,TN,35.8,-86.4,82,nearby,city,yes,544,0,0,1,0,0,0,0,1,16,6,4,0,very early commit; first commitment; thin position group; 4-star; other-school OV after commit,https://247sports.com/player/carson-lawrence-46135569/
133,2025,46134243,Joey VanWetzinga,IOL,Iowa,Enrolled,yes,yes,40,Weak / Attack,40,Weak / Attack,62.7%,37.3%,55.5%,55.5%,44.5%,0.8747,3-star,792,7/1/2023,"Pleasant Valley (Bettendorf, IA)",IA,Bettendorf,41.566836,-90.476879,IA,41.655661,-91.530859,55,nearby,city,yes,536,0,0,1,1,1,0,0,1,0,0,0,0,very early commit; first commitment; thin position group,https://247sports.com/player/joey-vanwetzinga-46134243/
134,2026,46146481,Daniel Vollmer Jr.,LB,Vanderbilt,Enrolled,yes,yes,51,Vulnerable,51,Vulnerable,62.7%,37.3%,33.4%,33.4%,66.6%,0.8756,3-star,881,2/2/2025,"St. Xavier (Cincinnati, OH)",OH,Cincinnati,39.140183,-84.505829,TN,35.8,-86.4,253,regional,city,no,318,0,0,0,0,0,0,0,0,0,0,0,0,early commit; first commitment; only commit at position,https://247sports.com/player/daniel-vollmer-jr-46146481/
135,2026,46146904,Justice Brathwaite,CB,BYU,Enrolled,yes,yes,34,Weak / Attack,33.2,Weak / Attack,62.6%,37.4%,55.5%,55.5%,44.5%,0.8522,3-star,NA,12/10/2024,"Higley (Gilbert, AZ)",AZ,Gilbert,33.310345,-111.743121,UT,40.245312,-111.645057,479,regional,city,no,372,0,0,0,0,6,0,0,0,1,0,0,0,very early commit; first commitment; only commit at position; other-school offers after commit,https://247sports.com/player/justice-brathwaite-46146904/
136,2023,46129433,Bray Hubbard,ATH,Alabama,Enrolled,yes,yes,54,Vulnerable,54,Vulnerable,62.6%,37.4%,33.4%,33.4%,66.6%,0.9024,4-star,316,6/26/2022,"Ocean Springs (Ocean Springs, MS)",MS,Ocean Springs,30.402704,-88.788647,AL,33.234404,-87.5283,209,nearby,city,no,178,0,0,0,0,0,0,0,0,0,0,0,0,first commitment; only commit at position; 4-star,https://247sports.com/player/bray-hubbard-46129433/
137,2025,46128692,Tikey Hayes,RB,Penn State,Enrolled,yes,yes,34,Weak / Attack,34,Weak / Attack,62.5%,37.5%,55.5%,55.5%,44.5%,0.8933,4-star,429,9/25/2023,"Aliquippa (Aliquippa, PA)",PA,Aliquippa,40.615827,-80.255162,PA,40.791039,-77.856813,126,nearby,city,yes,450,0,0,1,1,0,0,0,0,0,0,0,0,very early commit; first commitment; thin position group; 4-star,https://247sports.com/player/tikey-hayes-46128692/
138,2022,46058583,Rashad Rochelle,WR,Rutgers,Enrolled,yes,yes,41,Weak / Attack,41,Weak / Attack,62.2%,37.8%,55.5%,55.5%,44.5%,0.8722,3-star,731,10/19/2020,"Springfield (Springfield, IL)",IL,Springfield,39.791063,-89.644572,NJ,40.1,-74.5,802,far,city,no,422,0,0,2,2,6,0,0,0,0,0,0,0,very early commit; first commitment; far,https://247sports.com/player/rashad-rochelle-46058583/
139,2026,46153781,Ayden Johnson,DL,Texas Tech,Enrolled,yes,yes,34,Weak / Attack,33.2,Weak / Attack,62.1%,37.9%,55.5%,55.5%,44.5%,0.8733,3-star,963,11/30/2024,"Mount Pleasant (Mount Pleasant, TX)",TX,Mount Pleasant,33.158236,-94.974468,TX,33.561901,-101.888883,400,regional,city,yes,382,0,0,1,1,0,0,2,0,1,0,0,0,very early commit; first commitment; thin position group; other-school offers after commit,https://247sports.com/player/ayden-johnson-46153781/
140,2027,46159696,Zy'Corius Huzzie,CB,Arkansas,Hard Commit,no,yes,51,Vulnerable,51,Vulnerable,62.1%,37.9%,33.4%,33.4%,66.6%,0.8600,3-star,NA,4/6/2026,"LaGrange (LaGrange, GA)",GA,LaGrange,33.02698,-85.038261,AR,36.071455,-94.166564,560,regional,city,no,254,0,0,0,0,0,0,0,1,0,0,0,0,early commit; first commitment; only commit at position,https://247sports.com/player/zycorius-huzzie-46159696/
141,2026,46154794,Sam Dawson,DL,Louisville,Enrolled,yes,yes,53,Vulnerable,53,Vulnerable,62.0%,38.0%,33.4%,33.4%,66.6%,0.8644,3-star,NA,1/16/2025,"South Oldham (Crestwood, KY)",KY,Crestwood,38.343668,-85.477656,KY,38.224728,-85.740614,16,nearby,city,yes,335,0,0,0,0,0,0,0,1,0,0,0,0,early commit; first commitment; only commit at position,https://247sports.com/player/sam-dawson-46154794/
142,2024,46113815,Kavion Henderson,DL,Arkansas,Enrolled,yes,yes,33,Weak / Attack,20.0,Weak / Attack,61.9%,38.1%,55.5%,55.5%,44.5%,0.9052,4-star,316,11/6/2022,"Leeds (Leeds, AL)",AL,Leeds,33.546847,-86.571448,AR,36.071455,-94.166564,465,regional,city,no,409,0,0,1,1,11,0,2,1,4,2,2,0,very early commit; first commitment; thin position group; 4-star; other-school OV after commit,https://247sports.com/player/kavion-henderson-46113815/
143,2027,46145331,Cameron Pritchett,Edge,Oregon,Hard Commit,no,yes,30,Weak / Attack,30,Weak / Attack,61.9%,38.1%,55.5%,55.5%,44.5%,0.9150,4-star,249,6/2/2025,"Thompson (Alabaster, AL)",AL,Alabaster,33.214355,-86.82308,OR,44.056848,-123.119019,2077,cross_country,city,no,562,0,0,1,1,21,0,1,1,0,0,0,0,very early commit; first commitment; thin position group; cross country; 4-star,https://247sports.com/player/cameron-pritchett-46145331/
144,2026,46156078,Rinaldo Callaway III,Edge,Rutgers,Enrolled,yes,yes,47,Weak / Attack,47,Weak / Attack,61.9%,38.1%,55.5%,55.5%,44.5%,0.8978,4-star,377,6/2/2025,"Southwest (Macon, GA)",GA,Macon,,,NJ,40.1,-74.5,707,regional,state,no,198,0,0,0,0,0,0,0,0,0,0,0,0,early commit; first commitment; only commit at position; 4-star,https://247sports.com/player/rinaldo-callaway-iii-46156078/
145,2026,46139482,Maurice Medley,ATH,Syracuse,Enrolled,yes,yes,39,Weak / Attack,31.5,Weak / Attack,61.8%,38.2%,55.5%,55.5%,44.5%,0.8689,3-star,NA,12/2/2024,"St. Frances Academy (Baltimore, MD)",MD,Baltimore,39.300032,-76.610476,NY,43.040998,-76.143554,260,regional,city,no,380,0,0,1,1,8,0,0,0,2,1,1,0,very early commit; first commitment; thin position group; other-school OV after commit; other-school offers after commit,https://247sports.com/player/maurice-medley-46139482/
146,2026,46150510,Dylan Wester,ATH,Pittsburgh,Enrolled,yes,yes,51,Vulnerable,51,Vulnerable,61.8%,38.2%,33.4%,33.4%,66.6%,0.8778,3-star,802,3/21/2025,"Booker (Sarasota, FL)",FL,Sarasota,27.338257,-82.543721,PA,40.439936,-79.975676,917,far,city,no,271,0,0,0,0,10,0,0,1,0,0,0,0,early commit; first commitment; only commit at position; far,https://247sports.com/player/dylan-wester-46150510/
147,2023,46110318,Ethan Davis,TE,Tennessee,Enrolled,yes,yes,29,Weak / Attack,15.2,Weak / Attack,61.7%,38.3%,55.5%,55.5%,44.5%,0.9401,4-star,144,12/12/2021,"Collins Hill (Suwanee, GA)",GA,Suwanee,34.051119,-84.06591,TN,35.97068,-83.94927,133,nearby,city,no,374,0,0,0,0,3,0,1,1,13,2,0,0,very early commit; first commitment; only commit at position; 4-star; other-school visit after commit,https://247sports.com/player/ethan-davis-46110318/
148,2024,46131723,DJ Jordan,WR,USC,Enrolled,yes,yes,49,Weak / Attack,49,Weak / Attack,61.5%,38.5%,55.5%,55.5%,44.5%,0.9573,4-star,84,5/1/2023,"Sierra Canyon (Chatsworth, CA)",CA,Chatsworth,,,CA,34.019394,-118.410825,200,nearby,state,yes,233,0,0,0,0,0,0,0,0,0,0,0,0,early commit; first commitment; only commit at position; 4-star,https://247sports.com/player/dj-jordan-46131723/
149,2027,46149821,Elijah Patmon,DL,Texas A&M,Hard Commit,no,yes,33,Weak / Attack,33,Weak / Attack,61.4%,38.6%,55.5%,55.5%,44.5%,0.9303,4-star,175,10/11/2025,"Northside (Warner Robins, GA)",GA,Warner Robins,32.597096,-83.653936,TX,30.58516,-96.29636,756,far,city,no,431,0,0,1,1,17,0,2,1,1,0,0,0,very early commit; first commitment; thin position group; far; 4-star,https://247sports.com/player/elijah-patmon-46149821/
150,2025,46137237,James Flanigan,TE,Notre Dame,Enrolled,yes,yes,32,Weak / Attack,32,Weak / Attack,61.3%,38.7%,55.5%,55.5%,44.5%,0.9434,4-star,127,10/21/2023,"Notre Dame Academy (Green Bay, WI)",WI,Green Bay,44.521542,-87.986568,IN,41.700283,-86.238679,214,nearby,city,no,424,0,0,0,0,9,0,0,0,0,0,0,0,very early commit; first commitment; only commit at position; 4-star,https://247sports.com/player/james-flanigan-46137237/
151,2027,90720,Christian Chancellor Jr.,CB,Clemson,Hard Commit,no,yes,36,Weak / Attack,36,Weak / Attack,61.3%,38.7%,55.5%,55.5%,44.5%,0.8711,3-star,839,7/25/2025,"D.W. Daniel (Central, SC)",SC,Central,34.723405,-82.774706,SC,34.683564,-82.810575,3,nearby,city,yes,509,0,0,0,0,7,0,0,2,0,0,0,0,very early commit; first commitment; only commit at position,https://247sports.com/player/christian-chancellor-jr-90720/
152,2022,46101119,Sione Hala,S,Boston College,Enrolled,yes,yes,44,Weak / Attack,38.0,Weak / Attack,61.2%,38.8%,55.5%,55.5%,44.5%,0.8978,4-star,342,5/21/2021,"St. John Bosco (Bellflower, CA)",CA,Bellflower,33.887821,-118.12725,MA,42.2,-71.8,2553,cross_country,city,no,208,0,0,0,0,10,0,0,0,0,1,1,0,early commit; first commitment; only commit at position; cross country; 4-star,https://247sports.com/player/sione-hala-46101119/
153,2027,46163630,Marcus Watson,ATH,Houston,Hard Commit,no,yes,53,Vulnerable,49.0,Weak / Attack,61.1%,38.9%,33.4%,55.5%,44.5%,0.8700,3-star,853,4/3/2026,"Baton Rouge Central (Baton Rouge, LA)",LA,Baton Rouge,30.440443,-91.133166,TX,29.785743,-95.388806,258,regional,city,no,257,0,0,0,0,5,0,0,1,0,1,1,0,early commit; first commitment; only commit at position; other-school OV after commit,https://247sports.com/player/marcus-watson-46163630/
154,2022,46101903,Walter Bob,DL,Alabama,Hard Commit,no,yes,60,Vulnerable,56.2,Vulnerable,61.1%,38.9%,33.4%,33.4%,66.6%,0.8987,4-star,334,2/1/2021,"Acadiana (Lafayette, LA)",LA,Lafayette,30.2056,-92.028058,AL,33.234404,-87.5283,337,regional,city,no,317,0,0,3,3,0,0,0,0,5,0,0,0,early commit; first commitment; 4-star; other-school offers after commit,https://247sports.com/player/walter-bob-46101903/
155,2026,46135992,Jaden Jefferson,ATH,North Carolina,Enrolled,yes,yes,58,Vulnerable,57.2,Vulnerable,61.1%,38.9%,33.4%,33.4%,66.6%,0.8756,3-star,881,1/21/2025,"De La Salle (Concord, CA)",CA,Concord,37.972184,-122.001587,NC,35.928328,-79.041375,2355,cross_country,city,no,330,0,0,2,2,8,0,0,0,1,0,0,0,early commit; first commitment; cross country; other-school offers after commit,https://247sports.com/player/jaden-jefferson-46135992/
156,2026,46137277,Faizon Brandon,QB,Tennessee,Enrolled,yes,yes,26,Weak / Attack,16.0,Weak / Attack,60.9%,39.1%,55.5%,55.5%,44.5%,0.9939,5-star,10,8/3/2024,"Grimsley (Greensboro, NC)",NC,Greensboro,36.09485,-79.823624,TN,35.97068,-83.94927,231,nearby,city,no,501,0,0,0,0,5,0,7,1,0,4,0,0,very early commit; first commitment; only commit at position; 5-star; other-school visit after commit,https://247sports.com/player/faizon-brandon-46137277/
157,2024,46117232,Cam Buffington,LB,Iowa,Enrolled,yes,yes,41,Weak / Attack,41,Weak / Attack,60.9%,39.1%,55.5%,55.5%,44.5%,0.8966,4-star,398,7/26/2021,"Winfield-Mt. Union (Winfield, IA)",IA,Winfield,41.125904,-91.438127,IA,41.655661,-91.530859,37,nearby,city,yes,877,0,0,2,0,1,0,0,1,0,0,0,0,very early commit; first commitment; 4-star,https://247sports.com/player/cam-buffington-46117232/
158,2024,46117041,CJ Bailey,QB,NC State,Enrolled,yes,yes,47,Weak / Attack,47,Weak / Attack,60.9%,39.1%,55.5%,55.5%,44.5%,0.8933,4-star,434,3/13/2023,"Chaminade-Madonna (Hollywood, FL)",FL,Hollywood,26.030967,-80.164609,NC,35.831868,-78.641042,683,regional,city,no,282,0,0,0,0,0,0,0,0,0,0,0,0,early commit; first commitment; only commit at position; 4-star,https://247sports.com/player/cj-bailey-46117041/
159,2023,46099799,Gabe Harris Jr.,Edge,Georgia,Enrolled,yes,yes,57,Vulnerable,57,Vulnerable,60.9%,39.1%,33.4%,33.4%,66.6%,0.9691,4-star,66,4/17/2022,"IMG Academy (Bradenton, FL)",FL,Bradenton,27.489798,-82.576804,GA,32.7,-83.3,363,regional,city,no,248,0,0,2,2,0,0,0,0,0,0,0,0,early commit; first commitment; 4-star,https://247sports.com/player/gabe-harris-jr-46099799/
160,2023,46130694,Frank Covey IV,ATH,Northwestern,Enrolled,yes,yes,53,Vulnerable,53,Vulnerable,60.6%,39.4%,33.4%,33.4%,66.6%,0.8675,3-star,899,2/6/2022,"Prospect (Mount Prospect, IL)",IL,Mount Prospect,42.064202,-87.937364,IL,42.046391,-87.694352,13,nearby,city,yes,318,0,0,0,0,0,0,0,0,0,0,0,0,early commit; first commitment; only commit at position,https://247sports.com/player/frank-covey-iv-46130694/
161,2025,46142757,Josh Williams,IOL,Stanford,Enrolled,yes,yes,43,Weak / Attack,43,Weak / Attack,60.5%,39.5%,55.5%,55.5%,44.5%,0.8811,3-star,619,2/19/2024,"The Haverford School (Haverford, PA)",PA,Haverford,,,CA,37.426933,-122.167741,2391,cross_country,state,no,303,0,0,0,0,0,0,4,0,0,0,0,0,early commit; first commitment; only commit at position; cross country,https://247sports.com/player/josh-williams-46142757/
162,2025,46141591,Matt Outten,ATH,Penn State,Enrolled,yes,yes,52,Vulnerable,52,Vulnerable,60.4%,39.6%,33.4%,33.4%,66.6%,0.9041,4-star,311,9/2/2024,"I.C. Norcom (Portsmouth, VA)",VA,Portsmouth,36.859339,-76.356973,PA,40.791039,-77.856813,283,regional,city,no,107,0,0,0,0,0,0,0,0,0,0,0,0,first commitment; only commit at position; 4-star,https://247sports.com/player/matt-outten-46141591/
163,2027,46138988,Davontrae Kirkland,S,Baylor,Hard Commit,no,yes,38,Weak / Attack,36.5,Weak / Attack,60.3%,39.7%,55.5%,55.5%,44.5%,0.8833,3-star,554,6/14/2025,"Waco University (Waco, TX)",TX,Waco,31.557994,-97.18975,TX,31.557994,-97.18975,0,in_state,city,yes,550,0,0,0,0,13,0,0,0,2,0,0,0,very early commit; first commitment; only commit at position; other-school offers after commit,https://247sports.com/player/davontrae-kirkland-46138988/
164,2022,46113843,Phillip Dunnam,S,Indiana,Enrolled,yes,yes,55,Vulnerable,55,Vulnerable,60.3%,39.7%,33.4%,33.4%,66.6%,0.8756,3-star,648,7/20/2021,"North Miami Beach (Miami, FL)",FL,Miami,25.775163,-80.208615,IN,39.1637,-86.524264,995,far,city,no,148,0,0,0,0,1,0,0,1,0,0,0,0,first commitment; only commit at position; far,https://247sports.com/player/phillip-dunnam-46113843/
165,2027,46166750,Jacobi Pasley,ATH,West Virginia,Hard Commit,no,yes,58,Vulnerable,58,Vulnerable,60.3%,39.7%,33.4%,33.4%,66.6%,0.8700,3-star,853,5/1/2026,"Bradwell Institute (Hinesville, GA)",GA,Hinesville,31.826702,-81.615773,WV,39.637487,-79.946856,548,regional,city,no,229,0,0,1,1,1,0,0,0,0,0,0,0,early commit; first commitment; thin position group,https://247sports.com/player/jacobi-pasley-46166750/
166,2024,46103440,Caleb Irving,DL,Purdue,Enrolled,yes,yes,53,Vulnerable,53,Vulnerable,60.2%,39.8%,33.4%,33.4%,66.6%,0.8719,3-star,866,6/21/2023,"Parish Episcopal School (Dallas, TX)",TX,Dallas,32.793333,-96.766513,IN,40.443707,-86.923616,759,far,city,no,182,0,0,1,1,0,0,0,0,0,0,0,0,early commit; first commitment; thin position group; far,https://247sports.com/player/caleb-irving-46103440/
167,2025,46141610,Marquet Dorsey Jr.,CB,Northwestern,Enrolled,yes,yes,55,Vulnerable,55,Vulnerable,60.2%,39.8%,33.4%,33.4%,66.6%,0.8647,3-star,NA,5/14/2024,"Don Bosco Prep (Ramsey, NJ)",NJ,Ramsey,41.061325,-74.146996,IL,42.046391,-87.694352,703,regional,city,no,218,0,0,0,0,0,1,0,0,0,0,0,0,early commit; first commitment; only commit at position,https://247sports.com/player/marquet-dorsey-jr-46141610/
168,2024,46115411,Joey Olsen,TE,USC,Enrolled,yes,yes,32,Weak / Attack,32,Weak / Attack,60.1%,39.9%,55.5%,55.5%,44.5%,0.9085,4-star,287,9/14/2022,"Lakeridge (Lake Oswego, OR)",OR,Lake Oswego,45.413551,-122.700007,CA,34.019394,-118.410825,819,far,city,no,462,0,0,1,1,11,0,0,1,0,0,0,0,very early commit; first commitment; thin position group; far; 4-star,https://247sports.com/player/joey-olsen-46115411/
169,2027,46161368,Gunnar Perry,LB,California,Hard Commit,no,yes,53,Vulnerable,53,Vulnerable,60.1%,39.9%,33.4%,33.4%,66.6%,0.8500,3-star,NA,2/6/2026,"Cactus Shadows (Scottsdale, AZ)",AZ,Scottsdale,33.684272,-111.861448,CA,37.865673,-122.298725,652,regional,city,no,313,0,0,0,0,1,0,0,0,0,0,0,0,early commit; first commitment; only commit at position,https://247sports.com/player/gunnar-perry-46161368/
170,2026,46151669,Polo Anderson,S,Clemson,Enrolled,yes,yes,49,Weak / Attack,49,Weak / Attack,60.0%,40.0%,55.5%,55.5%,44.5%,0.9518,4-star,112,5/15/2025,"Dorman (Roebuck, SC)",SC,Roebuck,34.878987,-81.964442,SC,34.683564,-82.810575,50,nearby,city,yes,216,0,0,0,0,0,0,0,0,0,0,0,0,early commit; first commitment; only commit at position; 4-star,https://247sports.com/player/polo-anderson-46151669/
171,2022,46112718,Marcus Scott II,CB,Missouri,Enrolled,yes,yes,53,Vulnerable,53,Vulnerable,60.0%,40.0%,33.4%,33.4%,66.6%,0.8933,4-star,384,6/13/2021,"Conroe (Conroe, TX)",TX,Conroe,30.328717,-95.4846,MO,38.94729,-92.326387,622,regional,city,no,185,0,0,0,0,1,1,0,0,0,0,0,0,early commit; first commitment; only commit at position; 4-star,https://247sports.com/player/marcus-scott-ii-46112718/
172,2025,46139509,CJ Bell Jr.,CB,Iowa,Enrolled,yes,yes,53,Vulnerable,53,Vulnerable,60.0%,40.0%,33.4%,33.4%,66.6%,0.8672,3-star,NA,6/24/2024,"St. Thomas More (Prep) (Mansfield, MA)",MA,Mansfield,,,IA,41.655661,-91.530859,1013,far,state,no,177,0,0,0,0,0,0,0,0,0,0,0,0,first commitment; only commit at position; far,https://247sports.com/player/cj-bell-jr-46139509/
173,2026,46137059,Briggs Cherry,QB,Louisville,Enrolled,yes,yes,49,Weak / Attack,49,Weak / Attack,59.9%,40.1%,55.5%,55.5%,44.5%,0.9111,4-star,262,1/28/2025,"Baylor School (Chattanooga, TN)",TN,Chattanooga,35.065958,-85.248386,KY,38.224728,-85.740614,220,nearby,city,no,323,0,0,0,0,0,0,0,1,0,0,0,0,early commit; first commitment; only commit at position; 4-star,https://247sports.com/player/briggs-cherry-46137059/
174,2022,46058787,Curt Neal,DL,Wisconsin,Enrolled,yes,yes,61,Vulnerable,61,Vulnerable,59.8%,40.2%,33.4%,33.4%,66.6%,0.8859,3-star,464,6/25/2021,"Hough (Cornelius, NC)",NC,Cornelius,35.473234,-80.881329,WI,43.087815,-89.429856,696,regional,city,no,173,0,0,1,1,0,0,0,0,0,0,0,0,first commitment; thin position group,https://247sports.com/player/curt-neal-46058787/
175,2025,46134755,Akili Smith Jr.,QB,Oregon,Enrolled,yes,yes,32,Weak / Attack,32,Weak / Attack,59.7%,40.3%,55.5%,55.5%,44.5%,0.9264,4-star,190,7/31/2023,"San Diego Lincoln (San Diego, CA)",CA,San Diego,32.814977,-117.135562,OR,44.056848,-123.119019,841,far,city,no,506,0,0,1,1,15,0,0,2,1,0,0,0,very early commit; first commitment; thin position group; far; 4-star,https://247sports.com/player/akili-smith-jr-46134755/
176,2024,46138995,Rashad Godfrey Jr.,CB,Iowa,Enrolled,yes,yes,53,Vulnerable,53,Vulnerable,59.7%,40.3%,33.4%,33.4%,66.6%,0.8678,3-star,990,7/5/2023,"Armwood (Seffner, FL)",FL,Seffner,28.001639,-82.274077,IA,41.655661,-91.530859,1078,far,city,no,168,0,0,0,0,0,0,0,0,0,0,0,0,first commitment; only commit at position; far,https://247sports.com/player/rashad-godfrey-jr-46138995/
177,2025,46133527,Semaj Fleming,WR,Boston College,Enrolled,yes,yes,54,Vulnerable,54,Vulnerable,59.7%,40.3%,33.4%,33.4%,66.6%,0.8744,3-star,795,6/9/2024,"Edgewater (Orlando, FL)",FL,Orlando,28.40865,-81.254805,MA,42.2,-71.8,1090,far,city,no,192,0,0,0,0,1,2,1,0,0,0,0,0,early commit; first commitment; only commit at position; far,https://247sports.com/player/semaj-fleming-46133527/
178,2025,46137661,Scotty Fox Jr.,QB,West Virginia,Enrolled,yes,yes,33,Weak / Attack,33,Weak / Attack,59.6%,40.4%,55.5%,55.5%,44.5%,0.8694,3-star,975,11/18/2023,"Mentor (Mentor, OH)",OH,Mentor,41.690159,-81.33588,WV,39.637487,-79.946856,159,nearby,city,no,396,0,0,0,0,0,0,0,0,0,0,0,0,very early commit; first commitment; only commit at position,https://247sports.com/player/scotty-fox-jr-46137661/
179,2024,46134328,Albert Smith III,LB,Arizona State,Enrolled,yes,yes,48,Weak / Attack,48,Weak / Attack,59.6%,40.4%,55.5%,55.5%,44.5%,0.8647,3-star,NA,5/21/2023,"Ponchatoula (Ponchatoula, LA)",LA,Ponchatoula,30.440598,-90.442791,AZ,33.388414,-111.931782,1274,far,city,no,213,0,0,0,0,0,0,0,0,0,0,0,0,early commit; first commitment; only commit at position; far,https://247sports.com/player/albert-smith-iii-46134328/
180,2025,46135624,Kamario Taylor,QB,Mississippi State,Enrolled,yes,yes,27,Weak / Attack,20.8,Weak / Attack,59.5%,40.5%,55.5%,55.5%,44.5%,0.9444,4-star,119,10/13/2023,"Noxubee County (Macon, MS)",MS,Macon,33.122065,-88.556713,MS,33.463261,-88.827796,28,nearby,city,yes,432,0,0,0,0,0,0,2,1,3,1,1,0,very early commit; first commitment; only commit at position; 4-star; other-school OV after commit,https://247sports.com/player/kamario-taylor-46135624/
181,2026,46139844,Sean Morris II,RB,Northwestern,Enrolled,yes,yes,45,Weak / Attack,45,Weak / Attack,59.5%,40.5%,55.5%,55.5%,44.5%,0.8733,3-star,963,5/22/2025,"Orange Lutheran (Orange, CA)",CA,Orange,33.786971,-117.861265,IL,42.046391,-87.694352,1730,cross_country,city,no,209,0,0,0,0,0,0,0,0,0,0,0,0,early commit; first commitment; only commit at position; cross country,https://247sports.com/player/sean-morris-ii-46139844/
182,2023,46130998,Kenari Wilcher,ATH,Illinois,Enrolled,yes,yes,64,Vulnerable,64,Vulnerable,59.5%,40.5%,33.4%,33.4%,66.6%,0.8753,3-star,718,7/4/2022,"Moore Haven (Clewiston, FL)",FL,Clewiston,26.752811,-80.939194,IL,40.114099,-88.274619,1015,far,city,no,170,0,0,1,1,1,2,0,0,0,0,0,0,first commitment; thin position group; far,https://247sports.com/player/kenari-wilcher-46130998/
183,2025,46117693,Lamason Waller III,WR,BYU,Enrolled,yes,yes,56,Vulnerable,56,Vulnerable,59.4%,40.6%,33.4%,33.4%,66.6%,0.8842,3-star,563,6/21/2024,"Sultana (Hesperia, CA)",CA,Hesperia,34.397038,-117.315198,UT,40.245312,-111.645057,510,regional,city,no,180,0,0,0,0,0,0,0,0,0,0,0,0,first commitment; only commit at position,https://247sports.com/player/lamason-waller-iii-46117693/
184,2025,46137745,Tony Williams Jr.,S,UCF,Enrolled,yes,yes,49,Weak / Attack,49,Weak / Attack,59.3%,40.7%,55.5%,55.5%,44.5%,0.8950,4-star,404,3/15/2024,"Miami Central (Miami, FL)",FL,Miami,25.775163,-80.208615,FL,28.40865,-81.254805,193,nearby,city,yes,278,0,0,0,0,0,0,0,0,0,0,0,0,early commit; first commitment; only commit at position; 4-star,https://247sports.com/player/tony-williams-jr-46137745/
185,2026,46150584,Mojo Williams Jr.,CB,Colorado,Enrolled,yes,yes,53,Vulnerable,53,Vulnerable,59.3%,40.7%,33.4%,33.4%,66.6%,0.8589,3-star,NA,6/25/2025,"Edna Karr (New Orleans, LA)",LA,New Orleans,30.05342,-89.934502,CO,40.024431,-105.251251,1104,far,city,no,175,0,0,0,0,0,0,0,0,0,0,0,0,first commitment; only commit at position; far,https://247sports.com/player/mojo-williams-jr-46150584/
186,2025,46151145,Tanner Jumpp,DL,Northwestern,Enrolled,yes,yes,58,Vulnerable,56.5,Vulnerable,59.3%,40.7%,33.4%,33.4%,66.6%,0.8550,3-star,NA,6/22/2024,"Lake Mary (Lake Mary, FL)",FL,Lake Mary,28.759104,-81.332813,IL,42.046391,-87.694352,985,far,city,no,179,0,0,1,1,0,0,0,0,2,0,0,0,first commitment; thin position group; far; other-school offers after commit,https://247sports.com/player/tanner-jumpp-46151145/
187,2023,46096464,Elliot Washington II,S,Penn State,Enrolled,yes,yes,59,Vulnerable,59,Vulnerable,59.3%,40.7%,33.4%,33.4%,66.6%,0.9314,4-star,172,7/8/2022,"Venice (Venice, FL)",FL,Venice,27.116973,-82.41519,PA,40.791039,-77.856813,980,far,city,no,166,0,0,2,2,0,0,0,0,0,0,0,0,first commitment; far; 4-star,https://247sports.com/player/elliot-washington-ii-46096464/
188,2024,46133318,Red Martel,RB,Kansas,Enrolled,yes,yes,40,Weak / Attack,40,Weak / Attack,59.1%,40.9%,55.5%,55.5%,44.5%,0.8664,3-star,NA,11/8/2022,"Beggs (Beggs, OK)",OK,Beggs,35.741386,-96.066464,KS,38.959551,-95.265468,227,nearby,city,no,407,0,0,1,1,2,0,0,1,1,0,0,0,very early commit; first commitment; thin position group; other-school offers after commit,https://247sports.com/player/red-martel-46133318/
189,2023,46133452,Vilay Nakkoun Jr.,ATH,Rutgers,Enrolled,yes,yes,53,Vulnerable,53,Vulnerable,59.1%,40.9%,33.4%,33.4%,66.6%,0.8475,3-star,NA,6/8/2022,"Orlando Christian Prep (Orlando, FL)",FL,Orlando,28.40865,-81.254805,NJ,40.1,-74.5,894,far,city,no,196,0,0,1,1,0,0,0,0,0,0,0,0,early commit; first commitment; thin position group; far,https://247sports.com/player/vilay-nakkoun-jr-46133452/
190,2023,46129813,Shadarian Harrison,CB,Pittsburgh,Enrolled,yes,yes,50,Vulnerable,49.2,Weak / Attack,59.0%,41.0%,33.4%,55.5%,44.5%,0.8744,3-star,734,6/3/2022,"Lakeland (Lakeland, FL)",FL,Lakeland,28.055496,-81.954772,PA,40.439936,-79.975676,863,far,city,no,201,0,0,0,0,2,0,0,0,1,0,0,0,early commit; first commitment; only commit at position; far; other-school offers after commit,https://247sports.com/player/shadarian-harrison-46129813/
191,2022,46076668,Caleb Burton III,WR,Ohio State,Enrolled,yes,yes,37,Weak / Attack,37,Weak / Attack,58.9%,41.1%,55.5%,55.5%,44.5%,0.9465,4-star,132,11/23/2020,"Lake Travis (Austin, TX)",TX,Austin,30.298622,-97.754134,OH,39.983938,-82.984882,1067,far,city,no,387,0,0,3,2,0,0,0,0,0,0,0,0,very early commit; first commitment; far; 4-star,https://247sports.com/player/caleb-burton-iii-46076668/
192,2027,46155003,Derek Fisher,S,Virginia,Hard Commit,no,yes,36,Weak / Attack,36,Weak / Attack,58.8%,41.2%,55.5%,55.5%,44.5%,0.8711,3-star,839,10/23/2025,"Bethel (Hampton, VA)",VA,Hampton,37.047961,-76.297293,VA,38.037658,-78.485381,138,nearby,city,yes,419,0,0,0,0,6,0,0,1,1,0,0,0,very early commit; first commitment; only commit at position; other-school offers after commit,https://247sports.com/player/derek-fisher-46155003/
193,2027,46146222,Jayce Johnson,QB,Texas A&M,Hard Commit,no,yes,25,Weak / Attack,25,Weak / Attack,58.7%,41.3%,55.5%,55.5%,44.5%,0.9336,4-star,162,8/3/2025,"Lowndes (Valdosta, GA)",GA,Valdosta,30.850126,-83.278833,TX,30.58516,-96.29636,773,far,city,no,500,0,0,0,0,10,0,5,5,0,2,0,0,very early commit; first commitment; only commit at position; far; 4-star,https://247sports.com/player/jayce-johnson-46146222/
194,2024,46138608,Quay'sheed Scott,S,Kentucky,Enrolled,yes,yes,56,Vulnerable,56,Vulnerable,58.7%,41.3%,33.4%,33.4%,66.6%,0.8762,3-star,737,7/4/2023,"Marion (Marion, SC)",SC,Marion,34.178658,-79.395659,KY,37.8,-85.8,437,regional,city,no,169,0,0,0,0,0,0,0,0,0,0,0,0,first commitment; only commit at position,https://247sports.com/player/quaysheed-scott-46138608/
195,2026,46142094,Sean Stover,IOL,Duke,Enrolled,yes,yes,25,Weak / Attack,18.0,Weak / Attack,58.6%,41.4%,55.5%,55.5%,44.5%,0.9013,4-star,345,11/25/2024,"Prosper (Prosper, TX)",TX,Prosper,33.241332,-96.812388,NC,35.977928,-78.898109,1035,far,city,no,387,0,0,0,0,7,0,4,1,4,1,1,0,very early commit; first commitment; only commit at position; far; 4-star,https://247sports.com/player/sean-stover-46142094/
196,2027,46154163,Gianni Porfilio,CB,Purdue,Hard Commit,no,yes,45,Weak / Attack,45,Weak / Attack,58.6%,41.4%,55.5%,55.5%,44.5%,0.8400,3-star,NA,5/14/2026,"Huntington Beach (Huntington Beach, CA)",CA,Huntington Beach,33.698007,-118.003834,IN,40.443707,-86.923616,1766,cross_country,city,no,216,0,0,0,0,0,0,0,0,0,0,0,0,early commit; first commitment; only commit at position; cross country,https://247sports.com/player/gianni-porfilio-46154163/
197,2026,46146268,Johnny O'Brien,QB,Northwestern,Enrolled,yes,yes,31,Weak / Attack,31,Weak / Attack,58.4%,41.6%,55.5%,55.5%,44.5%,0.8622,3-star,NA,6/15/2024,"Fremd (Palatine, IL)",IL,Palatine,42.116467,-88.044361,IL,42.046391,-87.694352,19,nearby,city,yes,550,0,0,0,0,0,0,2,1,0,0,0,0,very early commit; first commitment; only commit at position,https://247sports.com/player/johnny-obrien-46146268/
198,2027,46148922,Colin Urrea,IOL,Pittsburgh,Hard Commit,no,yes,33,Weak / Attack,32.8,Weak / Attack,58.4%,41.6%,55.5%,55.5%,44.5%,0.8100,3-star,NA,6/15/2025,"Community School of Naples (Naples, FL)",FL,Naples,26.150485,-81.795299,PA,40.439936,-79.975676,993,far,city,no,549,0,0,1,1,4,0,4,1,3,0,0,0,very early commit; first commitment; thin position group; far; other-school offers after commit,https://247sports.com/player/colin-urrea-46148922/
199,2025,46139632,RJ Jones III,CB,Illinois,Enrolled,yes,yes,53,Vulnerable,53,Vulnerable,58.4%,41.6%,33.4%,33.4%,66.6%,0.8617,3-star,NA,6/29/2024,"Vero Beach (Vero Beach, FL)",FL,Vero Beach,27.64722,-80.393136,IL,40.114099,-88.274619,972,far,city,no,172,0,0,0,0,0,0,0,0,0,0,0,0,first commitment; only commit at position; far,https://247sports.com/player/rj-jones-iii-46139632/
200,2027,46164607,Raiden Cook,DL,Houston,Hard Commit,no,yes,52,Vulnerable,42.0,Weak / Attack,58.3%,41.7%,33.4%,55.5%,44.5%,0.9202,4-star,227,2/3/2026,"Barbers Hill (Mont Belvieu, TX)",TX,Mont Belvieu,29.849964,-94.874713,TX,29.785743,-95.388806,31,nearby,city,yes,316,0,0,0,0,7,0,0,1,8,1,1,0,early commit; first commitment; only commit at position; 4-star; other-school OV after commit,https://247sports.com/player/raiden-cook-46164607/
201,2025,46139002,Trynae Washington,ATH,Oklahoma,Enrolled,yes,yes,37,Weak / Attack,37,Weak / Attack,58.2%,41.8%,55.5%,55.5%,44.5%,0.9003,4-star,345,11/2/2023,"Carl Albert (Oklahoma City, OK)",OK,Oklahoma City,35.467079,-97.513657,OK,35.240569,-97.345299,18,nearby,city,yes,412,0,0,1,1,7,0,0,0,0,0,0,0,very early commit; first commitment; thin position group; 4-star,https://247sports.com/player/trynae-washington-46139002/
202,2025,46145282,Ramonz Adams Jr.,CB,Washington,Enrolled,yes,yes,50,Vulnerable,50,Vulnerable,58.2%,41.8%,33.4%,33.4%,66.6%,0.8689,3-star,987,7/2/2024,"Bastrop (Bastrop, TX)",TX,Bastrop,30.1111,-97.318152,WA,47.619335,-122.351538,1796,cross_country,city,no,169,0,0,0,0,0,0,0,0,0,0,0,0,first commitment; only commit at position; cross country,https://247sports.com/player/ramonz-adams-jr-46145282/
203,2022,46086648,Peter Delaportas,QB,Boston College,Enrolled,yes,yes,33,Weak / Attack,33,Weak / Attack,58.1%,41.9%,55.5%,55.5%,44.5%,0.8786,3-star,592,9/8/2020,"Jefferson Township (Oak Ridge, NJ)",NJ,Oak Ridge,41.031046,-74.498236,MA,42.2,-71.8,161,nearby,city,no,463,0,0,0,0,4,0,1,0,0,0,0,0,very early commit; first commitment; only commit at position,https://247sports.com/player/peter-delaportas-46086648/
204,2025,46141539,Nedrick Boldin Jr.,ATH,Boston College,Enrolled,yes,yes,61,Vulnerable,61,Vulnerable,58.1%,41.9%,33.4%,33.4%,66.6%,0.8597,3-star,NA,3/12/2024,"Palm Beach Central (West Palm Beach, FL)",FL,West Palm Beach,26.745114,-80.127038,MA,42.2,-71.8,1167,far,city,no,281,0,0,3,3,0,0,0,0,0,0,0,0,early commit; first commitment; far,https://247sports.com/player/nedrick-boldin-jr-46141539/
205,2026,46138185,Kendre Harrison,TE,Oregon,Enrolled,yes,yes,19,Weak / Attack,19,Weak / Attack,58.0%,42.0%,55.5%,55.5%,44.5%,0.9843,5-star,34,11/30/2024,"Reidsville (Reidsville, NC)",NC,Reidsville,36.341304,-79.673826,OR,44.056848,-123.119019,2326,cross_country,city,no,382,0,0,0,0,10,0,6,2,0,0,0,0,very early commit; first commitment; only commit at position; cross country; 5-star,https://247sports.com/player/kendre-harrison-46138185/
206,2022,46094907,Bennett Christian,TE,Ohio State,Enrolled,yes,yes,28,Weak / Attack,28,Weak / Attack,58.0%,42.0%,55.5%,55.5%,44.5%,0.8917,4-star,408,9/1/2020,"Allatoona (Acworth, GA)",GA,Acworth,34.061991,-84.681121,OH,39.983938,-82.984882,420,regional,city,no,470,0,0,0,0,11,0,1,1,0,0,0,0,very early commit; first commitment; only commit at position; 4-star,https://247sports.com/player/bennett-christian-46094907/
207,2024,46102336,Jason Robinson Jr.,WR,Washington,Enrolled,yes,yes,58,Vulnerable,58,Vulnerable,58.0%,42.0%,33.4%,33.4%,66.6%,0.8883,3-star,500,6/24/2023,"San Juan Hills (San Juan Capistrano, CA)",CA,San Juan Capistrano,33.500889,-117.654388,WA,47.619335,-122.351538,1006,far,city,no,179,0,0,1,1,0,0,0,0,0,0,0,0,first commitment; thin position group; far,https://247sports.com/player/jason-robinson-jr-46102336/
208,2022,46085670,Sam Brown,RB,Rutgers,Enrolled,yes,yes,49,Weak / Attack,49,Weak / Attack,57.9%,42.1%,55.5%,55.5%,44.5%,0.8944,4-star,374,3/31/2021,"La Salle College (Glenside, PA)",PA,Glenside,40.103249,-75.151877,NJ,40.1,-74.5,34,nearby,city,no,259,0,0,0,0,0,0,0,0,0,0,0,0,early commit; first commitment; only commit at position; 4-star,https://247sports.com/player/sam-brown-46085670/
209,2024,46135013,Allen Bryant,S,Pittsburgh,Enrolled,yes,yes,50,Vulnerable,50,Vulnerable,57.9%,42.1%,33.4%,33.4%,66.6%,0.8672,3-star,NA,6/3/2023,"St. Thomas Aquinas (Fort Lauderdale, FL)",FL,Fort Lauderdale,26.141227,-80.146731,PA,40.439936,-79.975676,988,far,city,no,200,0,0,0,0,5,0,0,0,0,0,0,0,early commit; first commitment; only commit at position; far,https://247sports.com/player/allen-bryant-46135013/
210,2024,46138885,Carlos Orr-Gillespie,WR,Illinois,Enrolled,yes,yes,51,Vulnerable,51,Vulnerable,57.9%,42.1%,33.4%,33.4%,66.6%,0.8722,3-star,854,6/12/2023,"Gatlinburg Pittman (Gatlinburg, TN)",TN,Gatlinburg,35.725027,-83.493722,IL,40.114099,-88.274619,400,regional,city,no,191,0,0,0,0,0,0,0,0,0,0,0,0,early commit; first commitment; only commit at position,https://247sports.com/player/carlos-orr-gillespie-46138885/
211,2027,46160185,Braylon Otis,Edge,Boston College,Hard Commit,no,yes,55,Vulnerable,53.5,Vulnerable,57.9%,42.1%,33.4%,33.4%,66.6%,0.8650,3-star,NA,2/9/2026,"Liverpool (Liverpool, NY)",NY,Liverpool,43.105566,-76.209664,MA,42.2,-71.8,233,nearby,city,no,310,0,0,0,0,1,0,0,0,2,0,0,0,early commit; first commitment; only commit at position; other-school offers after commit,https://247sports.com/player/braylon-otis-46160185/
212,2026,46129931,Dereon Coleman,QB,Miami,Enrolled,yes,yes,29,Weak / Attack,27.8,Weak / Attack,57.8%,42.2%,55.5%,55.5%,44.5%,0.9077,4-star,286,7/3/2024,"Jones (Orlando, FL)",FL,Orlando,28.40865,-81.254805,FL,25.683061,-80.261659,198,nearby,city,yes,532,0,0,0,0,3,0,3,2,7,0,0,0,very early commit; first commitment; only commit at position; 4-star; other-school offers after commit,https://247sports.com/player/dereon-coleman-46129931/
213,2023,46113202,Pokaiaua Haunga,ATH,BYU,Enrolled,yes,yes,48,Weak / Attack,42.0,Weak / Attack,57.6%,42.4%,55.5%,55.5%,44.5%,0.8461,3-star,NA,1/23/2021,"Timpview (Provo, UT)",UT,Provo,40.245312,-111.645057,UT,40.245312,-111.645057,0,in_state,city,yes,697,0,0,3,2,0,0,0,0,4,1,0,0,very early commit; first commitment; other-school visit after commit; other-school offers after commit,https://247sports.com/player/pokaiaua-haunga-46113202/
214,2023,46134724,Zion Gunn,CB,Purdue,Enrolled,yes,yes,52,Vulnerable,51.2,Vulnerable,57.6%,42.4%,33.4%,33.4%,66.6%,0.8492,3-star,NA,6/13/2022,"Winter Park (Winter Park, FL)",FL,Winter Park,28.59663,-81.345748,IN,40.443707,-86.923616,877,far,city,no,191,0,0,0,0,0,1,0,0,1,0,0,0,early commit; first commitment; only commit at position; far; other-school offers after commit,https://247sports.com/player/zion-gunn-46134724/
215,2026,46157279,Eliyjah Caldwell,S,Michigan State,Enrolled,yes,yes,53,Vulnerable,53,Vulnerable,57.6%,42.4%,33.4%,33.4%,66.6%,0.8689,3-star,NA,6/8/2025,"Global Impact Ministries Academy (Jacksonville, FL)",FL,Jacksonville,30.336864,-81.661603,MI,42.748913,-84.482442,872,far,city,no,192,0,0,1,1,0,0,0,0,0,0,0,0,early commit; first commitment; thin position group; far,https://247sports.com/player/eliyjah-caldwell-46157279/
216,2026,46147012,Dean Ruksnaitis,IOL,Boston College,Signed,yes,yes,40,Weak / Attack,34.0,Weak / Attack,57.5%,42.5%,55.5%,55.5%,44.5%,0.8567,3-star,NA,7/25/2024,"Williston Northampton School (Easthampton, MA)",MA,Easthampton,42.265435,-72.670813,MA,42.2,-71.8,45,nearby,city,yes,510,0,0,1,1,1,0,0,0,0,1,1,0,very early commit; first commitment; thin position group; other-school OV after commit,https://247sports.com/player/dean-ruksnaitis-46147012/
217,2022,46096357,LeQuint Allen,RB,Syracuse,Enrolled,yes,yes,53,Vulnerable,47.0,Weak / Attack,57.5%,42.5%,33.4%,55.5%,44.5%,0.8639,3-star,914,3/5/2021,"Millville (Millville, NJ)",NJ,Millville,39.390093,-75.054797,NY,43.040998,-76.143554,259,regional,city,no,285,0,0,0,0,2,0,0,0,0,1,1,0,early commit; first commitment; only commit at position; other-school OV after commit,https://247sports.com/player/lequint-allen-46096357/
218,2025,46146678,Talib Graham,Edge,Ole Miss,Enrolled,yes,yes,53,Vulnerable,52.2,Vulnerable,57.5%,42.5%,33.4%,33.4%,66.6%,0.8814,3-star,616,4/7/2024,"Daphne (Daphne, AL)",AL,Daphne,30.627931,-87.872087,MS,34.351262,-89.536981,275,regional,city,no,255,0,0,0,0,2,0,0,0,1,0,0,0,early commit; first commitment; only commit at position; other-school offers after commit,https://247sports.com/player/talib-graham-46146678/
219,2027,46147250,Xavier Muhammad,DL,Michigan,Hard Commit,no,yes,54,Vulnerable,34,Weak / Attack,57.4%,42.6%,33.4%,55.5%,44.5%,0.9571,4-star,97,5/14/2026,"South Houston (South Houston, TX)",TX,South Houston,29.661024,-95.228361,MI,42.276147,-83.73086,1081,far,city,no,216,0,0,0,0,16,2,1,1,0,4,4,0,early commit; first commitment; only commit at position; far; 4-star,https://247sports.com/player/xavier-muhammad-46147250/
220,2026,46146160,Nas Rankin,ATH,Illinois,Enrolled,yes,yes,49,Weak / Attack,49,Weak / Attack,57.4%,42.6%,55.5%,55.5%,44.5%,0.9059,4-star,307,5/21/2025,"Morgan Park (Chicago, IL)",IL,Chicago,41.837045,-87.684939,IL,40.114099,-88.274619,123,nearby,city,yes,210,0,0,0,0,0,0,0,0,0,0,0,0,early commit; first commitment; only commit at position; 4-star,https://247sports.com/player/nas-rankin-46146160/
221,2024,46127619,Dre'lon Miller,WR,Colorado,Enrolled,yes,yes,66,Stable / Monitor,66,Stable / Monitor,57.3%,42.7%,17.5%,17.5%,82.5%,0.9516,4-star,101,12/10/2023,"Silsbee (Silsbee, TX)",TX,Silsbee,30.345491,-94.176787,CO,40.024431,-105.251251,914,far,city,no,10,0,0,0,0,0,0,0,0,0,0,0,0,first commitment; only commit at position; far; 4-star,https://247sports.com/player/drelon-miller-46127619/
222,2024,46134926,Jeremy Hecklinski,QB,Wake Forest,Enrolled,yes,yes,33,Weak / Attack,33,Weak / Attack,57.2%,42.8%,55.5%,55.5%,44.5%,0.8803,3-star,646,12/14/2022,"Walton (Marietta, GA)",GA,Marietta,33.953561,-84.542463,NC,36.102863,-80.260829,284,regional,city,no,371,0,0,0,0,4,0,0,0,0,0,0,0,very early commit; first commitment; only commit at position,https://247sports.com/player/jeremy-hecklinski-46134926/
223,2027,46147767,Christian Freeman,RB,NC State,Hard Commit,no,yes,38,Weak / Attack,38,Weak / Attack,57.2%,42.8%,55.5%,55.5%,44.5%,0.8650,3-star,NA,7/4/2025,"Southeast Raleigh (Raleigh, NC)",NC,Raleigh,35.831868,-78.641042,NC,35.831868,-78.641042,0,in_state,city,yes,530,0,0,0,0,8,0,0,1,2,0,0,0,very early commit; first commitment; only commit at position; other-school offers after commit,https://247sports.com/player/christian-freeman-46147767/
224,2023,46097268,Jacobe Robinson,QB,Boston College,Enrolled,yes,yes,50,Vulnerable,44.0,Weak / Attack,57.1%,42.9%,33.4%,55.5%,44.5%,0.8714,3-star,810,2/26/2022,"Henderson (Henderson, TX)",TX,Henderson,32.157256,-94.795898,MA,42.2,-71.8,1437,far,city,no,298,0,0,0,0,5,0,0,0,0,1,1,0,early commit; first commitment; only commit at position; far; other-school OV after commit,https://247sports.com/player/jacobe-robinson-46097268/
225,2022,46094975,Nate Burrell,DL,California,Enrolled,yes,yes,51,Vulnerable,51,Vulnerable,57.1%,42.9%,33.4%,33.4%,66.6%,0.8837,3-star,502,6/7/2021,"St. John Bosco (Bellflower, CA)",CA,Bellflower,33.887821,-118.12725,CA,37.865673,-122.298725,361,regional,city,yes,191,0,0,0,0,0,0,0,0,0,0,0,0,early commit; first commitment; only commit at position,https://247sports.com/player/nate-burrell-46094975/
226,2022,46093909,Stephan Byrd,RB,Cincinnati,Enrolled,yes,yes,35,Weak / Attack,32.0,Weak / Attack,57.0%,43.0%,55.5%,55.5%,44.5%,0.8741,3-star,678,11/9/2020,"Canal Winchester (Canal Winchester, OH)",OH,Canal Winchester,39.846589,-82.82131,OH,39.140183,-84.505829,102,nearby,city,yes,401,0,0,0,0,2,0,0,0,4,0,0,0,very early commit; first commitment; only commit at position; other-school offers after commit,https://247sports.com/player/stephan-byrd-46093909/
227,2025,46141386,Sean Cuono,RB,Indiana,Enrolled,yes,yes,54,Vulnerable,42.0,Weak / Attack,57.0%,43.0%,33.4%,55.5%,44.5%,0.8744,3-star,795,6/3/2024,"Clearwater Central Catholic (Clearwater, FL)",FL,Clearwater,27.979419,-82.771256,IN,39.1637,-86.524264,802,far,city,no,198,0,0,0,0,1,1,0,0,0,2,2,0,early commit; first commitment; only commit at position; far; other-school OV after commit,https://247sports.com/player/sean-cuono-46141386/
228,2024,46131835,Ameir Glenn,DL,Wake Forest,Enrolled,yes,yes,54,Vulnerable,53.2,Vulnerable,57.0%,43.0%,33.4%,33.4%,66.6%,0.8550,3-star,NA,4/14/2023,"Langston Hughes (Fairburn, GA)",GA,Fairburn,33.547798,-84.587265,NC,36.102863,-80.260829,302,regional,city,no,250,0,0,1,1,0,0,1,0,1,0,0,0,early commit; first commitment; thin position group; other-school offers after commit,https://247sports.com/player/ameir-glenn-46131835/
229,2022,46108878,Cornell Perry,ATH,Syracuse,Enrolled,yes,yes,58,Vulnerable,58,Vulnerable,57.0%,43.0%,33.4%,33.4%,66.6%,0.8500,3-star,NA,2/16/2021,"Woodhaven (Flat Rock, MI)",MI,Flat Rock,42.097866,-83.269827,NY,43.040998,-76.143554,368,regional,city,no,302,0,0,1,1,5,0,0,0,0,0,0,0,early commit; first commitment; thin position group,https://247sports.com/player/cornell-perry-46108878/
230,2023,46109899,Adon Shuler,S,Notre Dame,Enrolled,yes,yes,33,Weak / Attack,24.8,Weak / Attack,56.9%,43.1%,55.5%,55.5%,44.5%,0.9023,4-star,317,8/15/2021,"Irvington (Irvington, NJ)",NJ,Irvington,,,IN,41.700283,-86.238679,622,regional,state,no,493,0,0,1,0,9,0,1,0,11,0,0,0,very early commit; first commitment; thin position group; 4-star; other-school offers after commit,https://247sports.com/player/adon-shuler-46109899/
231,2026,46156693,Kelvin Brown,WR,Boston College,Signed,yes,yes,54,Vulnerable,54,Vulnerable,56.9%,43.1%,33.4%,33.4%,66.6%,0.8644,3-star,NA,6/15/2025,"Raines (Jacksonville, FL)",FL,Jacksonville,30.336864,-81.661603,MA,42.2,-71.8,985,far,city,no,185,0,0,0,0,1,1,1,0,0,0,0,0,early commit; first commitment; only commit at position; far,https://247sports.com/player/kelvin-brown-46156693/
232,2024,46134597,Keke Adams,S,Virginia,Enrolled,yes,yes,56,Vulnerable,56,Vulnerable,56.9%,43.1%,33.4%,33.4%,66.6%,0.8592,3-star,NA,6/24/2023,"Avon Old Farms (Avon, CT)",CT,Avon,,,VA,38.037658,-78.485381,393,regional,state,no,179,0,0,0,0,0,0,0,0,0,0,0,0,first commitment; only commit at position,https://247sports.com/player/keke-adams-46134597/
233,2025,46137028,Dominik Hulak,Edge,Notre Dame,Enrolled,yes,yes,36,Weak / Attack,36,Weak / Attack,56.8%,43.2%,55.5%,55.5%,44.5%,0.8886,3-star,502,11/10/2023,"Immaculate Conception (Elmhurst, IL)",IL,Elmhurst,41.897014,-87.943657,IN,41.700283,-86.238679,89,nearby,city,no,404,0,0,0,0,9,0,0,1,2,0,0,0,very early commit; first commitment; only commit at position; other-school offers after commit,https://247sports.com/player/dominik-hulak-46137028/
234,2027,46165766,Tyler Frederick,DL,Northwestern,Hard Commit,no,yes,54,Vulnerable,54,Vulnerable,56.7%,43.3%,33.4%,33.4%,66.6%,0.8600,3-star,NA,5/15/2026,"Gonzaga (Washington, DC)",DC,Washington,38.904247,-77.016517,IL,42.046391,-87.694352,601,regional,city,no,215,0,0,0,0,6,0,0,1,0,0,0,0,early commit; first commitment; only commit at position,https://247sports.com/player/tyler-frederick-46165766/
235,2025,46133180,David McComb,QB,Kansas,Enrolled,yes,yes,32,Weak / Attack,32,Weak / Attack,56.6%,43.4%,55.5%,55.5%,44.5%,0.8794,3-star,665,7/27/2023,"Edmond Memorial (Edmond, OK)",OK,Edmond,35.673807,-97.413076,KS,38.959551,-95.265468,256,regional,city,no,510,0,0,0,0,9,0,2,1,0,0,0,0,very early commit; first commitment; only commit at position,https://247sports.com/player/david-mccomb-46133180/
236,2025,46146465,Brock Golwas,LB,Texas Tech,Enrolled,yes,yes,51,Vulnerable,51,Vulnerable,56.6%,43.4%,33.4%,33.4%,66.6%,0.8753,3-star,769,1/15/2024,"Flower Mound Marcus (Flower Mound, TX)",TX,Flower Mound,33.037891,-97.113381,TX,33.561901,-101.888883,278,regional,city,yes,338,0,0,0,0,0,0,0,1,1,0,0,0,early commit; first commitment; only commit at position; other-school offers after commit,https://247sports.com/player/brock-golwas-46146465/
237,2026,46145482,Diondre Smith,WR,Iowa,Signed,yes,yes,53,Vulnerable,53,Vulnerable,56.6%,43.4%,33.4%,33.4%,66.6%,0.8700,3-star,NA,4/20/2025,"Duncan U. Fletcher (Neptune Beach, FL)",FL,Neptune Beach,30.312573,-81.393123,IA,41.655661,-91.530859,966,far,city,no,241,0,0,1,1,1,0,1,1,0,0,0,0,early commit; first commitment; thin position group; far,https://247sports.com/player/diondre-smith-46145482/
238,2022,46111763,Chris Graves Jr.,ATH,Miami,Enrolled,yes,yes,54,Vulnerable,54,Vulnerable,56.6%,43.4%,33.4%,33.4%,66.6%,0.9365,4-star,161,7/9/2021,"Bishop Verot (Fort Myers, FL)",FL,Fort Myers,26.61982,-81.831673,FL,25.683061,-80.261659,117,nearby,city,yes,159,0,0,0,0,0,0,0,0,0,0,0,0,first commitment; only commit at position; 4-star,https://247sports.com/player/chris-graves-jr-46111763/
239,2027,46159279,Kevin Verpaele,QB,Pittsburgh,Hard Commit,no,yes,31,Weak / Attack,28.5,Weak / Attack,56.5%,43.5%,55.5%,55.5%,44.5%,0.8856,3-star,495,10/28/2025,"Merritt Island (Merritt Island, FL)",FL,Merritt Island,28.309239,-80.675956,PA,40.439936,-79.975676,839,far,city,no,414,0,0,0,0,11,0,0,1,6,0,0,0,very early commit; first commitment; only commit at position; far; other-school offers after commit,https://247sports.com/player/kevin-verpaele-46159279/
240,2023,46098968,Sydir Mitchell,DL,Texas,Enrolled,yes,yes,53,Vulnerable,53,Vulnerable,56.5%,43.5%,33.4%,33.4%,66.6%,0.9226,4-star,206,7/3/2022,"Bergen Catholic (Oradell, NJ)",NJ,Oradell,40.956653,-74.032862,TX,30.298622,-97.754134,1515,cross_country,city,no,171,0,0,0,0,6,4,2,0,0,0,0,0,first commitment; only commit at position; cross country; 4-star,https://247sports.com/player/sydir-mitchell-46098968/
241,2026,46139399,Kenneth Goodwin III,LB,SMU,Enrolled,yes,yes,53,Vulnerable,53,Vulnerable,56.5%,43.5%,33.4%,33.4%,66.6%,0.8833,3-star,632,7/1/2025,"Miami Edison (Miami, FL)",FL,Miami,25.775163,-80.208615,TX,32.793333,-96.766513,1108,far,city,no,169,0,0,0,0,0,0,0,0,0,0,0,0,first commitment; only commit at position; far,https://247sports.com/player/kenneth-goodwin-iii-46139399/
242,2025,46141374,Manny Choice,WR,Oklahoma,Enrolled,yes,yes,54,Vulnerable,54,Vulnerable,56.5%,43.5%,33.4%,33.4%,66.6%,0.9027,4-star,319,6/23/2024,"Lancaster (Lancaster, TX)",TX,Lancaster,32.596203,-96.773789,OK,35.240569,-97.345299,186,nearby,city,no,178,0,0,0,0,0,0,0,0,0,0,0,0,first commitment; only commit at position; 4-star,https://247sports.com/player/manny-choice-46141374/
243,2027,46160026,Dustin Roach,S,Wisconsin,Hard Commit,no,yes,55,Vulnerable,55,Vulnerable,56.5%,43.5%,33.4%,33.4%,66.6%,0.8678,3-star,NA,1/23/2026,"Catholic Memorial (Waukesha, WI)",WI,Waukesha,43.009084,-88.245062,WI,43.087815,-89.429856,60,nearby,city,yes,327,0,0,0,0,1,0,0,1,0,0,0,0,early commit; first commitment; only commit at position,https://247sports.com/player/dustin-roach-46160026/
244,2027,46143876,Gunner Rivers,QB,NC State,Hard Commit,no,yes,47,Weak / Attack,47,Weak / Attack,56.4%,43.6%,55.5%,55.5%,44.5%,0.9415,4-star,138,2/23/2026,"St. Michael Catholic (Fairhope, AL)",AL,Fairhope,30.52092,-87.879122,NC,35.831868,-78.641042,648,regional,city,no,296,0,0,0,0,2,0,3,1,0,0,0,0,early commit; first commitment; only commit at position; 4-star,https://247sports.com/player/gunner-rivers-46143876/
245,2023,46101236,Nico Iamaleava,QB,Tennessee,Enrolled,yes,yes,43,Weak / Attack,43,Weak / Attack,56.3%,43.7%,55.5%,55.5%,44.5%,0.9980,5-star,3,3/21/2022,"Warren (Long Beach, CA)",CA,Long Beach,33.780791,-118.16818,TN,35.97068,-83.94927,1936,cross_country,city,no,275,0,0,1,0,0,0,0,0,0,0,0,0,early commit; first commitment; thin position group; cross country; 5-star,https://247sports.com/player/nico-iamaleava-46101236/
246,2025,46125377,Kelden Ryan,QB,Virginia Tech,Enrolled,yes,yes,29,Weak / Attack,28.0,Weak / Attack,56.2%,43.8%,55.5%,55.5%,44.5%,0.8656,3-star,NA,7/30/2023,"DeSoto (DeSoto, TX)",TX,DeSoto,32.599349,-96.862941,VA,37.231264,-80.426745,983,far,city,no,507,0,0,0,0,14,0,1,1,4,0,0,0,very early commit; first commitment; only commit at position; far; other-school offers after commit,https://247sports.com/player/kelden-ryan-46125377/
247,2027,46162816,Keldrid Ben,RB,Oklahoma,Hard Commit,no,yes,34,Weak / Attack,28.8,Weak / Attack,56.2%,43.8%,55.5%,55.5%,44.5%,0.9491,4-star,109,12/1/2025,"Montgomery (Montgomery, TX)",TX,Montgomery,30.390385,-95.698168,OK,35.240569,-97.345299,348,regional,city,no,380,0,0,1,0,3,0,0,0,7,0,0,0,very early commit; first commitment; thin position group; 4-star; other-school offers after commit,https://247sports.com/player/keldrid-ben-46162816/
248,2024,46128245,Donnie Harbour,IOL,Penn State,Enrolled,yes,yes,52,Vulnerable,52,Vulnerable,56.2%,43.8%,33.4%,33.4%,66.6%,0.8987,4-star,377,4/18/2023,"Catholic Memorial (Waukesha, WI)",WI,Waukesha,43.009084,-88.245062,PA,40.791039,-77.856813,555,regional,city,no,246,0,0,1,1,0,0,0,0,0,0,0,0,early commit; first commitment; thin position group; 4-star,https://247sports.com/player/donnie-harbour-46128245/
249,2022,46100678,Colby McCalister,CB,Kansas State,Enrolled,yes,yes,53,Vulnerable,53,Vulnerable,56.2%,43.8%,33.4%,33.4%,66.6%,0.8437,3-star,NA,4/18/2021,"Clear Brook (Friendswood, TX)",TX,Friendswood,29.507701,-95.200635,KS,39.188307,-96.605864,674,regional,city,no,241,0,0,0,0,2,0,0,0,0,0,0,0,early commit; first commitment; only commit at position,https://247sports.com/player/colby-mccalister-46100678/
250,2025,46131118,Duke Smith,ATH,Auburn,Enrolled,yes,yes,54,Vulnerable,54,Vulnerable,56.2%,43.8%,33.4%,33.4%,66.6%,0.9472,4-star,108,7/29/2024,"Southside Selma (Selma, AL)",AL,Selma,32.416983,-87.035702,AL,32.607806,-85.494746,91,nearby,city,yes,142,0,0,0,0,0,0,0,0,0,0,0,0,first commitment; only commit at position; 4-star,https://247sports.com/player/duke-smith-46131118/
251,2027,46164646,Sutton Gutting,ATH,Mississippi State,Hard Commit,no,yes,55,Vulnerable,55,Vulnerable,56.1%,43.9%,33.4%,33.4%,66.6%,0.8800,3-star,608,4/24/2026,"Riverdale (Murfreesboro, TN)",TN,Murfreesboro,35.853915,-86.421224,MS,33.463261,-88.827796,214,nearby,city,no,236,0,0,0,0,5,0,0,1,0,0,0,0,early commit; first commitment; only commit at position,https://247sports.com/player/sutton-gutting-46164646/
252,2024,46134333,Will Hammond,QB,Texas Tech,Enrolled,yes,yes,29,Weak / Attack,23.8,Weak / Attack,56.0%,44.0%,55.5%,55.5%,44.5%,0.9173,4-star,226,12/12/2022,"Hutto (Hutto, TX)",TX,Hutto,30.541624,-97.544249,TX,33.561901,-101.888883,329,regional,city,yes,373,0,0,0,0,4,0,0,0,7,0,0,0,very early commit; first commitment; only commit at position; 4-star; other-school offers after commit,https://247sports.com/player/will-hammond-46134333/
253,2025,46135966,AJ Rice,LB,Mississippi State,Enrolled,yes,yes,41,Weak / Attack,25.8,Weak / Attack,56.0%,44.0%,55.5%,55.5%,44.5%,0.8689,3-star,987,9/4/2023,"Madison Academy (Madison, AL)",AL,Madison,34.710533,-86.76228,MS,33.463261,-88.827796,146,nearby,city,no,471,0,0,1,1,6,0,0,1,7,2,2,0,very early commit; first commitment; thin position group; other-school OV after commit; other-school offers after commit,https://247sports.com/player/aj-rice-46135966/
254,2025,46142858,Steven Murray,ATH,Rutgers,Enrolled,yes,yes,49,Weak / Attack,43.0,Weak / Attack,56.0%,44.0%,55.5%,55.5%,44.5%,0.8744,3-star,795,4/28/2024,"Eastern Guilford (Gibsonville, NC)",NC,Gibsonville,36.102161,-79.543038,NJ,40.1,-74.5,389,regional,city,no,234,0,0,0,0,0,0,4,0,0,1,1,0,early commit; first commitment; only commit at position; other-school OV after commit,https://247sports.com/player/steven-murray-46142858/
255,2025,46135677,Joseph Smith,CB,Arizona State,Enrolled,yes,yes,51,Vulnerable,51,Vulnerable,56.0%,44.0%,33.4%,33.4%,66.6%,0.8722,3-star,873,8/5/2023,"Legacy the School of Sport Sciences (Spring, TX)",TX,Spring,30.062169,-95.383966,AZ,33.388414,-111.931782,998,far,city,no,501,1,1,0,0,13,0,0,1,2,0,0,0,very early commit; prior decommit; only commit at position; far; other-school offers after commit,https://247sports.com/player/joseph-smith-46135677/
256,2022,46098772,Gabe Brown,LB,Oklahoma State,Enrolled,yes,yes,37,Weak / Attack,37,Weak / Attack,55.9%,44.1%,55.5%,55.5%,44.5%,0.8544,3-star,NA,9/21/2020,"Stillwater (Stillwater, OK)",OK,Stillwater,36.131496,-97.074464,OK,36.131496,-97.074464,0,in_state,city,yes,450,0,0,0,0,1,0,0,3,6,0,0,0,very early commit; first commitment; only commit at position; other-school offers after commit,https://247sports.com/player/gabe-brown-46098772/
257,2026,46156276,Zeke Bates,RB,Minnesota,Enrolled,yes,yes,53,Vulnerable,53,Vulnerable,55.9%,44.1%,33.4%,33.4%,66.6%,0.8700,3-star,NA,4/30/2025,"Malvern Prep (Malvern, PA)",PA,Malvern,40.033147,-75.515363,MN,44.963324,-93.26832,964,far,city,no,231,0,0,1,1,0,0,0,0,0,0,0,0,early commit; first commitment; thin position group; far,https://247sports.com/player/zeke-bates-46156276/
258,2022,46111483,Jeremiah Franklin,TE,Boston College,Enrolled,yes,yes,38,Weak / Attack,29.0,Weak / Attack,55.8%,44.2%,55.5%,55.5%,44.5%,0.8685,3-star,799,12/3/2020,"Walkersville (Walkersville, MD)",MD,Walkersville,39.474323,-77.363352,MA,42.2,-71.8,346,regional,city,no,377,0,0,1,1,1,0,0,0,4,1,1,0,very early commit; first commitment; thin position group; other-school OV after commit; other-school offers after commit,https://247sports.com/player/jeremiah-franklin-46111483/
259,2023,46117191,Maddux Borcherding-Johnson,DL,Iowa,Enrolled,yes,yes,40,Weak / Attack,40,Weak / Attack,55.8%,44.2%,55.5%,55.5%,44.5%,0.8631,3-star,NA,7/8/2021,"Norwalk (Norwalk, IA)",IA,Norwalk,41.483657,-93.695487,IA,41.655661,-91.530859,113,nearby,city,yes,531,0,0,1,0,2,0,0,0,0,0,0,0,very early commit; first commitment; thin position group,https://247sports.com/player/maddux-borcherding-johnson-46117191/
260,2025,46136154,Liam Thorpe,ATH,Stanford,Enrolled,yes,yes,48,Weak / Attack,48,Weak / Attack,55.8%,44.2%,55.5%,55.5%,44.5%,0.8583,3-star,NA,5/15/2024,"Hun School (Princeton, NJ)",NJ,Princeton,40.358244,-74.666728,CA,37.426933,-122.167741,2532,cross_country,city,no,217,0,0,0,0,12,0,0,0,0,0,0,0,early commit; first commitment; only commit at position; cross country,https://247sports.com/player/liam-thorpe-46136154/
261,2027,46148332,Javon Vital,ATH,USC,Hard Commit,no,yes,56,Vulnerable,56,Vulnerable,55.8%,44.2%,33.4%,33.4%,66.6%,0.8822,3-star,562,4/2/2026,"Hamilton Christian Academy (Lake Charles, LA)",LA,Lake Charles,30.19902,-93.210835,CA,34.019394,-118.410825,1494,far,city,no,258,0,0,1,1,12,0,0,1,0,0,0,0,early commit; first commitment; thin position group; far,https://247sports.com/player/javon-vital-46148332/
262,2025,46133332,Jershaun Newton,ATH,Illinois,Enrolled,yes,yes,59,Vulnerable,59,Vulnerable,55.8%,44.2%,33.4%,33.4%,66.6%,0.8758,3-star,759,7/4/2024,"Clearwater Central Catholic (Clearwater, FL)",FL,Clearwater,27.979419,-82.771256,IL,40.114099,-88.274619,895,far,city,no,167,0,0,0,0,3,1,2,0,0,0,0,0,first commitment; only commit at position; far,https://247sports.com/player/jershaun-newton-46133332/
263,2022,46103295,Brett Griffis,QB,Wake Forest,Enrolled,yes,yes,53,Vulnerable,53,Vulnerable,55.7%,44.3%,33.4%,33.4%,66.6%,0.8578,3-star,NA,12/22/2020,"Broad Run (Ashburn, VA)",VA,Ashburn,39.027296,-77.471322,NC,36.102863,-80.260829,253,regional,city,no,358,0,0,0,0,2,0,0,0,0,0,0,0,early commit; first commitment; only commit at position,https://247sports.com/player/brett-griffis-46103295/
264,2025,46134667,TJ Branch,S,Colorado,Enrolled,yes,yes,60,Vulnerable,60,Vulnerable,55.7%,44.3%,33.4%,33.4%,66.6%,0.8869,3-star,524,9/23/2024,"Miami Northwestern (Miami, FL)",FL,Miami,25.775163,-80.208615,CO,40.024431,-105.251251,1745,cross_country,city,no,86,0,0,0,0,0,0,0,0,0,0,0,0,first commitment; only commit at position; cross country,https://247sports.com/player/tj-branch-46134667/
265,2026,46153249,DJ Biggins,S,Boston College,Signed,yes,yes,60,Vulnerable,60,Vulnerable,55.7%,44.3%,33.4%,33.4%,66.6%,0.8711,3-star,NA,1/20/2025,"Kingswood Oxford (West Hartford, CT)",CT,West Hartford,41.766568,-72.754944,MA,42.2,-71.8,57,nearby,city,no,331,0,0,1,1,3,0,0,0,0,0,0,0,early commit; first commitment; thin position group,https://247sports.com/player/dj-biggins-46153249/
266,2027,46153369,Benny Easter Jr.,WR,Texas Tech,Hard Commit,no,yes,32,Weak / Attack,12,Weak / Attack,55.6%,44.4%,55.5%,55.5%,44.5%,0.9846,5-star,36,11/20/2025,"Humble Summer Creek (Humble, TX)",TX,Humble,29.988207,-95.264356,TX,33.561901,-101.888883,461,regional,city,yes,391,0,0,1,0,6,0,0,1,8,4,4,0,very early commit; first commitment; thin position group; 5-star; other-school OV after commit,https://247sports.com/player/benny-easter-jr-46153369/
267,2026,46133296,Jaylen Pile,WR,Michigan,Enrolled,yes,yes,36,Weak / Attack,34.2,Weak / Attack,55.6%,44.4%,55.5%,55.5%,44.5%,0.8667,3-star,NA,10/16/2024,"Parish Episcopal School (Dallas, TX)",TX,Dallas,32.793333,-96.766513,MI,42.276147,-83.73086,967,far,city,no,427,0,0,1,1,15,0,0,1,5,0,0,0,very early commit; first commitment; thin position group; far; other-school offers after commit,https://247sports.com/player/jaylen-pile-46133296/
268,2025,46139023,AK Dear,RB,Alabama,Enrolled,yes,yes,54,Vulnerable,54,Vulnerable,55.6%,44.4%,33.4%,33.4%,66.6%,0.9729,4-star,53,8/20/2024,"Quitman (Quitman, MS)",MS,Quitman,32.04152,-88.720518,AL,33.234404,-87.5283,108,nearby,city,no,120,0,0,0,0,0,0,0,0,0,0,0,0,first commitment; only commit at position; 4-star,https://247sports.com/player/ak-dear-46139023/
269,2022,46078937,Ken Talley,Edge,Penn State,Enrolled,yes,yes,30,Weak / Attack,30,Weak / Attack,55.5%,44.5%,55.5%,55.5%,44.5%,0.9059,4-star,273,9/8/2020,"Northeast (Philadelphia, PA)",PA,Philadelphia,40.009376,-75.133346,PA,40.791039,-77.856813,153,nearby,city,yes,463,0,0,0,0,9,0,1,3,0,1,0,0,very early commit; first commitment; only commit at position; 4-star; other-school visit after commit,https://247sports.com/player/ken-talley-46078937/
270,2026,46154885,DJ Ackerson Jr.,LB,Kansas State,Enrolled,yes,yes,51,Vulnerable,51,Vulnerable,55.5%,44.5%,33.4%,33.4%,66.6%,0.8822,3-star,663,4/25/2025,"Putnam City (Oklahoma City, OK)",OK,Oklahoma City,35.467079,-97.513657,KS,39.188307,-96.605864,262,regional,city,no,236,0,0,0,0,0,0,0,0,0,0,0,0,early commit; first commitment; only commit at position,https://247sports.com/player/dj-ackerson-jr-46154885/
271,2026,46147072,Chuck Kennon,CB,Florida State,Enrolled,yes,yes,54,Vulnerable,54,Vulnerable,55.5%,44.5%,33.4%,33.4%,66.6%,0.9730,4-star,59,7/6/2025,"Booker (Sarasota, FL)",FL,Sarasota,27.338257,-82.543721,FL,30.453529,-84.252272,239,nearby,city,yes,164,0,0,0,0,0,0,0,0,0,0,0,0,first commitment; only commit at position; 4-star,https://247sports.com/player/chuck-kennon-46147072/
272,2026,46159593,Antonio Johnson,S,BYU,Signed,yes,yes,55,Vulnerable,55,Vulnerable,55.5%,44.5%,33.4%,33.4%,66.6%,0.8656,3-star,NA,6/14/2025,"Arlington Heights (Fort Worth, TX)",TX,Fort Worth,32.781954,-97.348573,UT,40.245312,-111.645057,945,far,city,no,186,0,0,1,1,1,0,0,0,0,0,0,0,early commit; first commitment; thin position group; far,https://247sports.com/player/antonio-johnson-46159593/
273,2026,46150602,Alex Ward,ATH,Colorado,Enrolled,yes,yes,56,Vulnerable,56,Vulnerable,55.5%,44.5%,33.4%,33.4%,66.6%,0.8900,4-star,485,11/4/2025,"IMG Academy (Bradenton, FL)",FL,Bradenton,27.489798,-82.576804,CO,40.024431,-105.251251,1557,cross_country,city,no,43,0,0,0,0,0,0,0,0,0,0,0,0,first commitment; only commit at position; cross country; 4-star,https://247sports.com/player/alex-ward-46150602/
274,2027,46155240,Jayden Travers,DL,Nebraska,Hard Commit,no,yes,32,Weak / Attack,26.0,Weak / Attack,55.4%,44.6%,55.5%,55.5%,44.5%,0.8756,3-star,729,12/10/2025,"St. Frances Academy (Baltimore, MD)",MD,Baltimore,39.300032,-76.610476,NE,40.810284,-96.674856,1064,far,city,no,371,0,0,0,0,19,0,1,0,0,1,1,0,very early commit; first commitment; only commit at position; far; other-school OV after commit,https://247sports.com/player/jayden-travers-46155240/
275,2023,46113872,Dylan Roberts,DL,Northwestern,Enrolled,yes,yes,54,Vulnerable,54,Vulnerable,55.4%,44.6%,33.4%,33.4%,66.6%,0.8625,3-star,NA,5/15/2022,"Centennial (Peoria, AZ)",AZ,Peoria,33.786186,-112.308042,IL,42.046391,-87.694352,1451,far,city,no,220,0,0,1,1,6,0,1,0,0,0,0,0,early commit; first commitment; thin position group; far,https://247sports.com/player/dylan-roberts-46113872/
276,2025,46139957,Leo Hannan,QB,Michigan State,Enrolled,yes,yes,45,Weak / Attack,45,Weak / Attack,55.3%,44.7%,55.5%,55.5%,44.5%,0.8706,3-star,924,4/22/2024,"Servite (Anaheim, CA)",CA,Anaheim,33.855502,-117.758657,MI,42.748913,-84.482442,1892,cross_country,city,no,240,0,0,0,0,0,0,0,1,0,0,0,0,early commit; first commitment; only commit at position; cross country,https://247sports.com/player/leo-hannan-46139957/
277,2027,46166794,Kelsey Rose Jr.,Edge,Minnesota,Hard Commit,no,yes,51,Vulnerable,51,Vulnerable,55.2%,44.8%,33.4%,33.4%,66.6%,0.8600,3-star,NA,5/31/2026,"Jackson Christian (Jackson, TN)",TN,Jackson,35.65417,-88.835335,MN,44.963324,-93.26832,684,regional,city,no,199,0,0,0,0,0,0,0,0,0,0,0,0,early commit; first commitment; only commit at position,https://247sports.com/player/kelsey-rose-jr-46166794/
278,2025,46138712,Trey Verdon,DL,Iowa State,Enrolled,yes,yes,54,Vulnerable,54,Vulnerable,55.2%,44.8%,33.4%,33.4%,66.6%,0.8617,3-star,NA,2/6/2024,"Hamilton (Hamilton, OH)",OH,Hamilton,39.394328,-84.565522,IA,42.026327,-93.621264,508,regional,city,no,316,0,0,0,0,13,0,0,0,0,0,0,0,early commit; first commitment; only commit at position,https://247sports.com/player/trey-verdon-46138712/
279,2022,46085252,C.J. Hicks,LB,Ohio State,Enrolled,yes,yes,32,Weak / Attack,30.2,Weak / Attack,55.1%,44.9%,55.5%,55.5%,44.5%,0.9948,5-star,7,5/1/2020,"Archbishop Alter (Dayton, OH)",OH,Dayton,39.784743,-84.199632,OH,39.983938,-82.984882,66,nearby,city,yes,593,0,0,1,0,9,0,1,1,5,0,0,0,very early commit; first commitment; thin position group; 5-star; other-school offers after commit,https://247sports.com/player/cj-hicks-46085252/
280,2026,46147246,Hamisi Juma,ATH,Arizona,Hard Commit,no,yes,50,Vulnerable,50,Vulnerable,55.1%,44.9%,33.4%,33.4%,66.6%,0.8600,3-star,NA,9/28/2024,"Chandler (Chandler, AZ)",AZ,Chandler,33.282765,-111.851819,AZ,32.153036,-110.870773,97,nearby,city,yes,445,1,0,0,0,2,0,0,1,0,0,0,0,very early commit; only commit at position,https://247sports.com/player/hamisi-juma-46147246/
281,2023,46118528,Will Larkins,IOL,Indiana,Enrolled,yes,yes,53,Vulnerable,53,Vulnerable,55.1%,44.9%,33.4%,33.4%,66.6%,0.8567,3-star,NA,3/31/2022,"Chaminade-Madonna (Hollywood, FL)",FL,Hollywood,26.030967,-80.164609,IN,39.1637,-86.524264,979,far,city,no,265,0,0,1,1,0,0,0,0,0,0,0,0,early commit; first commitment; thin position group; far,https://247sports.com/player/will-larkins-46118528/
282,2024,46116221,Sacovie White-Helton,ATH,Georgia,Enrolled,yes,yes,34,Weak / Attack,34,Weak / Attack,55.0%,45.0%,55.5%,55.5%,44.5%,0.8933,4-star,444,10/10/2022,"Cass (Cartersville, GA)",GA,Cartersville,34.164579,-84.801704,GA,32.7,-83.3,133,nearby,city,yes,436,0,0,1,0,0,0,0,0,0,0,0,0,very early commit; first commitment; thin position group; 4-star,https://247sports.com/player/sacovie-white-helton-46116221/
283,2027,46155226,Eli Diane,DL,Minnesota,Hard Commit,no,yes,35,Weak / Attack,15.5,Weak / Attack,54.9%,45.1%,55.5%,55.5%,44.5%,0.9172,4-star,237,4/12/2025,"Wayzata (Plymouth, MN)",MN,Plymouth,45.022312,-93.462883,MN,44.963324,-93.26832,10,nearby,city,yes,613,0,0,1,0,7,0,3,0,2,5,1,0,very early commit; first commitment; thin position group; 4-star; other-school OV after commit,https://247sports.com/player/eli-diane-46155226/
284,2026,46137183,Ely Hamrick,QB,Virginia,Enrolled,yes,yes,32,Weak / Attack,32,Weak / Attack,54.9%,45.1%,55.5%,55.5%,44.5%,0.8478,3-star,NA,9/16/2024,"Crest (Asheville, NC)",NC,Asheville,35.570972,-82.552725,VA,38.037658,-78.485381,282,regional,city,no,457,0,0,0,0,6,0,1,0,0,0,0,0,very early commit; first commitment; only commit at position,https://247sports.com/player/ely-hamrick-46137183/
285,2023,46128348,Daniel Sill,OT,Texas Tech,Enrolled,yes,yes,33,Weak / Attack,33,Weak / Attack,54.9%,45.1%,55.5%,55.5%,44.5%,0.8756,3-star,712,12/12/2021,"A&M Consolidated (College Station, TX)",TX,College Station,30.58516,-96.29636,TX,33.561901,-101.888883,387,regional,city,yes,374,0,0,0,0,1,0,0,1,0,0,0,0,very early commit; first commitment; only commit at position,https://247sports.com/player/daniel-sill-46128348/
286,2025,46136919,Zion Johnson,RB,Cincinnati,Enrolled,yes,yes,51,Vulnerable,39.8,Weak / Attack,54.9%,45.1%,33.4%,55.5%,44.5%,0.8847,3-star,555,2/8/2024,"Newton (Covington, GA)",GA,Covington,33.605439,-83.846634,OH,39.140183,-84.505829,384,regional,city,no,314,0,0,0,0,4,0,2,0,7,1,1,0,early commit; first commitment; only commit at position; other-school OV after commit; other-school offers after commit,https://247sports.com/player/zion-johnson-46136919/
287,2025,46117696,Tyshawn Dues,WR,West Virginia,Enrolled,yes,yes,36,Weak / Attack,36,Weak / Attack,54.8%,45.2%,55.5%,55.5%,44.5%,0.8639,3-star,NA,9/17/2023,"Hurricane (Hurricane, WV)",WV,Hurricane,38.427474,-82.018082,WV,39.637487,-79.946856,139,nearby,city,yes,458,0,0,0,0,9,0,0,1,2,0,0,0,very early commit; first commitment; only commit at position; other-school offers after commit,https://247sports.com/player/tyshawn-dues-46117696/
288,2024,46134520,Melvin Hills III,DL,Texas,Enrolled,yes,yes,61,Vulnerable,61,Vulnerable,54.8%,45.2%,33.4%,33.4%,66.6%,0.8786,3-star,685,7/12/2023,"Lafayette Christian Academy (Lafayette, LA)",LA,Lafayette,30.2056,-92.028058,TX,30.298622,-97.754134,342,regional,city,no,161,0,0,1,1,0,0,0,0,0,0,0,0,first commitment; thin position group,https://247sports.com/player/melvin-hills-iii-46134520/
289,2025,46136898,Dijon Lee Jr.,CB,Alabama,Enrolled,yes,yes,48,Weak / Attack,48,Weak / Attack,54.7%,45.3%,55.5%,55.5%,44.5%,0.9926,5-star,14,6/28/2024,"Mission Viejo (Mission Viejo, CA)",CA,Mission Viejo,33.609335,-117.656471,AL,33.234404,-87.5283,1731,cross_country,city,no,173,0,0,1,0,0,0,0,0,0,0,0,0,first commitment; thin position group; cross country; 5-star,https://247sports.com/player/dijon-lee-jr-46136898/
290,2023,46116036,Quindarrius Jones,ATH,Florida State,Enrolled,yes,yes,58,Vulnerable,58,Vulnerable,54.6%,45.4%,33.4%,33.4%,66.6%,0.8694,3-star,857,6/11/2022,"Meridian (Meridian, MS)",MS,Meridian,32.38417,-88.689448,FL,30.453529,-84.252272,294,regional,city,no,193,0,0,1,1,1,0,0,1,0,0,0,0,early commit; first commitment; thin position group,https://247sports.com/player/quindarrius-jones-46116036/
291,2025,46125715,Matai Jefferson,IOL,Arizona State,Enrolled,yes,yes,58,Vulnerable,58,Vulnerable,54.6%,45.4%,33.4%,33.4%,66.6%,0.8497,3-star,NA,12/25/2023,"Warren (Downey, CA)",CA,Downey,33.938237,-118.130856,AZ,33.388414,-111.931782,358,regional,city,no,359,0,0,1,1,2,0,0,1,0,0,0,0,early commit; first commitment; thin position group,https://247sports.com/player/matai-jefferson-46125715/
292,2025,46113767,Tiger Riden Jr.,RB,Texas A&M,Enrolled,yes,yes,49,Weak / Attack,49,Weak / Attack,54.5%,45.5%,55.5%,55.5%,44.5%,0.8925,4-star,439,2/19/2024,"DeSoto (DeSoto, TX)",TX,DeSoto,32.599349,-96.862941,TX,30.58516,-96.29636,143,nearby,city,yes,303,0,0,0,0,0,0,0,0,0,0,0,0,early commit; first commitment; only commit at position; 4-star,https://247sports.com/player/tiger-riden-jr-46113767/
293,2025,46147840,Marcus Romain,QB,Northwestern,Enrolled,yes,yes,51,Vulnerable,51,Vulnerable,54.5%,45.5%,33.4%,33.4%,66.6%,0.8614,3-star,NA,3/9/2024,"Wheeler (Marietta, GA)",GA,Marietta,33.953561,-84.542463,IL,42.046391,-87.694352,585,regional,city,no,284,0,0,0,0,0,0,0,1,0,0,0,0,early commit; first commitment; only commit at position,https://247sports.com/player/marcus-romain-46147840/
294,2026,46155450,Xavier Starks,S,Cincinnati,Enrolled,yes,yes,63,Vulnerable,62.2,Vulnerable,54.4%,45.6%,33.4%,33.4%,66.6%,0.8578,3-star,NA,2/14/2025,"Clay-Chalkville (Pinson, AL)",AL,Pinson,33.709262,-86.663613,OH,39.140183,-84.505829,394,regional,city,no,306,0,0,2,2,1,0,0,0,1,0,0,0,early commit; first commitment; other-school offers after commit,https://247sports.com/player/xavier-starks-46155450/
295,2026,46147944,Michael Dukes III,RB,Rutgers,Enrolled,yes,yes,51,Vulnerable,51,Vulnerable,54.3%,45.7%,33.4%,33.4%,66.6%,0.8700,3-star,NA,6/4/2025,"Martin Luther King (Detroit, MI)",MI,Detroit,42.383037,-83.102237,NJ,40.1,-74.5,474,regional,city,no,196,0,0,0,0,0,0,0,0,0,0,0,0,early commit; first commitment; only commit at position,https://247sports.com/player/michael-dukes-iii-46147944/
296,2025,46117349,Bo Walker,RB,Georgia,Enrolled,yes,yes,29,Weak / Attack,9,Weak / Attack,54.2%,45.8%,55.5%,55.5%,44.5%,0.9021,4-star,325,10/12/2023,"Rabun Gap-Nacoochee (Ellenwood, GA)",GA,Ellenwood,,,GA,32.7,-83.3,0,in_state,state,yes,433,0,0,0,0,0,0,4,1,3,4,4,0,very early commit; first commitment; only commit at position; 4-star; other-school OV after commit,https://247sports.com/player/bo-walker-46117349/
297,2024,46116619,Peter Jones,IOL,Notre Dame,Enrolled,yes,yes,31,Weak / Attack,30.2,Weak / Attack,54.2%,45.8%,55.5%,55.5%,44.5%,0.8924,4-star,453,8/7/2022,"Malvern Preparatory School (Malvern, PA)",PA,Malvern,40.033147,-75.515363,IN,41.700283,-86.238679,572,regional,city,no,500,0,0,0,0,19,0,1,0,1,0,0,0,very early commit; first commitment; only commit at position; 4-star; other-school offers after commit,https://247sports.com/player/peter-jones-46116619/
298,2025,46137968,Alex Shieldnight,Edge,Oklahoma,Enrolled,yes,yes,38,Weak / Attack,38,Weak / Attack,54.2%,45.8%,55.5%,55.5%,44.5%,0.8736,3-star,829,11/10/2023,"Wagoner (Wagoner, OK)",OK,Wagoner,35.965686,-95.377715,OK,35.240569,-97.345299,121,nearby,city,yes,404,0,0,1,1,0,0,0,0,0,0,0,0,very early commit; first commitment; thin position group,https://247sports.com/player/alex-shieldnight-46137968/
299,2025,46136569,Treston McMillan,QB,Washington,Enrolled,yes,yes,50,Vulnerable,50,Vulnerable,54.2%,45.8%,33.4%,33.4%,66.6%,0.8794,3-star,665,5/7/2024,"Mililani (Mililani, HI)",HI,Mililani,,,WA,47.619335,-122.351538,2645,cross_country,state,no,225,0,0,1,1,0,0,0,0,0,0,0,0,early commit; first commitment; thin position group; cross country,https://247sports.com/player/treston-mcmillan-46136569/
300,2024,46103314,Dante Reno,QB,South Carolina,Enrolled,yes,yes,35,Weak / Attack,35,Weak / Attack,54.1%,45.9%,55.5%,55.5%,44.5%,0.8875,3-star,518,7/2/2022,"Cheshire Academy (Cheshire, CT)",CT,Cheshire,,,SC,34.040519,-80.906099,687,regional,state,no,536,0,0,0,0,17,0,1,2,0,0,0,0,very early commit; first commitment; only commit at position,https://247sports.com/player/dante-reno-46103314/
301,2022,46076710,Arlen Harris Jr.,RB,Stanford,Enrolled,yes,yes,42,Weak / Attack,42,Weak / Attack,54.1%,45.9%,55.5%,55.5%,44.5%,0.8985,4-star,337,12/18/2020,"Lutheran of St. Charles (St. Peters, MO)",MO,St. Peters,38.78352,-90.605075,CA,37.426933,-122.167741,1710,cross_country,city,no,362,0,0,0,0,12,0,2,0,0,0,0,0,early commit; first commitment; only commit at position; cross country; 4-star,https://247sports.com/player/arlen-harris-jr-46076710/
302,2027,46157693,King Kalama,Edge,Duke,Hard Commit,no,yes,55,Vulnerable,51.5,Vulnerable,54.1%,45.9%,33.4%,33.4%,66.6%,0.8800,3-star,608,12/16/2025,"Reagan (Pfafftown, NC)",NC,Pfafftown,,,NC,35.977928,-78.898109,38,nearby,state,yes,365,0,0,0,0,2,0,0,2,10,0,0,0,early commit; first commitment; only commit at position; other-school offers after commit,https://247sports.com/player/king-kalama-46157693/
303,2023,46117686,Joseph Head Jr.,Edge,Mississippi State,Enrolled,yes,yes,53,Vulnerable,53,Vulnerable,54.1%,45.9%,33.4%,33.4%,66.6%,0.8786,3-star,634,1/22/2022,"Holmes County (Lexington, MS)",MS,Lexington,33.11709,-90.049619,MS,33.463261,-88.827796,75,nearby,city,yes,333,0,0,0,0,0,0,0,0,0,0,0,0,early commit; first commitment; only commit at position,https://247sports.com/player/joseph-head-jr-46117686/
304,2024,46131106,Sam Dixon,ATH,Ohio State,Enrolled,yes,yes,55,Vulnerable,55,Vulnerable,54.1%,45.9%,33.4%,33.4%,66.6%,0.8794,3-star,666,4/15/2023,"Pickerington North (Columbus, OH)",OH,Columbus,39.983938,-82.984882,OH,39.983938,-82.984882,0,in_state,city,yes,249,0,0,0,0,0,0,0,0,0,0,0,0,early commit; first commitment; only commit at position,https://247sports.com/player/sam-dixon-46131106/
305,2024,46139756,Tyler Simmons,DL,Virginia,Enrolled,yes,yes,62,Vulnerable,62,Vulnerable,54.1%,45.9%,33.4%,33.4%,66.6%,0.8692,3-star,943,7/17/2023,"Windermere Prep (Windermere, FL)",FL,Windermere,28.501582,-81.535159,VA,38.037658,-78.485381,682,regional,city,no,156,0,0,0,0,1,3,2,0,0,0,0,0,first commitment; only commit at position,https://247sports.com/player/tyler-simmons-46139756/
306,2025,46143014,Trey Blue,IOL,North Carolina,Enrolled,yes,yes,35,Weak / Attack,33.5,Weak / Attack,54.0%,46.0%,55.5%,55.5%,44.5%,0.8681,3-star,NA,9/17/2023,"Cary (Cary, NC)",NC,Cary,35.781302,-78.823444,NC,35.928328,-79.041375,16,nearby,city,yes,458,0,0,0,0,5,0,0,0,2,0,0,0,very early commit; first commitment; only commit at position; other-school offers after commit,https://247sports.com/player/trey-blue-46143014/
307,2025,46142793,Colby Cronk,Edge,NC State,Enrolled,yes,yes,49,Weak / Attack,49,Weak / Attack,54.0%,46.0%,55.5%,55.5%,44.5%,0.8789,3-star,686,3/22/2024,"Flagler Palm Coast (Palm Coast, FL)",FL,Palm Coast,29.536837,-81.242627,NC,35.831868,-78.641042,460,regional,city,no,271,0,0,0,0,0,0,3,1,0,0,0,0,early commit; first commitment; only commit at position,https://247sports.com/player/colby-cronk-46142793/
308,2024,46137188,Josiah Davis,S,Florida,Enrolled,yes,yes,51,Vulnerable,51,Vulnerable,54.0%,46.0%,33.4%,33.4%,66.6%,0.8853,3-star,549,3/27/2023,"Berrien (Nashville, GA)",GA,Nashville,31.205697,-83.246388,FL,29.679537,-82.346793,118,nearby,city,no,268,0,0,0,0,0,0,3,1,0,0,0,0,early commit; first commitment; only commit at position,https://247sports.com/player/josiah-davis-46137188/
309,2024,46113774,Tre' Griffiths,WR,Oklahoma State,Enrolled,yes,yes,53,Vulnerable,53,Vulnerable,53.9%,46.1%,33.4%,33.4%,66.6%,0.8869,3-star,526,6/18/2023,"Keller (Keller, TX)",TX,Keller,32.932877,-97.224513,OK,36.131496,-97.074464,221,nearby,city,no,185,0,0,0,0,0,0,0,0,0,0,0,0,early commit; first commitment; only commit at position,https://247sports.com/player/tre-griffiths-46113774/
310,2024,46129375,Blake Barnett,QB,Kansas State,Enrolled,yes,yes,53,Vulnerable,53,Vulnerable,53.9%,46.1%,33.4%,33.4%,66.6%,0.8842,3-star,571,1/19/2023,"Erie (Erie, CO)",CO,Erie,40.040287,-105.03831,KS,39.188307,-96.605864,453,regional,city,no,335,0,0,0,0,5,0,0,1,0,0,0,0,early commit; first commitment; only commit at position,https://247sports.com/player/blake-barnett-46129375/
311,2025,46144131,Julius Columbus,DL,Duke,Enrolled,yes,yes,59,Vulnerable,59,Vulnerable,53.9%,46.1%,33.4%,33.4%,66.6%,0.8736,3-star,829,4/1/2024,"Gainesville (Gainesville, GA)",GA,Gainesville,34.2901,-83.829106,NC,35.977928,-78.898109,302,regional,city,no,261,0,0,2,2,0,0,1,1,0,0,0,0,early commit; first commitment,https://247sports.com/player/julius-columbus-46144131/
312,2024,46125525,Isaiah Dent,OT,Oklahoma,Enrolled,yes,yes,51,Vulnerable,51,Vulnerable,53.8%,46.2%,33.4%,33.4%,66.6%,0.8836,3-star,581,4/21/2023,"Itawamba Agricultural (Fulton, MS)",MS,Fulton,34.26288,-88.401928,OK,35.240569,-97.345299,512,regional,city,no,243,0,0,0,0,0,0,0,0,0,0,0,0,early commit; first commitment; only commit at position,https://247sports.com/player/isaiah-dent-46125525/
313,2024,46137143,Amar Reynolds,CB,Illinois,Enrolled,yes,yes,57,Vulnerable,57,Vulnerable,53.7%,46.3%,33.4%,33.4%,66.6%,0.8483,3-star,NA,6/26/2023,"Vero Beach (Vero Beach, FL)",FL,Vero Beach,27.64722,-80.393136,IL,40.114099,-88.274619,972,far,city,no,177,0,0,0,0,0,1,1,0,0,0,0,0,first commitment; only commit at position; far,https://247sports.com/player/amar-reynolds-46137143/
314,2027,46145101,Jeremiah Douglas,WR,Vanderbilt,Hard Commit,no,yes,37,Weak / Attack,18.0,Weak / Attack,53.6%,46.4%,55.5%,55.5%,44.5%,0.8767,3-star,705,12/2/2025,"Crandall (Crandall, TX)",TX,Crandall,32.634506,-96.432064,TN,35.8,-86.4,613,regional,city,no,379,0,0,0,0,16,0,0,1,4,3,3,0,very early commit; first commitment; only commit at position; other-school OV after commit; other-school offers after commit,https://247sports.com/player/jeremiah-douglas-46145101/
315,2025,46137603,Remington Moss,S,Wisconsin,Enrolled,yes,yes,29,Weak / Attack,27.2,Weak / Attack,53.6%,46.4%,55.5%,55.5%,44.5%,0.8739,3-star,821,8/2/2023,"St. Michael the Archangel Catholic (Fredericksburg, VA)",VA,Fredericksburg,38.299272,-77.486658,WI,43.087815,-89.429856,707,regional,city,no,504,0,0,0,0,0,0,13,1,1,1,0,0,very early commit; first commitment; only commit at position; other-school visit after commit; other-school offers after commit,https://247sports.com/player/remington-moss-46137603/
316,2027,46142344,Hakim Frampton,ATH,Texas A&M,Hard Commit,no,yes,30,Weak / Attack,30,Weak / Attack,53.6%,46.4%,55.5%,55.5%,44.5%,0.8911,4-star,415,9/27/2025,"San Antonio Brandeis (San Antonio, TX)",TX,San Antonio,29.462809,-98.524635,TX,30.58516,-96.29636,154,nearby,city,yes,445,0,0,0,0,14,0,1,1,1,0,0,0,very early commit; first commitment; only commit at position; 4-star; other-school offers after commit,https://247sports.com/player/hakim-frampton-46142344/
317,2027,46165950,Jerrence Knoblock,DL,Iowa,Hard Commit,no,yes,53,Vulnerable,53,Vulnerable,53.6%,46.4%,33.4%,33.4%,66.6%,0.8700,3-star,853,4/14/2026,"West Lyon (Inwood, IA)",IA,Inwood,43.309209,-96.434357,IA,41.655661,-91.530859,275,regional,city,yes,246,0,0,0,0,4,0,0,1,0,0,0,0,early commit; first commitment; only commit at position,https://247sports.com/player/jerrence-knoblock-46165950/
318,2025,46134089,Ko'o Kia,LB,Notre Dame,Enrolled,yes,yes,58,Vulnerable,58,Vulnerable,53.6%,46.4%,33.4%,33.4%,66.6%,0.8836,3-star,573,1/15/2024,"Punahou (Honolulu, HI)",HI,Honolulu,,,IN,41.700283,-86.238679,4262,cross_country,state,no,338,0,0,2,2,15,0,0,1,0,0,0,0,early commit; first commitment; cross country,https://247sports.com/player/koo-kia-46134089/
319,2023,46101075,Alex Birchmeier,IOL,Penn State,Enrolled,yes,yes,35,Weak / Attack,35,Weak / Attack,53.5%,46.5%,55.5%,55.5%,44.5%,0.9754,4-star,53,7/15/2021,"Broad Run (Ashburn, VA)",VA,Ashburn,39.027296,-77.471322,PA,40.791039,-77.856813,124,nearby,city,no,524,0,0,1,0,9,0,1,5,0,1,0,0,very early commit; first commitment; thin position group; 4-star; other-school visit after commit,https://247sports.com/player/alex-birchmeier-46101075/
320,2025,46135814,Elijah Thomas,ATH,Oklahoma,Enrolled,yes,yes,37,Weak / Attack,37,Weak / Attack,53.5%,46.5%,55.5%,55.5%,44.5%,0.9441,4-star,122,7/27/2023,"Checotah (Checotah, OK)",OK,Checotah,35.482436,-95.522818,OK,35.240569,-97.345299,104,nearby,city,yes,510,0,0,1,0,10,0,0,0,0,0,0,0,very early commit; first commitment; thin position group; 4-star,https://247sports.com/player/elijah-thomas-46135814/
321,2024,46114558,Jamorie Flagg,DL,Florida State,Enrolled,yes,yes,43,Weak / Attack,43,Weak / Attack,53.5%,46.5%,55.5%,55.5%,44.5%,0.8686,3-star,962,12/14/2022,"Booker T. Washington (Miami, FL)",FL,Miami,25.775163,-80.208615,FL,30.453529,-84.252272,406,regional,city,yes,371,0,0,2,2,4,0,0,3,2,0,0,0,very early commit; first commitment; other-school offers after commit,https://247sports.com/player/jamorie-flagg-46114558/
322,2025,46135616,DJ Dugar Jr.,RB,Oklahoma State,Enrolled,yes,yes,51,Vulnerable,51,Vulnerable,53.5%,46.5%,33.4%,33.4%,66.6%,0.8769,3-star,728,6/15/2024,"Glenn (Leander, TX)",TX,Leander,30.574273,-97.861741,OK,36.131496,-97.074464,387,regional,city,no,186,0,0,0,0,0,0,0,0,0,0,0,0,early commit; first commitment; only commit at position,https://247sports.com/player/dj-dugar-jr-46135616/
323,2025,46138302,Braz Thomas,S,Penn State,Enrolled,yes,yes,58,Vulnerable,58,Vulnerable,53.5%,46.5%,33.4%,33.4%,66.6%,0.8753,3-star,769,6/23/2024,"Pleasantville (Cape May, NJ)",NJ,Cape May,38.941147,-74.898372,PA,40.791039,-77.856813,202,nearby,city,no,178,0,0,0,0,0,0,0,0,0,0,0,0,first commitment; only commit at position,https://247sports.com/player/braz-thomas-46138302/
324,2022,46101471,Kaian Roberts-Day,Edge,Baylor,Enrolled,yes,yes,39,Weak / Attack,29.8,Weak / Attack,53.4%,46.6%,55.5%,55.5%,44.5%,0.9047,4-star,275,5/2/2020,"Festus (Festus, MO)",MO,Festus,38.219426,-90.409724,TX,31.557994,-97.18975,599,regional,city,no,592,0,0,2,0,1,0,0,1,7,1,1,0,very early commit; first commitment; 4-star; other-school OV after commit; other-school offers after commit,https://247sports.com/player/kaian-roberts-day-46101471/
325,2027,46159806,Sean Kraft,LS,Notre Dame,Hard Commit,no,yes,33,Weak / Attack,33,Weak / Attack,53.4%,46.6%,55.5%,55.5%,44.5%,0.8000,3-star,NA,6/24/2025,"Asheville Christian Academy (Swannanoa, NC)",NC,Swannanoa,35.600776,-82.387171,IN,41.700283,-86.238679,470,regional,city,no,540,0,0,0,0,5,0,0,0,0,0,0,0,very early commit; first commitment; only commit at position,https://247sports.com/player/sean-kraft-46159806/
326,2027,46158199,Jernard Albright,S,South Carolina,Hard Commit,no,yes,48,Weak / Attack,40.2,Weak / Attack,53.4%,46.6%,55.5%,55.5%,44.5%,0.9318,4-star,169,12/25/2025,"St. Frances Academy (Baltimore, MD)",MD,Baltimore,39.300032,-76.610476,SC,34.040519,-80.906099,434,regional,city,no,356,0,0,0,0,13,0,4,1,5,1,1,0,early commit; first commitment; only commit at position; 4-star; other-school OV after commit,https://247sports.com/player/jernard-albright-46158199/
327,2026,46135299,Kamo'i Huihui-White,IOL,California,Enrolled,yes,yes,51,Vulnerable,45.0,Weak / Attack,53.4%,46.6%,33.4%,55.5%,44.5%,0.8789,3-star,772,6/17/2025,"St. Louis (Honolulu, HI)",HI,Honolulu,,,CA,37.865673,-122.298725,2344,cross_country,state,no,183,0,0,0,0,4,2,0,0,0,1,1,0,early commit; first commitment; only commit at position; cross country; other-school OV after commit,https://247sports.com/player/kamoi-huihui-white-46135299/
328,2023,46134274,Ian Strong,S,Rutgers,Enrolled,yes,yes,53,Vulnerable,47.0,Weak / Attack,53.4%,46.6%,33.4%,55.5%,44.5%,0.8578,3-star,NA,6/2/2022,"St. Anthony's (Long Island City, NY)",NY,Long Island City,,,NJ,40.1,-74.5,195,nearby,state,no,202,0,0,0,0,0,0,0,0,0,1,1,0,early commit; first commitment; only commit at position; other-school OV after commit,https://247sports.com/player/ian-strong-46134274/
329,2023,46117036,Lex Thomas,QB,NC State,Enrolled,yes,yes,33,Weak / Attack,33,Weak / Attack,53.3%,46.7%,55.5%,55.5%,44.5%,0.8625,3-star,NA,7/23/2021,"Heritage (Wake Forest, NC)",NC,Wake Forest,35.964409,-78.51332,NC,35.831868,-78.641042,12,nearby,city,yes,516,0,0,0,0,1,0,2,3,0,0,0,0,very early commit; first commitment; only commit at position,https://247sports.com/player/lex-thomas-46117036/
330,2024,46129334,Kasen Long,IOL,Texas Tech,Enrolled,yes,yes,40,Weak / Attack,40,Weak / Attack,53.3%,46.7%,55.5%,55.5%,44.5%,0.8706,3-star,899,9/25/2022,"Shallowater (Shallowater, TX)",TX,Shallowater,33.690077,-101.989265,TX,33.561901,-101.888883,11,nearby,city,yes,451,0,0,1,1,1,0,0,0,0,0,0,0,very early commit; first commitment; thin position group,https://247sports.com/player/kasen-long-46129334/
331,2022,46099473,Jyaire Brown,CB,Ohio State,Enrolled,yes,yes,37,Weak / Attack,34.5,Weak / Attack,53.2%,46.8%,55.5%,55.5%,44.5%,0.9237,4-star,192,4/22/2020,"Lakota West (West Chester, OH)",OH,West Chester,,,OH,39.983938,-82.984882,30,nearby,state,yes,602,0,0,1,0,9,0,0,1,6,0,0,0,very early commit; first commitment; thin position group; 4-star; other-school offers after commit,https://247sports.com/player/jyaire-brown-46099473/
332,2023,46117043,Anthony Cunningham,DL,Iowa State,Enrolled,yes,yes,58,Vulnerable,58,Vulnerable,53.2%,46.8%,33.4%,33.4%,66.6%,0.8400,3-star,NA,3/29/2022,"Belleville East (Belleville, IL)",IL,Belleville,38.515973,-89.989779,IA,42.026327,-93.621264,309,regional,city,no,267,0,0,1,1,4,0,0,0,0,0,0,0,early commit; first commitment; thin position group,https://247sports.com/player/anthony-cunningham-46117043/
333,2026,46153023,Angelo Renda,QB,Pittsburgh,Enrolled,yes,yes,55,Vulnerable,55,Vulnerable,53.1%,46.9%,33.4%,33.4%,66.6%,0.8556,3-star,NA,1/22/2025,"Southlake Carroll (Southlake, TX)",TX,Southlake,32.954493,-97.148867,PA,40.439936,-79.975676,1080,far,city,no,329,0,0,1,1,2,0,0,1,1,0,0,0,early commit; first commitment; thin position group; far; other-school offers after commit,https://247sports.com/player/angelo-renda-46153023/
334,2022,46110503,Tacario Davis,CB,Arizona,Enrolled,yes,yes,58,Vulnerable,58,Vulnerable,53.1%,46.9%,33.4%,33.4%,66.6%,0.8544,3-star,NA,2/22/2021,"Millikan (Long Beach, CA)",CA,Long Beach,33.780791,-118.16818,AZ,32.153036,-110.870773,438,regional,city,no,296,0,0,1,1,3,0,0,0,0,0,0,0,early commit; first commitment; thin position group,https://247sports.com/player/tacario-davis-46110503/
335,2026,46155192,Amier Clarke,DL,Georgia Tech,Signed,yes,yes,59,Vulnerable,59,Vulnerable,53.1%,46.9%,33.4%,33.4%,66.6%,0.8900,4-star,485,7/10/2025,"Osceola (Kissimmee, FL)",FL,Kissimmee,28.30278,-81.417831,GA,33.762909,-84.422675,417,regional,city,no,160,0,0,0,0,7,4,0,0,0,0,0,0,first commitment; only commit at position; 4-star,https://247sports.com/player/amier-clarke-46155192/
336,2027,46154915,Hudson Fuqua,S,Mississippi State,Hard Commit,no,yes,41,Weak / Attack,31.2,Weak / Attack,53.0%,47.0%,55.5%,55.5%,44.5%,0.8700,3-star,853,11/6/2025,"Riverdale (Murfreesboro, TN)",TN,Murfreesboro,35.853915,-86.421224,MS,33.463261,-88.827796,214,nearby,city,no,405,0,0,1,1,10,0,0,0,1,2,1,0,very early commit; first commitment; thin position group; other-school OV after commit; other-school offers after commit,https://247sports.com/player/hudson-fuqua-46154915/
337,2027,46137213,Furian Inferrera,QB,Minnesota,Hard Commit,no,yes,47,Weak / Attack,38.0,Weak / Attack,53.0%,47.0%,55.5%,55.5%,44.5%,0.8350,3-star,NA,6/21/2025,"Mission Hills (San Marcos, CA)",CA,San Marcos,33.132567,-117.169892,MN,44.963324,-93.26832,1512,cross_country,city,no,543,1,0,1,1,2,0,0,0,0,2,1,0,very early commit; thin position group; cross country; other-school OV after commit,https://247sports.com/player/furian-inferrera-46137213/
338,2022,46080648,Sam McCall,S,Florida State,Enrolled,yes,yes,71,Stable / Monitor,63.2,Vulnerable,53.0%,47.0%,17.5%,33.4%,66.6%,0.9791,4-star,48,2/28/2021,"Lake Gibson (Lakeland, FL)",FL,Lakeland,28.055496,-81.954772,FL,30.453529,-84.252272,216,nearby,city,yes,290,1,1,0,0,2,0,0,4,1,3,2,0,early commit; prior decommit; only commit at position; 4-star; other-school OV after commit,https://247sports.com/player/sam-mccall-46080648/
339,2025,46135316,Grayson Wilson,QB,Arkansas,Enrolled,yes,yes,38,Weak / Attack,38,Weak / Attack,52.9%,47.1%,55.5%,55.5%,44.5%,0.8880,3-star,513,4/15/2023,"Conway (Maumelle, AR)",AR,Maumelle,34.852344,-92.399995,AR,36.071455,-94.166564,130,nearby,city,yes,613,0,0,1,1,4,0,3,2,0,0,0,0,very early commit; first commitment; thin position group,https://247sports.com/player/grayson-wilson-46135316/
340,2026,46155746,Dash Fifita,LB,Arizona,Enrolled,yes,yes,56,Vulnerable,56,Vulnerable,52.9%,47.1%,33.4%,33.4%,66.6%,0.8467,3-star,NA,2/3/2025,"Santa Margarita Catholic (Rancho Santa Margarita, CA)",CA,Rancho Santa Margarita,33.632332,-117.599008,AZ,32.153036,-110.870773,403,regional,city,no,317,0,0,1,1,0,0,0,1,0,0,0,0,early commit; first commitment; thin position group,https://247sports.com/player/dash-fifita-46155746/
341,2023,46129675,Siolaa Lolohea,DL,Oklahoma State,Enrolled,yes,yes,58,Vulnerable,58,Vulnerable,52.9%,47.1%,33.4%,33.4%,66.6%,0.8522,3-star,NA,5/5/2022,"Trinity (Euless, TX)",TX,Euless,32.849366,-97.078592,OK,36.131496,-97.074464,227,nearby,city,no,230,0,0,1,1,0,0,0,0,0,0,0,0,early commit; first commitment; thin position group,https://247sports.com/player/siolaa-lolohea-46129675/
342,2027,46159985,Trey Johnson,CB,North Carolina,Hard Commit,no,yes,51,Vulnerable,51,Vulnerable,52.8%,47.2%,33.4%,33.4%,66.6%,0.8700,3-star,851,5/15/2026,"Cibolo Steele (Cibolo, TX)",TX,Cibolo,29.570142,-98.217797,NC,35.928328,-79.041375,1195,far,city,no,215,0,0,0,0,8,0,0,1,0,0,0,0,early commit; first commitment; only commit at position; far,https://247sports.com/player/trey-johnson-46159985/
343,2024,46140153,Michael Turner Jr.,ATH,LSU,Enrolled,yes,yes,54,Vulnerable,54,Vulnerable,52.7%,47.3%,33.4%,33.4%,66.6%,0.8972,4-star,392,6/23/2023,"John Curtis (New Orleans, LA)",LA,New Orleans,30.05342,-89.934502,LA,30.440443,-91.133166,76,nearby,city,yes,180,0,0,0,0,0,0,0,0,0,0,0,0,first commitment; only commit at position; 4-star,https://247sports.com/player/michael-turner-jr-46140153/
344,2023,46115387,Rob Billings IV,S,Clemson,Enrolled,yes,yes,54,Vulnerable,54,Vulnerable,52.7%,47.3%,33.4%,33.4%,66.6%,0.8917,4-star,434,7/31/2022,"Milton (Alpharetta, GA)",GA,Alpharetta,34.070866,-84.27265,SC,34.683564,-82.810575,94,nearby,city,no,143,0,0,0,0,0,0,0,0,0,0,0,0,first commitment; only commit at position; 4-star,https://247sports.com/player/rob-billings-iv-46115387/
345,2026,46148417,CJ Wallace,K,Washington,Enrolled,yes,yes,28,Weak / Attack,28,Weak / Attack,52.6%,47.4%,55.5%,55.5%,44.5%,0.8222,3-star,NA,4/8/2024,"St. John Bosco (Bellflower, CA)",CA,Bellflower,33.887821,-118.12725,WA,47.619335,-122.351538,974,far,city,no,618,0,0,0,0,2,0,1,1,0,0,0,0,very early commit; first commitment; only commit at position; far,https://247sports.com/player/cj-wallace-46148417/
346,2023,46108941,Vandrevius Jacobs,WR,Florida State,Enrolled,yes,yes,39,Weak / Attack,39,Weak / Attack,52.6%,47.4%,55.5%,55.5%,44.5%,0.9048,4-star,298,6/21/2021,"Vero Beach (Fort Pierce, FL)",FL,Fort Pierce,27.426112,-80.342488,FL,30.453529,-84.252272,316,regional,city,yes,548,0,0,2,1,5,0,0,2,1,0,0,0,very early commit; first commitment; 4-star; other-school offers after commit,https://247sports.com/player/vandrevius-jacobs-46108941/
347,2025,46129893,LeBron Williams,Edge,California,Enrolled,yes,yes,51,Vulnerable,39.0,Weak / Attack,52.6%,47.4%,33.4%,55.5%,44.5%,0.8550,3-star,NA,6/9/2024,"Kahuku (Kahuku, HI)",HI,Kahuku,21.678943,-157.943157,CA,37.865673,-122.298725,2392,cross_country,city,no,192,0,0,0,0,5,1,0,0,0,2,2,0,early commit; first commitment; only commit at position; cross country; other-school OV after commit,https://247sports.com/player/lebron-williams-46129893/
348,2027,46152773,Dallas Crescenzo,WR,Purdue,Hard Commit,no,yes,29,Weak / Attack,28.8,Weak / Attack,52.5%,47.5%,55.5%,55.5%,44.5%,0.8450,3-star,NA,10/16/2025,"Bastrop (Bastrop, TX)",TX,Bastrop,30.1111,-97.318152,IN,40.443707,-86.923616,922,far,city,no,426,0,0,0,0,15,0,2,1,3,0,0,0,very early commit; first commitment; only commit at position; far; other-school offers after commit,https://247sports.com/player/dallas-crescenzo-46152773/
349,2024,46115185,Isaac Brown,RB,Louisville,Enrolled,yes,yes,34,Weak / Attack,31.5,Weak / Attack,52.5%,47.5%,55.5%,55.5%,44.5%,0.8869,3-star,526,8/1/2022,"Homestead (Homestead, FL)",FL,Homestead,25.466694,-80.444342,KY,38.224728,-85.740614,934,far,city,no,506,0,0,1,1,11,0,5,1,2,1,0,0,very early commit; first commitment; thin position group; far; other-school visit after commit,https://247sports.com/player/isaac-brown-46115185/
350,2024,46129606,Jace J. Gilbert,DL,Iowa State,Enrolled,yes,yes,56,Vulnerable,56,Vulnerable,52.5%,47.5%,33.4%,33.4%,66.6%,0.8658,3-star,NA,1/27/2023,"Arrowhead (Hartland, WI)",WI,Hartland,43.102352,-88.335595,IA,42.026327,-93.621264,279,regional,city,no,327,0,0,1,0,0,0,0,0,0,0,0,0,early commit; first commitment; thin position group,https://247sports.com/player/jace-j-gilbert-46129606/
351,2027,46151615,Noah Parker,RB,Georgia,Hard Commit,no,yes,38,Weak / Attack,31.8,Weak / Attack,52.4%,47.6%,55.5%,55.5%,44.5%,0.8733,3-star,817,11/15/2025,"Macon County (Montezuma, GA)",GA,Montezuma,32.297239,-84.019058,GA,32.7,-83.3,50,nearby,city,yes,396,0,0,1,1,0,0,0,1,3,2,0,0,very early commit; first commitment; thin position group; other-school visit after commit; other-school offers after commit,https://247sports.com/player/noah-parker-46151615/
352,2023,46128514,DJay Braswell,RB,South Carolina,Enrolled,yes,yes,54,Vulnerable,54,Vulnerable,52.4%,47.6%,33.4%,33.4%,66.6%,0.9128,4-star,248,7/2/2022,"Washington County (Sandersville, GA)",GA,Sandersville,32.981794,-82.80513,SC,34.040519,-80.906099,132,nearby,city,no,172,0,0,0,0,0,0,0,0,0,0,0,0,first commitment; only commit at position; 4-star,https://247sports.com/player/djay-braswell-46128514/
353,2023,46099462,Joenel Aguero,S,Georgia,Enrolled,yes,yes,53,Vulnerable,47.0,Weak / Attack,52.3%,47.7%,33.4%,55.5%,44.5%,0.9842,5-star,38,7/23/2022,"St. John's Prep (Lynn, MA)",MA,Lynn,42.474766,-70.962035,GA,32.7,-83.3,953,far,city,no,151,0,0,0,0,11,3,3,0,0,1,1,0,first commitment; only commit at position; far; 5-star; other-school OV after commit,https://247sports.com/player/joenel-aguero-46099462/
354,2026,46150702,Nick Zalewski,Edge,Northwestern,Enrolled,yes,yes,53,Vulnerable,53,Vulnerable,52.3%,47.7%,33.4%,33.4%,66.6%,0.8744,3-star,918,4/16/2025,"Thomas Worthington (Columbus, OH)",OH,Columbus,39.983938,-82.984882,IL,42.046391,-87.694352,284,regional,city,no,245,0,0,0,0,4,0,0,0,0,0,0,0,early commit; first commitment; only commit at position,https://247sports.com/player/nick-zalewski-46150702/
355,2023,46128099,Mike Mitchell,RB,Utah,Enrolled,yes,yes,55,Vulnerable,55,Vulnerable,52.3%,47.7%,33.4%,33.4%,66.6%,0.8891,3-star,466,6/30/2022,"Middleburg (Middleburg, FL)",FL,Middleburg,30.050226,-81.901075,UT,40.776928,-111.930991,1835,cross_country,city,no,174,0,0,1,1,0,0,0,0,0,0,0,0,first commitment; thin position group; cross country,https://247sports.com/player/mike-mitchell-46128099/
356,2025,46148985,Scrap Richardson,ATH,Notre Dame,Enrolled,yes,yes,67,Stable / Monitor,67,Stable / Monitor,52.3%,47.7%,17.5%,17.5%,82.5%,0.8978,4-star,371,10/1/2024,"Greenville (Greenville, GA)",GA,Greenville,33.030929,-84.716331,IN,41.700283,-86.238679,605,regional,city,no,78,0,0,1,1,0,0,0,0,0,0,0,0,first commitment; thin position group; 4-star,https://247sports.com/player/scrap-richardson-46148985/
357,2024,46109945,Tyler Aronson,QB,SMU,Enrolled,yes,yes,29,Weak / Attack,23.0,Weak / Attack,52.2%,47.8%,55.5%,55.5%,44.5%,0.8658,3-star,NA,7/29/2022,"Vero Beach (Vero Beach, FL)",FL,Vero Beach,27.64722,-80.393136,TX,32.793333,-96.766513,1039,far,city,no,509,0,0,0,0,11,0,4,0,0,1,1,0,very early commit; first commitment; only commit at position; far; other-school OV after commit,https://247sports.com/player/tyler-aronson-46109945/
358,2022,46096360,Gabe Powers,LB,Ohio State,Enrolled,yes,yes,37,Weak / Attack,37,Weak / Attack,52.2%,47.8%,55.5%,55.5%,44.5%,0.9563,4-star,101,8/1/2020,"Marysville (Marysville, OH)",OH,Marysville,40.227986,-83.35936,OH,39.983938,-82.984882,26,nearby,city,yes,501,0,0,1,1,13,0,0,1,0,0,0,0,very early commit; first commitment; thin position group; 4-star,https://247sports.com/player/gabe-powers-46096360/
359,2025,46133808,Trey McNutt,S,Oregon,Enrolled,yes,yes,50,Vulnerable,50,Vulnerable,52.2%,47.8%,33.4%,33.4%,66.6%,0.9843,5-star,31,8/3/2024,"Shaker Heights (Cleveland, OH)",OH,Cleveland,41.478462,-81.679435,OR,44.056848,-123.119019,2087,cross_country,city,no,137,0,0,0,0,13,4,2,0,0,0,0,0,first commitment; only commit at position; cross country; 5-star,https://247sports.com/player/trey-mcnutt-46133808/
360,2025,46138432,Lebron Bond,WR,Indiana,Enrolled,yes,yes,54,Vulnerable,54,Vulnerable,52.2%,47.8%,33.4%,33.4%,66.6%,0.8683,3-star,NA,4/7/2024,"Maury (Norfolk, VA)",VA,Norfolk,36.923015,-76.244641,IN,39.1637,-86.524264,580,regional,city,no,255,0,0,1,1,0,0,2,1,0,0,0,0,early commit; first commitment; thin position group,https://247sports.com/player/lebron-bond-46138432/
361,2025,46138714,Jon Jon Stevens Jr.,ATH,Northwestern,Enrolled,yes,yes,56,Vulnerable,56,Vulnerable,52.2%,47.8%,33.4%,33.4%,66.6%,0.8664,3-star,NA,1/28/2024,"Westerville North (Westerville, OH)",OH,Westerville,40.123435,-82.913324,IL,42.046391,-87.694352,282,regional,city,no,325,0,0,1,0,0,0,0,0,0,0,0,0,early commit; first commitment; thin position group,https://247sports.com/player/jon-jon-stevens-jr-46138714/
362,2023,46114227,Brock Fonoimoana,S,Utah,Enrolled,yes,yes,57,Vulnerable,57,Vulnerable,52.2%,47.8%,33.4%,33.4%,66.6%,0.8811,3-star,587,8/16/2022,"Kahuku (Kahuku, HI)",HI,Kahuku,21.678943,-157.943157,UT,40.776928,-111.930991,2979,cross_country,city,no,127,0,0,0,0,10,4,0,0,0,0,0,0,first commitment; only commit at position; cross country,https://247sports.com/player/brock-fonoimoana-46114227/
363,2022,46057568,Jermaine Wiggins Jr,DL,Arizona,Enrolled,yes,yes,58,Vulnerable,58,Vulnerable,52.2%,47.8%,33.4%,33.4%,66.6%,0.8359,3-star,NA,3/19/2021,"Bridgton Academy (Boxford, MA)",MA,Boxford,42.663712,-70.984216,AZ,32.153036,-110.870773,2282,cross_country,city,no,271,0,0,2,2,6,0,0,1,0,0,0,0,early commit; first commitment; cross country,https://247sports.com/player/jermaine-wiggins-jr-46057568/
364,2026,46136601,Samu Moala,Edge,Texas A&M,Enrolled,yes,yes,35,Weak / Attack,25.0,Weak / Attack,52.1%,47.9%,55.5%,55.5%,44.5%,0.8954,4-star,417,10/27/2024,"Leuzinger (Lawndale, CA)",CA,Lawndale,33.888435,-118.353143,TX,30.58516,-96.29636,1306,far,city,no,416,0,0,1,1,19,0,0,1,0,2,2,0,very early commit; first commitment; thin position group; far; 4-star,https://247sports.com/player/samu-moala-46136601/
365,2022,46093563,CJ Clinkscales,ATH,Boston College,Enrolled,yes,yes,51,Vulnerable,41.2,Weak / Attack,52.1%,47.9%,33.4%,55.5%,44.5%,0.8500,3-star,NA,3/24/2021,"Buford (Buford, GA)",GA,Buford,34.118562,-83.98861,MA,42.2,-71.8,865,far,city,no,266,0,0,0,0,13,0,0,0,1,2,1,0,early commit; first commitment; only commit at position; far; other-school OV after commit,https://247sports.com/player/cj-clinkscales-46093563/
366,2027,46143570,Charles Roberts,S,North Carolina,Hard Commit,no,yes,52,Vulnerable,42.0,Weak / Attack,52.1%,47.9%,33.4%,55.5%,44.5%,0.8800,3-star,608,12/29/2025,"IMG Academy (Bradenton, FL)",FL,Bradenton,27.489798,-82.576804,NC,35.928328,-79.041375,619,regional,city,no,352,0,0,0,0,11,0,3,1,8,1,1,0,early commit; first commitment; only commit at position; other-school OV after commit; other-school offers after commit,https://247sports.com/player/charles-roberts-46143570/
367,2025,46147104,Cedric Wyche II,RB,Illinois,Enrolled,yes,yes,58,Vulnerable,58,Vulnerable,52.1%,47.9%,33.4%,33.4%,66.6%,0.8794,3-star,665,6/29/2024,"St. Thomas Aquinas (Fort Lauderdale, FL)",FL,Fort Lauderdale,26.141227,-80.146731,IL,40.114099,-88.274619,1073,far,city,no,172,0,0,1,1,0,0,0,0,0,0,0,0,first commitment; thin position group; far,https://247sports.com/player/cedric-wyche-ii-46147104/
368,2025,46141701,Byron Baldwin Jr.,S,Indiana,Enrolled,yes,yes,62,Vulnerable,62,Vulnerable,52.1%,47.9%,33.4%,33.4%,66.6%,0.9124,4-star,258,11/15/2024,"St. Frances Academy (Baltimore, MD)",MD,Baltimore,39.300032,-76.610476,IN,39.1637,-86.524264,530,regional,city,no,33,0,0,0,0,0,0,0,0,0,0,0,0,first commitment; only commit at position; 4-star,https://247sports.com/player/byron-baldwin-jr-46141701/
369,2024,46102486,Julian Sayin,QB,Alabama,Enrolled,yes,yes,19,Weak / Attack,18.2,Weak / Attack,52.0%,48.0%,55.5%,55.5%,44.5%,0.9966,5-star,6,11/2/2022,"Carlsbad (Carlsbad, CA)",CA,Carlsbad,33.129284,-117.284183,AL,33.234404,-87.5283,1715,cross_country,city,no,413,0,0,0,0,13,0,6,0,1,0,0,0,very early commit; first commitment; only commit at position; cross country; 5-star,https://247sports.com/player/julian-sayin-46102486/
370,2023,46082708,Marco Lainez III,QB,Iowa,Enrolled,yes,yes,29,Weak / Attack,29,Weak / Attack,51.9%,48.1%,55.5%,55.5%,44.5%,0.8689,3-star,863,12/13/2021,"Hun School (Skillman, NJ)",NJ,Skillman,40.428191,-74.712293,IA,41.655661,-91.530859,879,far,city,no,373,0,0,0,0,8,0,1,1,0,0,0,0,very early commit; first commitment; only commit at position; far,https://247sports.com/player/marco-lainez-iii-46082708/
371,2022,46094592,Malaki Starks,ATH,Georgia,Enrolled,yes,yes,49,Weak / Attack,49,Weak / Attack,51.9%,48.1%,55.5%,55.5%,44.5%,0.9905,5-star,19,3/25/2021,"Jefferson (Jefferson, GA)",GA,Jefferson,34.136239,-83.602157,GA,32.7,-83.3,101,nearby,city,yes,265,0,0,0,0,15,0,0,1,0,0,0,0,early commit; first commitment; only commit at position; 5-star,https://247sports.com/player/malaki-starks-46094592/
372,2024,46136128,Micah Ka'apana,RB,Michigan,Enrolled,yes,yes,50,Vulnerable,50,Vulnerable,51.9%,48.1%,33.4%,33.4%,66.6%,0.8844,3-star,567,6/17/2023,"Bishop Gorman (Las Vegas, NV)",NV,Las Vegas,36.233499,-115.264037,MI,42.276147,-83.73086,1727,cross_country,city,no,186,0,0,1,1,0,0,0,0,0,0,0,0,early commit; first commitment; thin position group; cross country,https://247sports.com/player/micah-kaapana-46136128/
373,2022,46116449,Ashton Hollins,ATH,Illinois,Enrolled,yes,yes,67,Stable / Monitor,67,Stable / Monitor,51.9%,48.1%,17.5%,17.5%,82.5%,0.8511,3-star,NA,6/30/2021,"George County (Lucedale, MS)",MS,Lucedale,30.931213,-88.595896,IL,40.114099,-88.274619,635,regional,city,no,168,0,0,1,1,1,1,0,0,0,0,0,0,first commitment; thin position group,https://247sports.com/player/ashton-hollins-46116449/
374,2027,46159392,Tra'Von Hall,WR,Oklahoma,Hard Commit,no,yes,39,Weak / Attack,23.0,Weak / Attack,51.8%,48.2%,55.5%,55.5%,44.5%,0.8789,3-star,688,11/30/2025,"Central Tuscaloosa (Tuscaloosa, AL)",AL,Tuscaloosa,33.234404,-87.5283,OK,35.240569,-97.345299,577,regional,city,no,381,0,0,1,1,13,0,0,1,8,2,2,0,very early commit; first commitment; thin position group; other-school OV after commit; other-school offers after commit,https://247sports.com/player/travon-hall-46159392/
375,2025,46118279,Luke Nickel,QB,Miami,Enrolled,yes,yes,31,Weak / Attack,31,Weak / Attack,51.8%,48.2%,55.5%,55.5%,44.5%,0.9171,4-star,232,8/11/2023,"Milton (Alpharetta, GA)",GA,Alpharetta,34.070866,-84.27265,FL,25.683061,-80.261659,627,regional,city,no,495,0,0,0,0,17,0,2,2,1,0,0,0,very early commit; first commitment; only commit at position; 4-star; other-school offers after commit,https://247sports.com/player/luke-nickel-46118279/
376,2022,46099242,Quincy Burroughs,WR,Cincinnati,Enrolled,yes,yes,59,Vulnerable,51.5,Vulnerable,51.8%,48.2%,33.4%,33.4%,66.6%,0.8600,3-star,997,2/10/2021,"Raines (Jacksonville, FL)",FL,Jacksonville,30.336864,-81.661603,OH,39.140183,-84.505829,629,regional,city,no,308,0,0,1,1,7,0,0,0,10,0,0,0,early commit; first commitment; thin position group; other-school offers after commit,https://247sports.com/player/quincy-burroughs-46099242/
377,2023,46099780,Samuel Singleton Jr.,RB,Florida State,Enrolled,yes,yes,52,Vulnerable,52,Vulnerable,51.8%,48.2%,33.4%,33.4%,66.6%,0.8950,4-star,389,8/5/2022,"Fleming Island (Charleston, SC)",SC,Charleston,32.828017,-79.972896,FL,30.453529,-84.252272,300,regional,city,no,138,0,0,0,0,0,0,0,0,0,0,0,0,first commitment; only commit at position; 4-star,https://247sports.com/player/samuel-singleton-jr-46099780/
378,2024,46131516,Willie Nelson,S,Oklahoma State,Enrolled,yes,yes,57,Vulnerable,57,Vulnerable,51.8%,48.2%,33.4%,33.4%,66.6%,0.8719,3-star,866,2/10/2023,"Longview (Longview, TX)",TX,Longview,32.520234,-94.761114,OK,36.131496,-97.074464,282,regional,city,no,313,0,0,1,1,6,0,1,1,0,0,0,0,early commit; first commitment; thin position group,https://247sports.com/player/willie-nelson-46131516/
379,2026,46151795,Maddox Quiller,S,Texas Tech,Enrolled,yes,yes,58,Vulnerable,58,Vulnerable,51.8%,48.2%,33.4%,33.4%,66.6%,0.8644,3-star,NA,2/12/2025,"Pflugerville Hendrickson (Pflugerville, TX)",TX,Pflugerville,30.447765,-97.602116,TX,33.561901,-101.888883,331,regional,city,yes,308,0,0,1,1,2,0,0,1,1,0,0,0,early commit; first commitment; thin position group; other-school offers after commit,https://247sports.com/player/maddox-quiller-46151795/
380,2024,46113658,Colin Hurley,QB,LSU,Enrolled,yes,yes,28,Weak / Attack,28,Weak / Attack,51.7%,48.3%,55.5%,55.5%,44.5%,0.9000,4-star,357,11/4/2022,"Trinity Christian Academy (Jacksonville, FL)",FL,Jacksonville,30.336864,-81.661603,LA,30.440443,-91.133166,564,regional,city,no,411,0,0,0,0,8,0,3,2,0,0,0,0,very early commit; first commitment; only commit at position; 4-star,https://247sports.com/player/colin-hurley-46113658/
381,2022,46079316,Mehki Flowers,ATH,Penn State,Enrolled,yes,yes,50,Vulnerable,50,Vulnerable,51.7%,48.3%,33.4%,33.4%,66.6%,0.9288,4-star,182,1/1/2021,"Central Dauphin East (Harrisburg, PA)",PA,Harrisburg,40.275891,-76.88502,PA,40.791039,-77.856813,62,nearby,city,yes,348,0,0,0,0,10,0,2,3,0,1,0,0,early commit; first commitment; only commit at position; 4-star; other-school visit after commit,https://247sports.com/player/mehki-flowers-46079316/
382,2027,46153391,DJ Davis,ATH,Wisconsin,Hard Commit,no,yes,49,Weak / Attack,33.0,Weak / Attack,51.6%,48.4%,55.5%,55.5%,44.5%,0.8750,3-star,740,4/27/2026,"Middletown (Middletown, DE)",DE,Middletown,39.443394,-75.717504,WI,43.087815,-89.429856,754,far,city,no,233,0,0,0,0,9,0,2,1,0,3,3,0,early commit; first commitment; only commit at position; far; other-school OV after commit,https://247sports.com/player/dj-davis-46153391/
383,2027,46148046,Jaxx DeJean,ATH,Iowa,Hard Commit,no,yes,53,Vulnerable,53,Vulnerable,51.6%,48.4%,33.4%,33.4%,66.6%,0.8867,3-star,490,12/21/2025,"Odebolt-Arthur (Odebolt, IA)",IA,Odebolt,42.311842,-95.254378,IA,41.655661,-91.530859,197,nearby,city,yes,360,0,0,0,0,5,0,3,1,0,0,0,0,early commit; first commitment; only commit at position,https://247sports.com/player/jaxx-dejean-46148046/
384,2027,46158711,Savior Owens,RB,Michigan State,Hard Commit,no,yes,55,Vulnerable,55,Vulnerable,51.6%,48.4%,33.4%,33.4%,66.6%,0.8600,3-star,NA,1/25/2026,"Massillon Washington (Massillon, OH)",OH,Massillon,40.784483,-81.525216,MI,42.748913,-84.482442,204,nearby,city,no,325,0,0,0,0,5,0,0,1,0,0,0,0,early commit; first commitment; only commit at position,https://247sports.com/player/savior-owens-46158711/
385,2023,46102932,Ty Blanding,DL,Penn State,Enrolled,yes,yes,58,Vulnerable,58,Vulnerable,51.6%,48.4%,33.4%,33.4%,66.6%,0.8742,3-star,752,6/17/2022,"Christ the King (Middle Village, NY)",NY,Middle Village,,,PA,40.791039,-77.856813,207,nearby,state,no,187,0,0,1,1,0,0,0,0,0,0,0,0,early commit; first commitment; thin position group,https://247sports.com/player/ty-blanding-46102932/
386,2024,46116102,Adney Reid,LB,BYU,Enrolled,yes,yes,48,Weak / Attack,48,Weak / Attack,51.5%,48.5%,55.5%,55.5%,44.5%,0.8478,3-star,NA,4/8/2022,"Spanish Fork (Spanish Fork, UT)",UT,Spanish Fork,40.113143,-111.642906,UT,40.245312,-111.645057,9,nearby,city,yes,621,0,0,3,3,2,0,0,0,0,0,0,0,very early commit; first commitment,https://247sports.com/player/adney-reid-46116102/
387,2025,46143777,Xanai Scott,S,Illinois,Enrolled,yes,yes,61,Vulnerable,61,Vulnerable,51.5%,48.5%,33.4%,33.4%,66.6%,0.8492,3-star,NA,3/12/2024,"Cardinal Newman (West Palm Beach, FL)",FL,West Palm Beach,26.745114,-80.127038,IL,40.114099,-88.274619,1035,far,city,no,281,0,0,3,3,0,0,0,1,0,0,0,0,early commit; first commitment; far,https://247sports.com/player/xanai-scott-46143777/
388,2027,46154755,Kharim Hughley,QB,Clemson,Hard Commit,no,yes,30,Weak / Attack,30,Weak / Attack,51.4%,48.6%,55.5%,55.5%,44.5%,0.9312,4-star,171,7/10/2025,"Gainesville (Gainesville, GA)",GA,Gainesville,34.2901,-83.829106,SC,34.683564,-82.810575,64,nearby,city,no,524,0,0,0,0,15,0,2,1,0,0,0,0,very early commit; first commitment; only commit at position; 4-star,https://247sports.com/player/kharim-hughley-46154755/
389,2024,46128629,Gabe Williams,LB,Virginia Tech,Enrolled,yes,yes,49,Weak / Attack,49,Weak / Attack,51.4%,48.6%,55.5%,55.5%,44.5%,0.9061,4-star,305,6/11/2023,"St. Vincent Pallotti (Laurel, MD)",MD,Laurel,39.095075,-76.861245,VA,37.231264,-80.426745,233,nearby,city,no,192,0,0,0,0,0,0,0,0,0,0,0,0,early commit; first commitment; only commit at position; 4-star,https://247sports.com/player/gabe-williams-46128629/
390,2022,46059232,Tobias Merriweather,WR,Notre Dame,Enrolled,yes,yes,53,Vulnerable,53,Vulnerable,51.4%,48.6%,33.4%,33.4%,66.6%,0.9512,4-star,121,8/4/2021,"Union (Camas, WA)",WA,Camas,45.601809,-122.430381,IN,41.700283,-86.238679,1814,cross_country,city,no,133,0,0,0,0,9,2,1,0,0,0,0,0,first commitment; only commit at position; cross country; 4-star,https://247sports.com/player/tobias-merriweather-46059232/
391,2022,46102749,Tucker Holloway,WR,Virginia Tech,Enrolled,yes,yes,62,Vulnerable,55.2,Vulnerable,51.4%,48.6%,33.4%,33.4%,66.6%,0.8611,3-star,967,7/3/2021,"Rabun Gap-Nacoochee (Rabun Gap, GA)",GA,Rabun Gap,,,VA,37.231264,-80.426745,353,regional,state,no,165,0,0,0,0,1,2,0,0,1,1,1,0,first commitment; only commit at position; other-school OV after commit; other-school offers after commit,https://247sports.com/player/tucker-holloway-46102749/
392,2025,46143314,Michael Troutman III,IOL,Penn State,Enrolled,yes,yes,58,Vulnerable,58,Vulnerable,51.3%,48.7%,33.4%,33.4%,66.6%,0.8772,3-star,721,2/11/2024,"DePaul Catholic (Wayne, NJ)",NJ,Wayne,,,PA,40.791039,-77.856813,183,nearby,state,no,311,0,0,1,1,0,0,0,0,0,0,0,0,early commit; first commitment; thin position group,https://247sports.com/player/michael-troutman-iii-46143314/
393,2024,46141103,Therrian Alexander III,CB,BYU,Enrolled,yes,yes,52,Vulnerable,43.8,Weak / Attack,51.1%,48.9%,33.4%,55.5%,44.5%,0.8664,3-star,NA,8/4/2023,"Southwest DeKalb (Decatur, GA)",GA,Decatur,33.771067,-84.295784,UT,40.245312,-111.645057,1567,cross_country,city,no,138,0,0,0,0,1,0,0,0,3,1,1,0,first commitment; only commit at position; cross country; other-school OV after commit; other-school offers after commit,https://247sports.com/player/therrian-alexander-iii-46141103/
394,2022,46111680,Kye Stokes,ATH,Ohio State,Enrolled,yes,yes,50,Vulnerable,50,Vulnerable,51.1%,48.9%,33.4%,33.4%,66.6%,0.8975,4-star,351,5/2/2021,"Armwood (Seffner, FL)",FL,Seffner,28.001639,-82.274077,OH,39.983938,-82.984882,829,far,city,no,227,0,0,0,0,16,0,0,1,0,0,0,0,early commit; first commitment; only commit at position; far; 4-star,https://247sports.com/player/kye-stokes-46111680/
395,2025,46147332,JuJu Anderson,Edge,Pittsburgh,Enrolled,yes,yes,51,Vulnerable,51,Vulnerable,51.1%,48.9%,33.4%,33.4%,66.6%,0.8608,3-star,NA,6/10/2024,"Blair Academy (Blairstown, NJ)",NJ,Blairstown,40.987333,-74.954738,PA,40.439936,-79.975676,266,regional,city,no,191,0,0,0,0,0,0,0,0,0,0,0,0,early commit; first commitment; only commit at position,https://247sports.com/player/juju-anderson-46147332/
396,2025,46139781,Garrett Reese,ATH,Indiana,Enrolled,yes,yes,56,Vulnerable,51.2,Vulnerable,51.1%,48.9%,33.4%,33.4%,66.6%,0.8533,3-star,NA,2/16/2024,"Nazareth Academy (La Grange Park, IL)",IL,La Grange Park,41.830778,-87.872274,IN,39.1637,-86.524264,197,nearby,city,no,306,0,0,0,0,10,0,0,1,1,1,1,0,early commit; first commitment; only commit at position; other-school OV after commit; other-school offers after commit,https://247sports.com/player/garrett-reese-46139781/
397,2023,46103875,Deuce Alexander,WR,Wake Forest,Enrolled,yes,yes,56,Vulnerable,56,Vulnerable,51.1%,48.9%,33.4%,33.4%,66.6%,0.8653,3-star,972,5/26/2022,"Douglas County (Douglasville, GA)",GA,Douglasville,33.73678,-84.701074,NC,36.102863,-80.260829,300,regional,city,no,209,0,0,1,1,0,0,0,0,0,0,0,0,early commit; first commitment; thin position group,https://247sports.com/player/deuce-alexander-46103875/
398,2022,46096682,Connor Jones,OT,Michigan,Enrolled,yes,yes,56,Vulnerable,56,Vulnerable,51.1%,48.9%,33.4%,33.4%,66.6%,0.8596,3-star,NA,12/24/2020,"Palmer Ridge (Monument, CO)",CO,Monument,39.074406,-104.844221,MI,42.276147,-83.73086,1125,far,city,no,356,0,0,1,1,6,0,0,0,0,0,0,0,early commit; first commitment; thin position group; far,https://247sports.com/player/connor-jones-46096682/
399,2023,46110536,James Durand,IOL,Wisconsin,Enrolled,yes,yes,47,Weak / Attack,47,Weak / Attack,51.0%,49.0%,55.5%,55.5%,44.5%,0.8978,4-star,353,5/6/2022,"Basha (Chandler, AZ)",AZ,Chandler,33.282765,-111.851819,WI,43.087815,-89.429856,1387,far,city,no,229,0,0,0,0,11,0,0,2,0,0,0,0,early commit; first commitment; only commit at position; far; 4-star,https://247sports.com/player/james-durand-46110536/
400,2025,46133003,Cam Jamerson,ATH,TCU,Enrolled,yes,yes,56,Vulnerable,56,Vulnerable,51.0%,49.0%,33.4%,33.4%,66.6%,0.8592,3-star,NA,6/25/2024,"Shadow Creek (Pearland, TX)",TX,Pearland,29.555732,-95.323012,TX,32.781954,-97.348573,253,regional,city,yes,176,0,0,0,0,0,0,0,0,0,0,0,0,first commitment; only commit at position,https://247sports.com/player/cam-jamerson-46133003/
401,2023,46102611,Derek Williams Jr.,S,Texas,Enrolled,yes,yes,57,Vulnerable,57,Vulnerable,51.0%,49.0%,33.4%,33.4%,66.6%,0.9768,4-star,49,6/27/2022,"Westgate (New Iberia, LA)",LA,New Iberia,30.005493,-91.820307,TX,30.298622,-97.754134,355,regional,city,no,177,0,0,1,0,0,0,0,0,0,0,0,0,first commitment; thin position group; 4-star,https://247sports.com/player/derek-williams-jr-46102611/
402,2026,46143546,Ah Deong Yang,IOL,Washington,Signed,yes,yes,35,Weak / Attack,35,Weak / Attack,50.9%,49.1%,55.5%,55.5%,44.5%,0.8511,3-star,NA,11/25/2024,"Puyallup (Puyallup, WA)",WA,Puyallup,47.179046,-122.291523,WA,47.619335,-122.351538,31,nearby,city,yes,387,0,0,0,0,1,0,0,1,1,0,0,0,very early commit; first commitment; only commit at position; other-school offers after commit,https://247sports.com/player/ah-deong-yang-46143546/
403,2023,46128470,Rhino Tapa'atoutai,OT,Arizona,Enrolled,yes,yes,51,Vulnerable,51,Vulnerable,50.9%,49.1%,33.4%,33.4%,66.6%,0.8575,3-star,NA,4/18/2022,"Bishop Alemany (Mission Hills, CA)",CA,Mission Hills,34.688779,-120.43975,AZ,32.153036,-110.870773,579,regional,city,no,247,0,0,0,0,0,0,0,0,0,0,0,0,early commit; first commitment; only commit at position,https://247sports.com/player/rhino-tapaatoutai-46128470/
404,2026,46135249,Shavar Young Jr.,ATH,Clemson,Enrolled,yes,yes,34,Weak / Attack,34,Weak / Attack,50.8%,49.2%,55.5%,55.5%,44.5%,0.8822,3-star,663,8/2/2024,"Webb School of Knoxville (Knoxville, TN)",TN,Knoxville,35.97068,-83.94927,SC,34.683564,-82.810575,110,nearby,city,no,502,0,0,0,0,9,0,8,1,2,0,0,0,very early commit; first commitment; only commit at position; other-school offers after commit,https://247sports.com/player/shavar-young-jr-46135249/
405,2025,46114553,Quanell Farrakhan Jr.,WR,Colorado,Enrolled,yes,yes,59,Vulnerable,59,Vulnerable,50.8%,49.2%,33.4%,33.4%,66.6%,0.8975,4-star,374,7/13/2024,"North Shore (Houston, TX)",TX,Houston,29.785743,-95.388806,CO,40.024431,-105.251251,900,far,city,no,158,0,0,2,2,0,0,0,0,0,0,0,0,first commitment; far; 4-star,https://247sports.com/player/quanell-farrakhan-jr-46114553/
406,2024,46118013,James Peoples,RB,Ohio State,Enrolled,yes,yes,50,Vulnerable,46.0,Weak / Attack,50.7%,49.3%,33.4%,55.5%,44.5%,0.9484,4-star,115,4/2/2023,"San Antonio Veterans Memorial (San Antonio, TX)",TX,San Antonio,29.462809,-98.524635,OH,39.983938,-82.984882,1140,far,city,no,262,0,0,0,0,18,0,0,1,0,1,1,0,early commit; first commitment; only commit at position; far; 4-star,https://247sports.com/player/james-peoples-46118013/
407,2025,46146295,Sampson Onuoha,Edge,Duke,Enrolled,yes,yes,54,Vulnerable,54,Vulnerable,50.7%,49.3%,33.4%,33.4%,66.6%,0.8786,3-star,692,3/29/2024,"Belmont Hill School (Belmont, MA)",MA,Belmont,42.395317,-71.180284,NC,35.977928,-78.898109,606,regional,city,no,264,0,0,1,1,0,0,2,1,0,0,0,0,early commit; first commitment; thin position group,https://247sports.com/player/sampson-onuoha-46146295/
408,2026,46148250,Tom McGlinchey,ATH,Northwestern,Signed,yes,yes,59,Vulnerable,59,Vulnerable,50.7%,49.3%,33.4%,33.4%,66.6%,0.8767,3-star,831,6/24/2025,"William Penn Charter (Philadelphia, PA)",PA,Philadelphia,40.009376,-75.133346,IL,42.046391,-87.694352,669,regional,city,no,176,0,0,0,0,9,0,0,0,0,0,0,0,first commitment; only commit at position,https://247sports.com/player/tom-mcglinchey-46148250/
409,2024,46114094,Jeremiah Smith,WR,Ohio State,Enrolled,yes,yes,29,Weak / Attack,9,Weak / Attack,50.6%,49.4%,55.5%,55.5%,44.5%,0.9997,5-star,1,12/14/2022,"Chaminade-Madonna (Opa Locka, FL)",FL,Opa Locka,,,OH,39.983938,-82.984882,787,far,state,no,371,0,0,2,0,0,0,1,4,0,14,4,0,very early commit; first commitment; far; 5-star; other-school OV after commit,https://247sports.com/player/jeremiah-smith-46114094/
410,2026,46143680,Henry Gabalis,TE,Arizona,Enrolled,yes,yes,47,Weak / Attack,42.2,Weak / Attack,50.6%,49.4%,55.5%,55.5%,44.5%,0.8941,4-star,431,4/19/2025,"Archbishop Murphy (Everett, WA)",WA,Everett,47.965413,-122.189895,AZ,32.153036,-110.870773,1243,far,city,no,242,0,0,0,0,8,0,0,1,1,1,1,0,early commit; first commitment; only commit at position; far; 4-star,https://247sports.com/player/henry-gabalis-46143680/
411,2026,46138246,Anthony Jones Jr.,Edge,Oregon,Enrolled,yes,yes,48,Weak / Attack,48,Weak / Attack,50.6%,49.4%,55.5%,55.5%,44.5%,0.9845,5-star,33,7/31/2025,"St. Paul's Episcopal (Mobile, AL)",AL,Mobile,30.668246,-88.107853,OR,44.056848,-123.119019,2113,cross_country,city,no,139,0,0,1,0,0,0,0,0,0,0,0,0,first commitment; thin position group; cross country; 5-star,https://247sports.com/player/anthony-jones-jr-46138246/
412,2025,46133388,Dallas Golden,ATH,Notre Dame,Enrolled,yes,yes,47,Weak / Attack,47,Weak / Attack,50.5%,49.5%,55.5%,55.5%,44.5%,0.9530,4-star,92,4/28/2024,"Berkeley Prep (Tampa, FL)",FL,Tampa,27.970086,-82.479673,IN,41.700283,-86.238679,972,far,city,no,234,0,0,1,0,0,0,4,1,0,0,0,0,early commit; first commitment; thin position group; far; 4-star,https://247sports.com/player/dallas-golden-46133388/
413,2024,46133351,Anelu Lafaele,Edge,Wisconsin,Enrolled,yes,yes,57,Vulnerable,57,Vulnerable,50.5%,49.5%,33.4%,33.4%,66.6%,0.8828,3-star,603,7/11/2023,"Farrington (Honolulu, HI)",HI,Honolulu,,,WI,43.087815,-89.429856,4096,cross_country,state,no,162,0,0,0,0,13,5,1,0,0,0,0,0,first commitment; only commit at position; cross country,https://247sports.com/player/anelu-lafaele-46133351/
414,2026,46153041,Arthur Scott III,DL,Wisconsin,Enrolled,yes,yes,61,Vulnerable,61,Vulnerable,50.5%,49.5%,33.4%,33.4%,66.6%,0.8644,3-star,NA,6/1/2025,"Streetsboro (Streetsboro, OH)",OH,Streetsboro,41.239608,-81.345862,WI,43.087815,-89.429856,433,regional,city,no,199,0,0,2,2,0,0,0,0,0,0,0,0,early commit; first commitment,https://247sports.com/player/arthur-scott-iii-46153041/
415,2026,46142680,Brady Ballart,LB,Louisville,Enrolled,yes,yes,39,Weak / Attack,39,Weak / Attack,50.4%,49.6%,55.5%,55.5%,44.5%,0.8611,3-star,NA,9/8/2024,"South Dearborn (Aurora, IN)",IN,Aurora,39.069774,-84.904746,KY,38.224728,-85.740614,74,nearby,city,no,465,0,0,1,1,6,0,1,1,1,0,0,0,very early commit; first commitment; thin position group; other-school offers after commit,https://247sports.com/player/brady-ballart-46142680/
416,2025,46136967,Jayden Anderson,WR,Virginia Tech,Enrolled,yes,yes,58,Vulnerable,58,Vulnerable,50.4%,49.6%,33.4%,33.4%,66.6%,0.8769,3-star,728,2/9/2024,"Green Run (Virginia Beach, VA)",VA,Virginia Beach,36.779525,-76.029142,VA,37.231264,-80.426745,245,nearby,city,yes,313,0,0,1,1,0,0,0,0,0,0,0,0,early commit; first commitment; thin position group,https://247sports.com/player/jayden-anderson-46136967/
417,2025,46141446,Mark Manfred III,CB,Missouri,Enrolled,yes,yes,61,Vulnerable,61,Vulnerable,50.4%,49.6%,33.4%,33.4%,66.6%,0.8797,3-star,660,6/23/2024,"Sprayberry (Marietta, GA)",GA,Marietta,33.953561,-84.542463,MO,38.94729,-92.326387,553,regional,city,no,178,0,0,1,1,0,0,0,0,0,0,0,0,first commitment; thin position group,https://247sports.com/player/mark-manfred-iii-46141446/
418,2026,46150258,Cortavious Tisaby,OT,Arizona State,Enrolled,yes,yes,31,Weak / Attack,30.0,Weak / Attack,50.3%,49.7%,55.5%,55.5%,44.5%,0.8878,3-star,525,11/24/2024,"South Oak Cliff (Dallas, TX)",TX,Dallas,32.793333,-96.766513,AZ,33.388414,-111.931782,878,far,city,no,388,0,0,0,0,14,0,0,1,4,0,0,0,very early commit; first commitment; only commit at position; far; other-school offers after commit,https://247sports.com/player/cortavious-tisaby-46150258/
419,2025,46135655,Cole Geer,QB,Virginia,Enrolled,yes,yes,34,Weak / Attack,34,Weak / Attack,50.3%,49.7%,55.5%,55.5%,44.5%,0.8633,3-star,NA,12/3/2023,"Deerfield Academy (Deerfield, MA)",MA,Deerfield,42.547902,-72.602404,VA,38.037658,-78.485381,439,regional,city,no,381,0,0,1,1,0,0,2,1,0,0,0,0,very early commit; first commitment; thin position group,https://247sports.com/player/cole-geer-46135655/
420,2026,46150132,Da'Jon Green,CB,Boston College,Enrolled,yes,yes,58,Vulnerable,50.5,Vulnerable,50.3%,49.7%,33.4%,33.4%,66.6%,0.8600,3-star,NA,6/7/2025,"Choctaw (Choctaw, OK)",OK,Choctaw,35.484983,-97.269942,MA,42.2,-71.8,1441,far,city,no,193,0,0,2,2,0,0,0,0,2,1,1,0,early commit; first commitment; far; other-school OV after commit; other-school offers after commit,https://247sports.com/player/dajon-green-46150132/
421,2024,46139610,Matt Fuller,RB,South Carolina,Enrolled,yes,yes,54,Vulnerable,54,Vulnerable,50.3%,49.7%,33.4%,33.4%,66.6%,0.8904,4-star,475,6/23/2023,"Wayne County (Jesup, GA)",GA,Jesup,31.594574,-81.895699,SC,34.040519,-80.906099,178,nearby,city,no,180,0,0,0,0,0,0,0,0,0,0,0,0,first commitment; only commit at position; 4-star,https://247sports.com/player/matt-fuller-46139610/
422,2025,46144928,Brandon Finney Jr.,CB,Oregon,Enrolled,yes,yes,56,Vulnerable,56,Vulnerable,50.3%,49.7%,33.4%,33.4%,66.6%,0.9799,4-star,40,6/25/2024,"McDonogh School (Owings Mills, MD)",MD,Owings Mills,39.410494,-76.789371,OR,44.056848,-123.119019,2379,cross_country,city,no,176,0,0,2,1,0,0,0,0,0,0,0,0,first commitment; cross country; 4-star,https://247sports.com/player/brandon-finney-jr-46144928/
423,2022,46103590,Jack Funke,OT,Boston College,Enrolled,yes,yes,40,Weak / Attack,40,Weak / Attack,50.2%,49.8%,55.5%,55.5%,44.5%,0.8556,3-star,NA,8/13/2020,"Xaverian Brothers (Westwood, MA)",MA,Westwood,,,MA,42.2,-71.8,0,in_state,state,yes,489,0,0,1,1,0,0,0,0,0,0,0,0,very early commit; first commitment; thin position group,https://247sports.com/player/jack-funke-46103590/
424,2026,46136886,Jonas Williams,QB,USC,Enrolled,yes,yes,56,Vulnerable,56,Vulnerable,50.2%,49.8%,33.4%,33.4%,66.6%,0.9523,4-star,110,2/21/2025,"Lincoln-Way East (Frankfort, IL)",IL,Frankfort,41.507025,-87.870966,CA,34.019394,-118.410825,1736,cross_country,city,no,299,1,0,0,0,1,0,2,1,0,0,0,0,early commit; only commit at position; cross country; 4-star,https://247sports.com/player/jonas-williams-46136886/
425,2025,46148539,Chase Coleman,CB,UCLA,Enrolled,yes,yes,60,Vulnerable,60,Vulnerable,50.2%,49.8%,33.4%,33.4%,66.6%,0.8617,3-star,NA,4/10/2024,"Frisco Memorial (Frisco, TX)",TX,Frisco,33.155427,-96.822596,CA,34.019394,-118.410825,1242,far,city,no,252,0,0,2,2,3,0,0,1,2,0,0,0,early commit; first commitment; far; other-school offers after commit,https://247sports.com/player/chase-coleman-46148539/
426,2026,46158864,Dylan Waters,CB,Utah,Enrolled,yes,yes,60,Vulnerable,60,Vulnerable,50.2%,49.8%,33.4%,33.4%,66.6%,0.8600,3-star,NA,6/24/2025,"Fort Bend Marshall (Missouri City, TX)",TX,Missouri City,29.562944,-95.535999,UT,40.776928,-111.930991,1204,far,city,no,176,0,0,0,0,6,3,0,0,0,0,0,0,first commitment; only commit at position; far,https://247sports.com/player/dylan-waters-46158864/
427,2025,46143582,Bradley Martino,ATH,Minnesota,Enrolled,yes,yes,71,Stable / Monitor,68.0,Stable / Monitor,50.2%,49.8%,17.5%,17.5%,82.5%,0.8971,4-star,384,6/9/2024,"First Baptist Academy (Naples, FL)",FL,Naples,26.150485,-81.795299,MN,44.963324,-93.26832,1448,far,city,no,192,1,1,0,0,7,1,0,0,0,1,0,0,early commit; prior decommit; only commit at position; far; 4-star,https://247sports.com/player/bradley-martino-46143582/
428,2025,46148818,Asher Wasserman,LB,Duke,Enrolled,yes,yes,56,Vulnerable,56,Vulnerable,50.1%,49.9%,33.4%,33.4%,66.6%,0.8639,3-star,NA,4/5/2024,"Hamden Hall (Hamden, CT)",CT,Hamden,,,NC,35.977928,-78.898109,512,regional,state,no,257,0,0,1,1,0,0,0,1,0,0,0,0,early commit; first commitment; thin position group,https://247sports.com/player/asher-wasserman-46148818/
429,2022,46083685,Chris Brooks Jr.,WR,Wisconsin,Enrolled,yes,yes,61,Vulnerable,61,Vulnerable,50.1%,49.9%,33.4%,33.4%,66.6%,0.8356,3-star,NA,2/11/2021,"St. Louis University (St. Louis, MO)",MO,St. Louis,38.635699,-90.244582,WI,43.087815,-89.429856,311,regional,city,no,307,0,0,2,2,0,0,0,0,0,0,0,0,early commit; first commitment,https://247sports.com/player/chris-brooks-jr-46083685/
430,2024,46116066,Turran Williams,S,Arizona,Signed,yes,yes,62,Vulnerable,62,Vulnerable,50.1%,49.9%,33.4%,33.4%,66.6%,0.8731,3-star,826,7/3/2023,"John Muir (Pasadena, CA)",CA,Pasadena,34.160602,-118.137954,AZ,32.153036,-110.870773,443,regional,city,no,170,0,0,0,0,5,1,0,0,0,0,0,0,first commitment; only commit at position,https://247sports.com/player/turran-williams-46116066/
431,2027,46159969,David Rushing,WR,Kansas State,Hard Commit,no,yes,51,Vulnerable,47.0,Weak / Attack,50.0%,50.0%,33.4%,55.5%,44.5%,0.8700,3-star,851,4/20/2026,"Salpointe Catholic (Tucson, AZ)",AZ,Tucson,32.153036,-110.870773,KS,39.188307,-96.605864,935,far,city,no,240,0,0,0,0,11,0,0,1,0,1,1,0,early commit; first commitment; only commit at position; far; other-school OV after commit,https://247sports.com/player/david-rushing-46159969/
432,2027,46159799,Deng Tong,WR,Kansas,Hard Commit,no,yes,56,Vulnerable,56,Vulnerable,50.0%,50.0%,33.4%,33.4%,66.6%,0.8820,3-star,588,3/12/2026,"Oak Park (Kansas City, MO)",MO,Kansas City,39.125155,-94.550313,KS,38.959551,-95.265468,40,nearby,city,no,279,0,0,0,0,7,0,0,1,2,0,0,0,early commit; first commitment; only commit at position; other-school offers after commit,https://247sports.com/player/deng-tong-46159799/
433,2024,46141409,DK Gilley,S,Rutgers,Enrolled,yes,yes,58,Vulnerable,58,Vulnerable,50.0%,50.0%,33.4%,33.4%,66.6%,0.8678,3-star,990,6/10/2023,"University Christian (Jacksonville, FL)",FL,Jacksonville,30.336864,-81.661603,NJ,40.1,-74.5,786,far,city,no,193,0,0,2,2,0,0,0,0,0,0,0,0,early commit; first commitment; far,https://247sports.com/player/dk-gilley-46141409/
434,2025,46150114,Lo'Kavion Jackson,S,Mississippi State,Enrolled,yes,yes,60,Vulnerable,48.8,Weak / Attack,49.9%,50.1%,33.4%,55.5%,44.5%,0.8617,3-star,NA,6/18/2024,"Mosley (Lynn Haven, FL)",FL,Lynn Haven,30.233571,-85.636917,MS,33.463261,-88.827796,291,regional,city,no,183,0,0,1,1,0,1,0,0,3,3,0,0,early commit; first commitment; thin position group; other-school visit after commit; other-school offers after commit,https://247sports.com/player/lokavion-jackson-46150114/
435,2027,46151663,Lee Prince Jr.,RB,West Virginia,Hard Commit,no,yes,51,Vulnerable,51,Vulnerable,49.9%,50.1%,33.4%,33.4%,66.6%,0.8750,3-star,740,4/3/2026,"Miami Carol City (Opa Locka, FL)",FL,Opa Locka,,,WV,39.637487,-79.946856,775,far,state,no,257,0,0,0,0,9,0,0,0,0,0,0,0,early commit; first commitment; only commit at position; far,https://247sports.com/player/lee-prince-jr-46151663/
436,2027,46157287,Julius LaRosa III,DL,NC State,Hard Commit,no,yes,58,Vulnerable,52.0,Vulnerable,49.9%,50.1%,33.4%,33.4%,66.6%,0.8650,3-star,NA,5/11/2026,"University Christian (Jacksonville, FL)",FL,Jacksonville,30.336864,-81.661603,NC,35.831868,-78.641042,418,regional,city,no,219,0,0,0,0,6,1,2,0,0,1,1,0,early commit; first commitment; only commit at position; other-school OV after commit,https://247sports.com/player/julius-larosa-iii-46157287/
437,2027,46162577,John Amofah Jr.,DL,Cincinnati,Hard Commit,no,yes,54,Vulnerable,54,Vulnerable,49.9%,50.1%,33.4%,33.4%,66.6%,0.8400,3-star,NA,4/18/2026,"Douglass (Atlanta, GA)",GA,Atlanta,33.762909,-84.422675,OH,39.140183,-84.505829,372,regional,city,no,242,0,0,0,0,9,0,0,0,0,0,0,0,early commit; first commitment; only commit at position,https://247sports.com/player/john-amofah-jr-46162577/
438,2023,46127849,Ricky Ahumaraeze,WR,Northwestern,Enrolled,yes,yes,57,Vulnerable,57,Vulnerable,49.9%,50.1%,33.4%,33.4%,66.6%,0.8689,3-star,863,6/22/2022,"Liberty (Liberty, MO)",MO,Liberty,39.24127,-94.419445,IL,42.046391,-87.694352,402,regional,city,no,182,0,0,0,0,4,1,0,0,0,0,0,0,early commit; first commitment; only commit at position,https://247sports.com/player/ricky-ahumaraeze-46127849/
439,2022,46058605,Isaac Thompson,S,Missouri,Enrolled,yes,yes,32,Weak / Attack,13.2,Weak / Attack,49.7%,50.3%,55.5%,55.5%,44.5%,0.9205,4-star,203,12/4/2020,"St. Louis University (St. Louis, MO)",MO,St. Louis,38.635699,-90.244582,MO,38.94729,-92.326387,114,nearby,city,yes,376,0,0,0,0,14,0,0,0,1,3,3,0,very early commit; first commitment; only commit at position; 4-star; other-school OV after commit,https://247sports.com/player/isaac-thompson-46058605/
440,2027,46159294,Luke Wilson,OT,Oklahoma,Hard Commit,no,yes,39,Weak / Attack,38.2,Weak / Attack,49.7%,50.3%,55.5%,55.5%,44.5%,0.8844,3-star,538,8/7/2025,"Southlake Carroll (Southlake, TX)",TX,Southlake,32.954493,-97.148867,OK,35.240569,-97.345299,158,nearby,city,no,496,0,0,1,1,8,0,1,0,1,0,0,0,very early commit; first commitment; thin position group; other-school offers after commit,https://247sports.com/player/luke-wilson-46159294/
441,2024,46116941,Trey Petty,QB,Illinois,Enrolled,yes,yes,55,Vulnerable,46.0,Weak / Attack,49.7%,50.3%,33.4%,55.5%,44.5%,0.8744,3-star,784,5/4/2023,"Starkville (Starkville, MS)",MS,Starkville,33.463261,-88.827796,IL,40.114099,-88.274619,461,regional,city,no,230,0,0,0,0,0,1,0,0,0,3,0,0,early commit; first commitment; only commit at position; other-school visit after commit,https://247sports.com/player/trey-petty-46116941/
442,2025,46150638,Max Hunt,TE,Pittsburgh,Enrolled,yes,yes,52,Vulnerable,52,Vulnerable,49.7%,50.3%,33.4%,33.4%,66.6%,0.8633,3-star,NA,6/8/2024,"Plant (Tampa, FL)",FL,Tampa,27.970086,-82.479673,PA,40.439936,-79.975676,873,far,city,no,193,0,0,0,0,0,1,0,0,0,0,0,0,early commit; first commitment; only commit at position; far,https://247sports.com/player/max-hunt-46150638/
443,2026,46149193,Chadwicke Cannon Jr.,DL,Duke,Enrolled,yes,yes,56,Vulnerable,56,Vulnerable,49.7%,50.3%,33.4%,33.4%,66.6%,0.8789,3-star,772,3/27/2025,"Spruce Creek (Port Orange, FL)",FL,Port Orange,29.113444,-81.013223,NC,35.977928,-78.898109,490,regional,city,no,265,0,0,1,0,0,0,0,0,0,0,0,0,early commit; first commitment; thin position group,https://247sports.com/player/chadwicke-cannon-jr-46149193/
444,2027,46145119,Bryson Thompson,WR,Iowa State,Hard Commit,no,yes,51,Vulnerable,51,Vulnerable,49.6%,50.4%,33.4%,33.4%,66.6%,0.8700,3-star,853,4/6/2026,"Claudia Taylor Johnson (San Antonio, TX)",TX,San Antonio,29.462809,-98.524635,IA,42.026327,-93.621264,910,far,city,no,254,0,0,0,0,12,0,0,1,0,0,0,0,early commit; first commitment; only commit at position; far,https://247sports.com/player/bryson-thompson-46145119/
445,2022,46094707,Jonah Coleman,RB,Arizona,Enrolled,yes,yes,59,Vulnerable,59,Vulnerable,49.6%,50.4%,33.4%,33.4%,66.6%,0.8848,3-star,494,3/1/2021,"Lincoln (Stockton, CA)",CA,Stockton,37.976553,-121.308598,AZ,32.153036,-110.870773,714,regional,city,no,289,0,0,1,1,7,0,0,0,0,0,0,0,early commit; first commitment; thin position group,https://247sports.com/player/jonah-coleman-46094707/
446,2027,46149624,Jaiden Bryant,Edge,LSU,Hard Commit,no,yes,45,Weak / Attack,29.0,Weak / Attack,49.5%,50.5%,55.5%,55.5%,44.5%,0.9903,5-star,20,1/3/2026,"Irmo (Columbia, SC)",SC,Columbia,34.040519,-80.906099,LA,30.440443,-91.133166,647,regional,city,no,347,0,0,0,0,14,0,6,1,0,3,3,0,early commit; first commitment; only commit at position; 5-star; other-school OV after commit,https://247sports.com/player/jaiden-bryant-46149624/
447,2022,46079369,Maalik Murphy,QB,Texas,Enrolled,yes,yes,47,Weak / Attack,47,Weak / Attack,49.5%,50.5%,55.5%,55.5%,44.5%,0.9292,4-star,179,2/13/2021,"Junipero Serra (Gardena, CA)",CA,Gardena,33.894417,-118.307522,TX,30.298622,-97.754134,1226,far,city,no,305,0,0,0,0,15,0,0,1,0,0,0,0,early commit; first commitment; only commit at position; far; 4-star,https://247sports.com/player/maalik-murphy-46079369/
448,2023,46129477,Anthony Donkoh,IOL,Penn State,Enrolled,yes,yes,56,Vulnerable,56,Vulnerable,49.5%,50.5%,33.4%,33.4%,66.6%,0.8926,4-star,416,1/28/2022,"Lightridge (Aldie, VA)",VA,Aldie,38.97612,-77.647985,PA,40.791039,-77.856813,126,nearby,city,no,327,0,0,1,1,4,0,0,3,0,0,0,0,early commit; first commitment; thin position group; 4-star,https://247sports.com/player/anthony-donkoh-46129477/
449,2024,46139345,Jathan Hatch,S,Louisville,Enrolled,yes,yes,57,Vulnerable,57,Vulnerable,49.5%,50.5%,33.4%,33.4%,66.6%,0.8681,3-star,977,6/19/2023,"Biggersville (Corinth, MS)",MS,Corinth,34.948353,-88.513618,KY,38.224728,-85.740614,274,regional,city,no,184,0,0,0,0,5,1,0,0,0,0,0,0,early commit; first commitment; only commit at position,https://247sports.com/player/jathan-hatch-46139345/
450,2026,46144820,Jaeden Hill,RB,Mississippi State,Enrolled,yes,yes,41,Weak / Attack,30.2,Weak / Attack,49.4%,50.6%,55.5%,55.5%,44.5%,0.8733,3-star,963,6/24/2024,"Tupelo (Tupelo, MS)",MS,Tupelo,34.270604,-88.732455,MS,33.463261,-88.827796,56,nearby,city,yes,541,0,0,1,1,11,0,0,1,9,1,1,0,very early commit; first commitment; thin position group; other-school OV after commit; other-school offers after commit,https://247sports.com/player/jaeden-hill-46144820/
451,2026,46131051,George Williams-Haseotes,IOL,Vanderbilt,Enrolled,yes,yes,56,Vulnerable,56,Vulnerable,49.4%,50.6%,33.4%,33.4%,66.6%,0.8611,3-star,NA,4/28/2025,"Community School of Naples (Naples, FL)",FL,Naples,26.150485,-81.795299,TN,35.8,-86.4,720,regional,city,no,233,0,0,1,1,0,0,0,0,0,0,0,0,early commit; first commitment; thin position group,https://247sports.com/player/george-williams-haseotes-46131051/
452,2026,46140267,Lopeti Moala,DL,BYU,Signed,yes,yes,60,Vulnerable,60,Vulnerable,49.4%,50.6%,33.4%,33.4%,66.6%,0.8979,4-star,375,6/30/2025,"Orem (Orem, UT)",UT,Orem,40.298065,-111.699445,UT,40.245312,-111.645057,5,nearby,city,yes,170,0,0,0,0,1,2,0,0,0,0,0,0,first commitment; only commit at position; 4-star,https://247sports.com/player/lopeti-moala-46140267/
453,2025,46150651,Pupu Sepulona,Edge,Utah,Enrolled,yes,yes,67,Stable / Monitor,67,Stable / Monitor,49.4%,50.6%,17.5%,17.5%,82.5%,0.8717,3-star,889,12/4/2024,"St. Louis (Honolulu, HI)",HI,Honolulu,,,UT,40.776928,-111.930991,2932,cross_country,state,no,14,0,0,0,0,0,0,0,0,0,0,0,0,first commitment; only commit at position; cross country,https://247sports.com/player/pupu-sepulona-46150651/
454,2023,46114696,Bai Jobe,Edge,Michigan State,Enrolled,yes,yes,56,Vulnerable,50.0,Vulnerable,49.3%,50.7%,33.4%,33.4%,66.6%,0.9750,4-star,55,7/7/2022,"Community Christian School (Norman, OK)",OK,Norman,35.240569,-97.345299,MI,42.748913,-84.482442,862,far,city,no,167,0,0,0,0,12,2,1,0,0,1,1,0,first commitment; only commit at position; far; 4-star; other-school OV after commit,https://247sports.com/player/bai-jobe-46114696/
455,2026,46141395,Andre Nickerson Jr.,TE,SMU,Signed,yes,yes,53,Vulnerable,53,Vulnerable,49.3%,50.7%,33.4%,33.4%,66.6%,0.8733,3-star,963,5/20/2025,"Inglewood (Inglewood, CA)",CA,Inglewood,33.956068,-118.344274,TX,32.793333,-96.766513,1245,far,city,no,211,0,0,1,1,0,0,0,0,0,0,0,0,early commit; first commitment; thin position group; far,https://247sports.com/player/andre-nickerson-jr-46141395/
456,2024,46139639,Jon Jon Kamara,LB,Kansas,Enrolled,yes,yes,53,Vulnerable,53,Vulnerable,49.3%,50.7%,33.4%,33.4%,66.6%,0.8592,3-star,NA,5/28/2023,"Desert Edge (Goodyear, AZ)",AZ,Goodyear,33.254031,-112.366472,KS,38.959551,-95.265468,1031,far,city,no,206,0,0,1,1,0,0,0,0,0,0,0,0,early commit; first commitment; thin position group; far,https://247sports.com/player/jon-jon-kamara-46139639/
457,2024,46133458,Tyler Knape,IOL,California,Enrolled,yes,yes,51,Vulnerable,42.8,Weak / Attack,49.2%,50.8%,33.4%,55.5%,44.5%,0.8483,3-star,NA,4/25/2023,"Austin Westlake (Austin, TX)",TX,Austin,30.298622,-97.754134,CA,37.865673,-122.298725,1493,far,city,no,239,0,0,0,0,8,0,0,0,3,1,1,0,early commit; first commitment; only commit at position; far; other-school OV after commit,https://247sports.com/player/tyler-knape-46133458/
458,2025,46142731,Mickey Vaccarello,LB,Stanford,Enrolled,yes,yes,52,Vulnerable,52,Vulnerable,49.2%,50.8%,33.4%,33.4%,66.6%,0.8714,3-star,897,4/17/2024,"Peters Township (Canonsburg, PA)",PA,Canonsburg,40.264246,-80.186776,CA,37.426933,-122.167741,2247,cross_country,city,no,245,0,0,1,1,5,0,0,0,0,0,0,0,early commit; first commitment; thin position group; cross country,https://247sports.com/player/mickey-vaccarello-46142731/
459,2027,46165295,Canaan Smith,IOL,Kansas State,Hard Commit,no,yes,53,Vulnerable,53,Vulnerable,49.2%,50.8%,33.4%,33.4%,66.6%,0.8550,3-star,NA,3/16/2026,"Prestonwood Christian (Plano, TX)",TX,Plano,33.050769,-96.747944,KS,39.188307,-96.605864,424,regional,city,no,275,0,0,0,0,5,0,0,1,0,0,0,0,early commit; first commitment; only commit at position,https://247sports.com/player/canaan-smith-46165295/
460,2027,46155232,Princeton Uwaifo,OT,Tennessee,Hard Commit,no,yes,27,Weak / Attack,26.0,Weak / Attack,49.1%,50.9%,55.5%,55.5%,44.5%,0.9430,4-star,129,11/2/2025,"Siegel (Murfreesboro, TN)",TN,Murfreesboro,35.853915,-86.421224,TN,35.97068,-83.94927,139,nearby,city,yes,409,0,0,0,0,0,0,5,1,0,1,0,0,very early commit; first commitment; only commit at position; 4-star; other-school visit after commit,https://247sports.com/player/princeton-uwaifo-46155232/
461,2025,46148073,Kevin Roche Jr.,TE,Georgia Tech,Enrolled,yes,yes,48,Weak / Attack,48,Weak / Attack,49.1%,50.9%,55.5%,55.5%,44.5%,0.8664,3-star,NA,6/17/2024,"Darien (Darien, CT)",CT,Darien,,,GA,33.762909,-84.422675,838,far,state,no,184,0,0,0,0,0,0,0,0,0,0,0,0,early commit; first commitment; only commit at position; far,https://247sports.com/player/kevin-roche-jr-46148073/
462,2027,46157583,Blake Gunter,WR,California,Hard Commit,no,yes,54,Vulnerable,48.0,Weak / Attack,49.1%,50.9%,33.4%,55.5%,44.5%,0.8600,3-star,NA,3/7/2026,"Southlake Carroll (Southlake, TX)",TX,Southlake,32.954493,-97.148867,CA,37.865673,-122.298725,1452,far,city,no,284,0,0,0,0,16,0,0,0,0,1,1,0,early commit; first commitment; only commit at position; far; other-school OV after commit,https://247sports.com/player/blake-gunter-46157583/
463,2023,46128330,Chapman Lewis,S,Texas Tech,Enrolled,yes,yes,63,Vulnerable,63,Vulnerable,49.1%,50.9%,33.4%,33.4%,66.6%,0.8728,3-star,777,1/30/2022,"Burleson Centennial (Burleson, TX)",TX,Burleson,32.516453,-97.327374,TX,33.561901,-101.888883,274,regional,city,yes,325,0,0,2,2,1,0,0,0,0,0,0,0,early commit; first commitment,https://247sports.com/player/chapman-lewis-46128330/
464,2022,46114770,Linus Zunk,DL,Vanderbilt,Enrolled,yes,yes,63,Vulnerable,63,Vulnerable,49.1%,50.9%,33.4%,33.4%,66.6%,0.8600,3-star,997,3/22/2021,"Rabun Gap-Nacoochee (Rabun Gap, GA)",GA,Rabun Gap,,,TN,35.8,-86.4,278,regional,state,no,268,0,0,2,2,4,0,0,1,0,0,0,0,early commit; first commitment,https://247sports.com/player/linus-zunk-46114770/
465,2022,46085524,Eli Henderson,IOL,Arkansas,Enrolled,yes,yes,43,Weak / Attack,43,Weak / Attack,49.0%,51.0%,55.5%,55.5%,44.5%,0.8637,3-star,920,8/10/2020,"Byrnes (Duncan, SC)",SC,Duncan,34.932426,-82.143688,AR,36.071455,-94.166564,680,regional,city,no,492,0,0,2,1,2,0,0,2,0,0,0,0,very early commit; first commitment,https://247sports.com/player/eli-henderson-46085524/
466,2022,46080514,James Jointer Jr.,RB,Arkansas,Enrolled,yes,yes,53,Vulnerable,53,Vulnerable,49.0%,51.0%,33.4%,33.4%,66.6%,0.8774,3-star,618,3/6/2021,"Parkview Magnet (Little Rock, AR)",AR,Little Rock,34.725393,-92.358556,AR,36.071455,-94.166564,138,nearby,city,yes,284,0,0,0,0,0,0,0,0,0,0,0,0,early commit; first commitment; only commit at position,https://247sports.com/player/james-jointer-jr-46080514/
467,2024,46130377,Bryant Wesco Jr.,WR,Clemson,Enrolled,yes,yes,54,Vulnerable,54,Vulnerable,49.0%,51.0%,33.4%,33.4%,66.6%,0.9782,4-star,48,6/6/2023,"Midlothian (Midlothian, TX)",TX,Midlothian,32.469436,-96.99067,SC,34.683564,-82.810575,830,far,city,no,197,0,0,2,1,0,0,0,0,0,0,0,0,early commit; first commitment; far; 4-star,https://247sports.com/player/bryant-wesco-jr-46130377/
468,2024,46111820,DJ Lagway,QB,Florida,Enrolled,yes,yes,21,Weak / Attack,21,Weak / Attack,48.9%,51.1%,55.5%,55.5%,44.5%,0.9964,5-star,7,12/7/2022,"Willis (Willis, TX)",TX,Willis,30.434166,-95.484207,FL,29.679537,-82.346793,787,far,city,no,378,0,0,0,0,1,0,12,7,0,0,0,0,very early commit; first commitment; only commit at position; far; 5-star,https://247sports.com/player/dj-lagway-46111820/
469,2026,46137781,Noah Grubbs,QB,Notre Dame,Enrolled,yes,yes,30,Weak / Attack,29.2,Weak / Attack,48.9%,51.1%,55.5%,55.5%,44.5%,0.8931,4-star,450,6/1/2024,"Lake Mary (Lake Mary, FL)",FL,Lake Mary,28.759104,-81.332813,IN,41.700283,-86.238679,936,far,city,no,564,0,0,1,1,15,0,4,0,1,0,0,0,very early commit; first commitment; thin position group; far; 4-star,https://247sports.com/player/noah-grubbs-46137781/
470,2026,46141474,Ryder Mix,TE,Oklahoma,Enrolled,yes,yes,41,Weak / Attack,34.2,Weak / Attack,48.9%,51.1%,55.5%,55.5%,44.5%,0.8733,3-star,963,6/15/2024,"Frisco Lone Star (Frisco, TX)",TX,Frisco,33.155427,-96.822596,OK,35.240569,-97.345299,147,nearby,city,no,550,0,0,1,1,13,0,0,0,9,0,0,0,very early commit; first commitment; thin position group; other-school offers after commit,https://247sports.com/player/ryder-mix-46141474/
471,2023,46098809,CJ Baxter,RB,Texas,Enrolled,yes,yes,51,Vulnerable,51,Vulnerable,48.9%,51.1%,33.4%,33.4%,66.6%,0.9889,5-star,23,8/10/2022,"Edgewater (Orlando, FL)",FL,Orlando,28.40865,-81.254805,TX,30.298622,-97.754134,1001,far,city,no,133,0,0,1,0,0,0,0,0,0,0,0,0,first commitment; thin position group; far; 5-star,https://247sports.com/player/cj-baxter-46098809/
472,2024,46117529,Isaiah Crumpler,WR,Rutgers,Enrolled,yes,yes,51,Vulnerable,51,Vulnerable,48.9%,51.1%,33.4%,33.4%,66.6%,0.8642,3-star,NA,5/5/2023,"D H Conley (Greenville, NC)",NC,Greenville,35.596431,-77.375256,NJ,40.1,-74.5,348,regional,city,no,229,0,0,0,0,5,0,1,0,0,0,0,0,early commit; first commitment; only commit at position,https://247sports.com/player/isaiah-crumpler-46117529/
473,2025,46146426,Zack Harden,S,Minnesota,Enrolled,yes,yes,53,Vulnerable,53,Vulnerable,48.9%,51.1%,33.4%,33.4%,66.6%,0.8672,3-star,NA,3/23/2024,"Newton (Covington, GA)",GA,Covington,33.605439,-83.846634,MN,44.963324,-93.26832,931,far,city,no,270,0,0,1,0,0,0,0,0,0,0,0,0,early commit; first commitment; thin position group; far,https://247sports.com/player/zack-harden-46146426/
474,2024,46142305,Quentin Clark,LB,Indiana,Enrolled,yes,yes,60,Vulnerable,60,Vulnerable,48.9%,51.1%,33.4%,33.4%,66.6%,0.8675,3-star,NA,6/26/2023,"West Laurens (Dublin, GA)",GA,Dublin,32.535471,-82.928807,IN,39.1637,-86.524264,500,regional,city,no,177,0,0,0,0,0,2,0,0,0,0,0,0,first commitment; only commit at position,https://247sports.com/player/quentin-clark-46142305/
475,2022,46113314,Moso'oipala Tuitele,Edge,California,Enrolled,yes,yes,53,Vulnerable,53,Vulnerable,48.8%,51.2%,33.4%,33.4%,66.6%,0.8522,3-star,NA,6/14/2021,"Regis Jesuit (Aurora, CO)",CO,Aurora,39.709537,-104.720509,CA,37.865673,-122.298725,954,far,city,no,184,0,0,1,1,0,0,0,0,0,0,0,0,early commit; first commitment; thin position group; far,https://247sports.com/player/mosooipala-tuitele-46113314/
476,2022,46097287,Tyson Ford,DL,Notre Dame,Enrolled,yes,yes,55,Vulnerable,54.8,Vulnerable,48.8%,51.2%,33.4%,33.4%,66.6%,0.9516,4-star,120,1/18/2021,"John Burroughs School (St. Louis, MO)",MO,St. Louis,38.635699,-90.244582,IN,41.700283,-86.238679,299,regional,city,no,331,0,0,1,0,11,0,0,1,3,0,0,0,early commit; first commitment; thin position group; 4-star; other-school offers after commit,https://247sports.com/player/tyson-ford-46097287/
477,2025,46138201,JJ Shelton,LB,Arkansas,Enrolled,yes,yes,56,Vulnerable,56,Vulnerable,48.8%,51.2%,33.4%,33.4%,66.6%,0.8753,3-star,769,4/15/2024,"South Oak Cliff (Dallas, TX)",TX,Dallas,32.793333,-96.766513,AR,36.071455,-94.166564,271,regional,city,no,247,0,0,1,1,0,0,0,0,0,0,0,0,early commit; first commitment; thin position group,https://247sports.com/player/jj-shelton-46138201/
478,2024,46138454,Charles Anderson Jr.,DL,Texas Tech,Enrolled,yes,yes,56,Vulnerable,56,Vulnerable,48.8%,51.2%,33.4%,33.4%,66.6%,0.8714,3-star,879,6/18/2023,"Pearland Dawson (Pearland, TX)",TX,Pearland,29.555732,-95.323012,TX,33.561901,-101.888883,475,regional,city,yes,185,0,0,1,1,0,0,0,0,0,0,0,0,early commit; first commitment; thin position group,https://247sports.com/player/charles-anderson-jr-46138454/
479,2023,46116621,Manny Covey,RB,Cincinnati,Enrolled,yes,yes,57,Vulnerable,56.2,Vulnerable,48.8%,51.2%,33.4%,33.4%,66.6%,0.8772,3-star,668,6/4/2022,"Bradford (Starke, FL)",FL,Starke,29.947452,-82.112885,OH,39.140183,-84.505829,650,regional,city,no,200,0,0,0,0,5,1,0,0,1,0,0,0,early commit; first commitment; only commit at position; other-school offers after commit,https://247sports.com/player/manny-covey-46116621/
480,2024,46109421,Wallace Foster IV,CB,LSU,Enrolled,yes,yes,43,Weak / Attack,43,Weak / Attack,48.7%,51.3%,55.5%,55.5%,44.5%,0.8744,3-star,784,11/19/2022,"Warren Easton (New Orleans, LA)",LA,New Orleans,30.05342,-89.934502,LA,30.440443,-91.133166,76,nearby,city,yes,396,0,0,2,2,0,0,0,0,0,0,0,0,very early commit; first commitment,https://247sports.com/player/wallace-foster-iv-46109421/
481,2025,46146659,Daeshon Morgan,DL,Arizona State,Enrolled,yes,yes,60,Vulnerable,60,Vulnerable,48.7%,51.3%,33.4%,33.4%,66.6%,0.8669,3-star,NA,7/8/2024,"Austin Vandegrift (Austin, TX)",TX,Austin,30.298622,-97.754134,AZ,33.388414,-111.931782,858,far,city,no,163,0,0,0,0,10,2,0,0,0,0,0,0,first commitment; only commit at position; far,https://247sports.com/player/daeshon-morgan-46146659/
482,2025,46138587,Bryce Baker,QB,North Carolina,Enrolled,yes,yes,32,Weak / Attack,27.2,Weak / Attack,48.6%,51.4%,55.5%,55.5%,44.5%,0.9549,4-star,86,6/27/2023,"East Forsyth (Kernersville, NC)",NC,Kernersville,36.106171,-80.081895,NC,35.928328,-79.041375,59,nearby,city,yes,540,0,0,1,0,0,0,2,1,1,1,1,0,very early commit; first commitment; thin position group; 4-star; other-school OV after commit,https://247sports.com/player/bryce-baker-46138587/
483,2027,46142377,Andrew Beard,RB,Florida,Hard Commit,no,yes,48,Weak / Attack,32.0,Weak / Attack,48.6%,51.4%,55.5%,55.5%,44.5%,0.9366,4-star,154,5/8/2026,"Prince Avenue Christian School (Bogart, GA)",GA,Bogart,33.947625,-83.533749,FL,29.679537,-82.346793,303,regional,city,no,222,0,0,0,0,9,0,1,1,0,3,3,0,early commit; first commitment; only commit at position; 4-star; other-school OV after commit,https://247sports.com/player/andrew-beard-46142377/
484,2026,46138371,Tiki Hola,DL,Notre Dame,Enrolled,yes,yes,50,Vulnerable,40.0,Weak / Attack,48.6%,51.4%,33.4%,55.5%,44.5%,0.8976,4-star,388,5/10/2025,"Bastrop (Bastrop, TX)",TX,Bastrop,30.1111,-97.318152,IN,41.700283,-86.238679,1011,far,city,no,221,0,0,1,1,12,0,1,1,0,2,2,0,early commit; first commitment; thin position group; far; 4-star,https://247sports.com/player/tiki-hola-46138371/
485,2022,46109462,Derrell Johnson II,IOL,Wake Forest,Enrolled,yes,yes,56,Vulnerable,56,Vulnerable,48.6%,51.4%,33.4%,33.4%,66.6%,0.8652,3-star,878,6/21/2021,"Riverside (Jacksonville, FL)",FL,Jacksonville,30.336864,-81.661603,NC,36.102863,-80.260829,407,regional,city,no,177,0,0,0,0,0,0,0,0,0,0,0,0,first commitment; only commit at position,https://247sports.com/player/derrell-johnson-ii-46109462/
486,2025,46146177,Monterrio Elston Jr.,RB,Kansas State,Enrolled,yes,yes,56,Vulnerable,56,Vulnerable,48.6%,51.4%,33.4%,33.4%,66.6%,0.8583,3-star,NA,7/6/2024,"Parkview Magnet (Little Rock, AR)",AR,Little Rock,34.725393,-92.358556,KS,39.188307,-96.605864,387,regional,city,no,165,0,0,0,0,0,0,0,0,0,0,0,0,first commitment; only commit at position,https://247sports.com/player/monterrio-elston-jr-46146177/
487,2024,46112800,Jason Brown Jr.,RB,Arizona State,Enrolled,yes,yes,66,Stable / Monitor,66,Stable / Monitor,48.6%,51.4%,17.5%,17.5%,82.5%,0.9076,4-star,292,12/5/2023,"O'Dea (Seattle, WA)",WA,Seattle,47.619335,-122.351538,AZ,33.388414,-111.931782,1123,far,city,no,15,0,0,0,0,0,0,0,0,0,0,0,0,first commitment; only commit at position; far; 4-star,https://247sports.com/player/jason-brown-jr-46112800/
488,2027,46159000,KD Jones,IOL,Nebraska,Hard Commit,no,yes,55,Vulnerable,37.0,Weak / Attack,48.5%,51.5%,33.4%,55.5%,44.5%,0.8800,3-star,608,5/21/2026,"Grayson (Loganville, GA)",GA,Loganville,33.836502,-83.896135,NE,40.810284,-96.674856,850,far,city,no,209,0,0,1,1,2,0,0,0,0,3,3,0,early commit; first commitment; thin position group; far; other-school OV after commit,https://247sports.com/player/kd-jones-46159000/
489,2024,46117223,Jack Larsen,TE,Notre Dame,Enrolled,yes,yes,31,Weak / Attack,31,Weak / Attack,48.4%,51.6%,55.5%,55.5%,44.5%,0.8900,4-star,481,6/24/2022,"Charlotte Catholic (Charlotte, NC)",NC,Charlotte,35.209045,-80.83099,IN,41.700283,-86.238679,535,regional,city,no,544,0,0,0,0,20,0,2,0,0,0,0,0,very early commit; first commitment; only commit at position; 4-star,https://247sports.com/player/jack-larsen-46117223/
490,2023,46085451,Aaron Williams,CB,Louisville,Enrolled,yes,yes,42,Weak / Attack,42,Weak / Attack,48.4%,51.6%,55.5%,55.5%,44.5%,0.9238,4-star,201,4/14/2022,"St. John Bosco (Bellflower, CA)",CA,Bellflower,33.887821,-118.12725,KY,38.224728,-85.740614,1824,cross_country,city,no,251,0,0,0,0,15,0,1,2,0,0,0,0,early commit; first commitment; only commit at position; cross country; 4-star,https://247sports.com/player/aaron-williams-46085451/
491,2024,46117707,Walker White,QB,Auburn,Enrolled,yes,yes,48,Weak / Attack,48,Weak / Attack,48.4%,51.6%,55.5%,55.5%,44.5%,0.9497,4-star,107,2/3/2023,"Little Rock Christian Academy (Little Rock, AR)",AR,Little Rock,34.725393,-92.358556,AL,32.607806,-85.494746,421,regional,city,no,320,0,0,0,0,8,0,3,6,0,0,0,0,early commit; first commitment; only commit at position; 4-star,https://247sports.com/player/walker-white-46117707/
492,2022,46086180,Steve Angeli,QB,Notre Dame,Enrolled,yes,yes,50,Vulnerable,50,Vulnerable,48.4%,51.6%,33.4%,33.4%,66.6%,0.8962,4-star,365,3/4/2021,"Bergen Catholic (Oradell, NJ)",NJ,Oradell,40.956653,-74.032862,IN,41.700283,-86.238679,635,regional,city,no,286,0,0,0,0,8,0,0,1,0,0,0,0,early commit; first commitment; only commit at position; 4-star,https://247sports.com/player/steve-angeli-46086180/
493,2027,46159309,Isaiah Hansen,RB,Iowa State,Hard Commit,no,yes,51,Vulnerable,51,Vulnerable,48.4%,51.6%,33.4%,33.4%,66.6%,0.8905,4-star,437,3/4/2026,"Newton (Newton, IA)",IA,Newton,41.696337,-93.040512,IA,42.026327,-93.621264,38,nearby,city,yes,287,0,0,0,0,2,0,0,1,0,0,0,0,early commit; first commitment; only commit at position; 4-star,https://247sports.com/player/isaiah-hansen-46159309/
494,2025,46146428,Torian Chester,IOL,Pittsburgh,Enrolled,yes,yes,58,Vulnerable,58,Vulnerable,48.4%,51.6%,33.4%,33.4%,66.6%,0.8600,3-star,NA,6/22/2024,"Westover (Albany, GA)",GA,Albany,31.578117,-84.176224,PA,40.439936,-79.975676,656,regional,city,no,179,0,0,0,0,1,0,0,0,0,0,0,0,first commitment; only commit at position,https://247sports.com/player/torian-chester-46146428/
495,2024,46137562,Evan Bennett,LB,North Carolina,Enrolled,yes,yes,63,Vulnerable,63,Vulnerable,48.4%,51.6%,33.4%,33.4%,66.6%,0.8697,3-star,928,1/23/2023,"Gatewood School (Eatonton, GA)",GA,Eatonton,33.325821,-83.388862,NC,35.928328,-79.041375,306,regional,city,no,331,0,0,2,2,1,0,0,0,0,0,0,0,early commit; first commitment,https://247sports.com/player/evan-bennett-46137562/
496,2024,46133806,Patrick Schaller,TE,Northwestern,Enrolled,yes,yes,35,Weak / Attack,35,Weak / Attack,48.3%,51.7%,55.5%,55.5%,44.5%,0.8689,3-star,947,11/13/2022,"Glenbrook North (Northbrook, IL)",IL,Northbrook,42.128745,-87.835162,IL,42.046391,-87.694352,9,nearby,city,yes,402,0,0,0,0,2,0,0,0,0,0,0,0,very early commit; first commitment; only commit at position,https://247sports.com/player/patrick-schaller-46133806/
497,2026,46142263,Jacob Smith,QB,NC State,Enrolled,yes,yes,36,Weak / Attack,36,Weak / Attack,48.3%,51.7%,55.5%,55.5%,44.5%,0.8522,3-star,NA,8/6/2024,"Reagan (Pfafftown, NC)",NC,Pfafftown,,,NC,35.831868,-78.641042,45,nearby,state,yes,498,0,0,0,0,6,0,0,1,0,0,0,0,very early commit; first commitment; only commit at position,https://247sports.com/player/jacob-smith-46142263/
498,2027,46158899,Isaiah Stephens,RB,North Carolina,Hard Commit,no,yes,51,Vulnerable,47.0,Weak / Attack,48.3%,51.7%,33.4%,55.5%,44.5%,0.8600,3-star,NA,3/28/2026,"Sheridan (Sheridan, AR)",AR,Sheridan,34.321575,-92.443067,NC,35.928328,-79.041375,765,far,city,no,263,0,0,0,0,9,0,0,1,0,1,1,0,early commit; first commitment; only commit at position; far; other-school OV after commit,https://247sports.com/player/isaiah-stephens-46158899/
499,2023,46110469,Alex Sanford Jr.,LB,Arkansas,Enrolled,yes,yes,56,Vulnerable,56,Vulnerable,48.3%,51.7%,33.4%,33.4%,66.6%,0.8728,3-star,777,6/26/2022,"Oxford (Oxford, MS)",MS,Oxford,34.351262,-89.536981,AR,36.071455,-94.166564,287,regional,city,no,178,0,0,0,0,0,0,0,0,0,0,0,0,first commitment; only commit at position,https://247sports.com/player/alex-sanford-jr-46110469/
500,2024,46131957,Callahan Blair,Edge,Vanderbilt,Enrolled,yes,yes,56,Vulnerable,56,Vulnerable,48.3%,51.7%,33.4%,33.4%,66.6%,0.8572,3-star,NA,3/5/2023,"Calvary Christian (Clearwater, FL)",FL,Clearwater,27.979419,-82.771256,TN,35.8,-86.4,581,regional,city,no,290,0,0,1,1,3,0,1,0,0,0,0,0,early commit; first commitment; thin position group,https://247sports.com/player/callahan-blair-46131957/
